Name,SpawnType,Map,X,Y,Width,Height,CentreX,CentreY,CentreZ,Range,MaxCount,MinDelay,MaxDelay,DelayInSec,Duration,DespawnTime,ProximityRange,ProximityTriggerSound,TriggerProbability,InContainer,MinRefractory,MaxRefractory,TODStart,TODEnd,TODMode,KillReset,ExternalTriggering,SequentialSpawning,AllowGhostTriggering,AllowNPCTriggering,SpawnOnTrigger,SmartSpawning,Team,Amount,IsGroup,IsRunning,IsHomeRangeRelative,Objects2,ProximityTriggerMessage,IsHardCoded
dio-bootybay-001,custom,IslesDread,32,690,52,52,58,716,0,5,60,30,60,FALSE,0,0,-1,500,1,FALSE,0,0,0,0,0,1,FALSE,-1,FALSE,FALSE,FALSE,FALSE,0,1,FALSE,TRUE,TRUE,Evilpirate/name/Pirate/title//hitsmaxseed/300/hits/300/damagemax/100/damagemin/50/hue/0:MX=50:SB=0:RT=0:TO=0:KL=0:RK=0:CA=1:DN=-1:DX=-1:SP=1:PR=-1:OBJ=UrcBowman/name/Scallywag/title//damagemax/200/damagemin/100:MX=10:SB=0:RT=0:TO=0:KL=0:RK=0:CA=1:DN=-1:DX=-1:SP=1:PR=-1,,TRUE
dio-bootybay-002,custom,IslesDread,67,691,0,0,67,691,20,0,1,30,60,FALSE,0,0,-1,500,1,FALSE,0,0,0,0,0,1,FALSE,-1,FALSE,FALSE,FALSE,FALSE,0,1,FALSE,TRUE,TRUE,"piratecaptain/name/Captain Swag/title//hitsmaxseed/900/hits/900/damagemax/150/damagemin/100/ADD/<simplenote/name/Message from Blackbart Roberts/notestring/Arg, matey! I be taking me ship and crew across the worlds on the Jolly Roger! At any time I could be on any world, pillaging the seas!/titlestring/Location of the Jolly Roger>:MX=1:SB=0:RT=0:TO=0:KL=0:RK=0:CA=1:DN=-1:DX=-1:SP=1:PR=-1",,TRUE
dio-bootybay-003,standard,IslesDread,28,687,60,60,58,717,0,5,40,25,30,FALSE,0,0,-1,500,1,FALSE,0,0,0,0,0,1,FALSE,-1,FALSE,FALSE,FALSE,FALSE,0,1,FALSE,TRUE,TRUE,DungeonChest:MX=40:SB=0:RT=0:TO=0:KL=0:RK=0:CA=1:DN=-1:DX=-1:SP=1:PR=-1,,
dio-castledio-001,custom,Sosaria,6017,2372,0,0,6017,2372,0,0,1,720,1440,FALSE,0,0,-1,500,1,FALSE,0,0,0,0,0,1,FALSE,-1,FALSE,FALSE,FALSE,FALSE,0,1,FALSE,TRUE,TRUE,servicedroid/name/Mana Golem/title//hitsmaxseed/1000/hits/1000/damagemax/100/damagemin/50/fightmode/evil/direction/south:MX=1:SB=0:RT=0:TO=0:KL=0:RK=0:CA=1:DN=-1:DX=-1:SP=1:PR=-1,,TRUE
dio-castledio-002,custom,Sosaria,6017,2335,0,0,6017,2335,0,0,1,720,1440,FALSE,0,0,-1,500,1,FALSE,0,0,0,0,0,1,FALSE,-1,FALSE,FALSE,FALSE,FALSE,0,1,FALSE,TRUE,TRUE,servicedroid/name/Mana Golem/title//hitsmaxseed/1000/hits/1000/damagemax/100/damagemin/50/fightmode/evil/direction/south:MX=1:SB=0:RT=0:TO=0:KL=0:RK=0:CA=1:DN=-1:DX=-1:SP=1:PR=-1,,TRUE
dio-castledio-003,custom,Sosaria,6018,2293,0,0,6018,2293,0,0,1,60,120,FALSE,0,0,-1,500,1,FALSE,0,0,0,0,0,1,FALSE,-1,FALSE,FALSE,FALSE,FALSE,0,1,FALSE,TRUE,TRUE,watcher/name/Dio's Monster/title//hitsmaxseed/7000/hits/7000/tamable/false/damagemax/280/damagemin/200/energyresistseed/100:MX=1:SB=0:RT=0:TO=0:KL=0:RK=0:CA=1:DN=-1:DX=-1:SP=1:PR=-1,,TRUE
dio-castledio-004,custom,Sosaria,5996,2342,0,0,5996,2342,0,0,1,720,1440,FALSE,0,0,-1,500,1,FALSE,0,0,0,0,0,1,FALSE,-1,FALSE,FALSE,FALSE,FALSE,0,1,FALSE,TRUE,TRUE,servicedroid/name/Mana Golem/title//hitsmaxseed/1000/hits/1000/damagemax/100/damagemin/50/fightmode/evil/direction/south:MX=1:SB=0:RT=0:TO=0:KL=0:RK=0:CA=1:DN=-1:DX=-1:SP=1:PR=-1,,TRUE
dio-castledio-005,standard,Sosaria,6059,2388,0,0,6059,2388,0,0,1,5,30,FALSE,0,0,-1,500,1,FALSE,0,0,0,0,0,1,FALSE,-1,FALSE,FALSE,FALSE,FALSE,0,1,FALSE,TRUE,TRUE,VampirePrince:MX=1:SB=0:RT=0:TO=0:KL=0:RK=0:CA=1:DN=-1:DX=-1:SP=1:PR=-1,,
dio-castledio-006,standard,Sosaria,6038,2383,0,0,6038,2383,0,0,1,5,30,FALSE,0,0,-1,500,1,FALSE,0,0,0,0,0,1,FALSE,-1,FALSE,FALSE,FALSE,FALSE,0,1,FALSE,TRUE,TRUE,SkeletalKnight:MX=1:SB=0:RT=0:TO=0:KL=0:RK=0:CA=1:DN=-1:DX=-1:SP=1:PR=-1,,
dio-castledio-007,standard,Sosaria,6051,2389,,0,6051,2389,0,0,1,5,30,FALSE,0,0,-1,500,1,FALSE,0,0,0,0,0,1,FALSE,-1,FALSE,FALSE,FALSE,FALSE,0,1,FALSE,TRUE,TRUE,ZombieMage:MX=1:SB=0:RT=0:TO=0:KL=0:RK=0:CA=1:DN=-1:DX=-1:SP=1:PR=-1,,
dio-castledio-008,standard,Sosaria,6085,2404,0,0,6085,2404,0,0,1,5,30,FALSE,0,0,-1,500,1,FALSE,0,0,0,0,0,1,FALSE,-1,FALSE,FALSE,FALSE,FALSE,0,1,FALSE,TRUE,TRUE,Dracolich:MX=1:SB=0:RT=0:TO=0:KL=0:RK=0:CA=1:DN=-1:DX=-1:SP=1:PR=-1,,
dio-castledio-009,standard,Sosaria,6080,2360,0,0,6080,2360,0,0,1,5,30,FALSE,0,0,-1,500,1,FALSE,0,0,0,0,0,1,FALSE,-1,FALSE,FALSE,FALSE,FALSE,0,1,FALSE,TRUE,TRUE,SeaGhost:MX=1:SB=0:RT=0:TO=0:KL=0:RK=0:CA=1:DN=-1:DX=-1:SP=1:PR=-1,,
dio-castledio-010,standard,Sosaria,6080,2381,0,0,6080,2381,0,0,1,5,30,FALSE,0,0,-1,500,1,FALSE,0,0,0,0,0,1,FALSE,-1,FALSE,FALSE,FALSE,FALSE,0,1,FALSE,TRUE,TRUE,DeadWizard:MX=1:SB=0:RT=0:TO=0:KL=0:RK=0:CA=1:DN=-1:DX=-1:SP=1:PR=-1,,
dio-castledio-011,standard,Sosaria,6038,2355,0,0,6038,2355,0,0,1,5,30,FALSE,0,0,-1,500,1,FALSE,0,0,0,0,0,1,FALSE,-1,FALSE,FALSE,FALSE,FALSE,0,1,FALSE,TRUE,TRUE,SkeletalSamurai:MX=1:SB=0:RT=0:TO=0:KL=0:RK=0:CA=1:DN=-1:DX=-1:SP=1:PR=-1,,
dio-castledio-012,standard,Sosaria,5961,2294,0,0,5961,2294,0,0,1,5,30,FALSE,0,0,-1,500,1,FALSE,0,0,0,0,0,1,FALSE,-1,FALSE,FALSE,FALSE,FALSE,0,1,FALSE,TRUE,TRUE,DeepSeaGiant:MX=1:SB=0:RT=0:TO=0:KL=0:RK=0:CA=1:DN=-1:DX=-1:SP=1:PR=-1,,
dio-castledio-013,standard,Sosaria,6050,2401,0,0,6050,2401,0,0,1,5,30,FALSE,0,0,-1,500,1,FALSE,0,0,0,0,0,1,FALSE,-1,FALSE,FALSE,FALSE,FALSE,0,1,FALSE,TRUE,TRUE,GargoyleBones:MX=1:SB=0:RT=0:TO=0:KL=0:RK=0:CA=1:DN=-1:DX=-1:SP=1:PR=-1,,
dio-castledio-014,standard,Sosaria,6080,2368,0,0,6080,2368,0,0,1,5,30,FALSE,0,0,-1,500,1,FALSE,0,0,0,0,0,1,FALSE,-1,FALSE,FALSE,FALSE,FALSE,0,1,FALSE,TRUE,TRUE,Spirit:MX=1:SB=0:RT=0:TO=0:KL=0:RK=0:CA=1:DN=-1:DX=-1:SP=1:PR=-1,,
dio-castledio-015,standard,Sosaria,6071,2381,0,0,6071,2381,0,0,1,5,30,FALSE,0,0,-1,500,1,FALSE,0,0,0,0,0,1,FALSE,-1,FALSE,FALSE,FALSE,FALSE,0,1,FALSE,TRUE,TRUE,Vampire:MX=1:SB=0:RT=0:TO=0:KL=0:RK=0:CA=1:DN=-1:DX=-1:SP=1:PR=-1,,
dio-castledio-016,standard,Sosaria,5963,2336,0,0,5963,2336,0,0,1,5,30,FALSE,0,0,-1,500,1,FALSE,0,0,0,0,0,1,FALSE,-1,FALSE,FALSE,FALSE,FALSE,0,1,FALSE,TRUE,TRUE,ancientcyclops:MX=1:SB=0:RT=0:TO=0:KL=0:RK=0:CA=1:DN=-1:DX=-1:SP=1:PR=-1,,
dio-castledio-017,standard,Sosaria,5948,2283,0,0,5948,2283,0,0,1,5,30,FALSE,0,0,-1,500,1,FALSE,0,0,0,0,0,1,FALSE,-1,FALSE,FALSE,FALSE,FALSE,0,1,FALSE,TRUE,TRUE,StormGiant:MX=1:SB=0:RT=0:TO=0:KL=0:RK=0:CA=1:DN=-1:DX=-1:SP=1:PR=-1,,
dio-castledio-018,standard,Sosaria,5948,2274,0,0,5948,2274,0,0,1,5,30,FALSE,0,0,-1,500,1,FALSE,0,0,0,0,0,1,FALSE,-1,FALSE,FALSE,FALSE,FALSE,0,1,FALSE,TRUE,TRUE,forestgiant:MX=1:SB=0:RT=0:TO=0:KL=0:RK=0:CA=1:DN=-1:DX=-1:SP=1:PR=-1,,
dio-castledio-019,standard,Sosaria,6062,2404,0,0,6062,2404,0,0,1,5,30,FALSE,0,0,-1,500,1,FALSE,0,0,0,0,0,1,FALSE,-1,FALSE,FALSE,FALSE,FALSE,0,1,FALSE,TRUE,TRUE,SkeletalDragon:MX=1:SB=0:RT=0:TO=0:KL=0:RK=0:CA=1:DN=-1:DX=-1:SP=1:PR=-1,,
dio-castledio-020,standard,Sosaria,6038,2392,0,0,6038,2392,0,0,1,5,30,FALSE,0,0,-1,500,1,FALSE,0,0,0,0,0,1,FALSE,-1,FALSE,FALSE,FALSE,FALSE,0,1,FALSE,TRUE,TRUE,AncientLich:MX=1:SB=0:RT=0:TO=0:KL=0:RK=0:CA=1:DN=-1:DX=-1:SP=1:PR=-1,,
dio-castledio-021,standard,Sosaria,6057,2367,0,0,6057,2367,0,0,1,5,30,FALSE,0,0,-1,500,1,FALSE,0,0,0,0,0,1,FALSE,-1,FALSE,FALSE,FALSE,FALSE,0,1,FALSE,TRUE,TRUE,DarkUnicorn:MX=1:SB=0:RT=0:TO=0:KL=0:RK=0:CA=1:DN=-1:DX=-1:SP=1:PR=-1,,
dio-castledio-022,standard,Sosaria,6080,2374,0,0,6080,2374,0,0,1,5,30,FALSE,0,0,-1,500,1,FALSE,0,0,0,0,0,1,FALSE,-1,FALSE,FALSE,FALSE,FALSE,0,1,FALSE,TRUE,TRUE,Undead:MX=1:SB=0:RT=0:TO=0:KL=0:RK=0:CA=1:DN=-1:DX=-1:SP=1:PR=-1,,
dio-castledio-023,standard,Sosaria,5962,2304,0,0,5962,2304,0,0,1,5,30,FALSE,0,0,-1,500,1,FALSE,0,0,0,0,0,1,FALSE,-1,FALSE,FALSE,FALSE,FALSE,0,1,FALSE,TRUE,TRUE,JungleGiant:MX=1:SB=0:RT=0:TO=0:KL=0:RK=0:CA=1:DN=-1:DX=-1:SP=1:PR=-1,,
dio-castledio-024,standard,Sosaria,6038,2402,0,0,6038,2402,0,0,1,5,30,FALSE,0,0,-1,500,1,FALSE,0,0,0,0,0,1,FALSE,-1,FALSE,FALSE,FALSE,FALSE,0,1,FALSE,TRUE,TRUE,SkeletalGargoyle:MX=1:SB=0:RT=0:TO=0:KL=0:RK=0:CA=1:DN=-1:DX=-1:SP=1:PR=-1,,
dio-castledio-025,standard,Sosaria,5961,2314,0,0,5961,2314,0,0,1,5,30,FALSE,0,0,-1,500,1,FALSE,0,0,0,0,0,1,FALSE,-1,FALSE,FALSE,FALSE,FALSE,0,1,FALSE,TRUE,TRUE,ancientwyvern:MX=1:SB=0:RT=0:TO=0:KL=0:RK=0:CA=1:DN=-1:DX=-1:SP=1:PR=-1,,
dio-castledio-026,standard,Sosaria,6080,2388,0,0,6080,2388,0,0,1,5,30,FALSE,0,0,-1,500,1,FALSE,0,0,0,0,0,1,FALSE,-1,FALSE,FALSE,FALSE,FALSE,0,1,FALSE,TRUE,TRUE,DeadKnight:MX=1:SB=0:RT=0:TO=0:KL=0:RK=0:CA=1:DN=-1:DX=-1:SP=1:PR=-1,,
dio-castledio-027,standard,Sosaria,5961,2326,0,0,5961,2326,0,0,1,5,30,FALSE,0,0,-1,500,1,FALSE,0,0,0,0,0,1,FALSE,-1,FALSE,FALSE,FALSE,FALSE,0,1,FALSE,TRUE,TRUE,PrimevalSilverDragon:MX=1:SB=0:RT=0:TO=0:KL=0:RK=0:CA=1:DN=-1:DX=-1:SP=1:PR=-1,,
dio-castledio-028,standard,Sosaria,6051,2360,0,0,6051,2360,0,0,1,5,30,FALSE,0,0,-1,500,1,FALSE,0,0,0,0,0,1,FALSE,-1,FALSE,FALSE,FALSE,FALSE,0,1,FALSE,TRUE,TRUE,wailingbanshee:MX=1:SB=0:RT=0:TO=0:KL=0:RK=0:CA=1:DN=-1:DX=-1:SP=1:PR=-1,,
dio-castledio-029,standard,Sosaria,5962,2284,0,0,5962,2284,0,0,1,5,30,FALSE,0,0,-1,500,1,FALSE,0,0,0,0,0,1,FALSE,-1,FALSE,FALSE,FALSE,FALSE,0,1,FALSE,TRUE,TRUE,AbyssGiant:MX=1:SB=0:RT=0:TO=0:KL=0:RK=0:CA=1:DN=-1:DX=-1:SP=1:PR=-1,,
dio-castledio-030,standard,Sosaria,6086,2335,0,0,6086,2335,0,0,1,5,30,FALSE,0,0,-1,500,1,FALSE,0,0,0,0,0,1,FALSE,-1,FALSE,FALSE,FALSE,FALSE,0,1,FALSE,TRUE,TRUE,HellBeast:MX=1:SB=0:RT=0:TO=0:KL=0:RK=0:CA=1:DN=-1:DX=-1:SP=1:PR=-1,,
dio-castledio-031,standard,Sosaria,6052,2381,0,0,6052,2381,0,0,1,5,30,FALSE,0,0,-1,500,1,FALSE,0,0,0,0,0,1,FALSE,-1,FALSE,FALSE,FALSE,FALSE,0,1,FALSE,TRUE,TRUE,Murk:MX=1:SB=0:RT=0:TO=0:KL=0:RK=0:CA=1:DN=-1:DX=-1:SP=1:PR=-1,,
dio-castledio-032,standard,Sosaria,5980,2334,0,0,5980,2334,0,0,1,5,30,FALSE,0,0,-1,500,1,FALSE,0,0,0,0,0,1,FALSE,-1,FALSE,FALSE,FALSE,FALSE,0,1,FALSE,TRUE,TRUE,Dragonogre:MX=1:SB=0:RT=0:TO=0:KL=0:RK=0:CA=1:DN=-1:DX=-1:SP=1:PR=-1,,
dio-castledio-033,standard,Sosaria,6072,2374,0,0,6072,2374,0,0,1,5,30,FALSE,0,0,-1,500,1,FALSE,0,0,0,0,0,1,FALSE,-1,FALSE,FALSE,FALSE,FALSE,0,1,FALSE,TRUE,TRUE,Nazghoul:MX=1:SB=0:RT=0:TO=0:KL=0:RK=0:CA=1:DN=-1:DX=-1:SP=1:PR=-1,,
dio-castledio-034,standard,Sosaria,6072,2360,0,0,6072,2360,0,0,1,5,30,FALSE,0,0,-1,500,1,FALSE,0,0,0,0,0,1,FALSE,-1,FALSE,FALSE,FALSE,FALSE,0,1,FALSE,TRUE,TRUE,GhostWizard:MX=1:SB=0:RT=0:TO=0:KL=0:RK=0:CA=1:DN=-1:DX=-1:SP=1:PR=-1,,
dio-castledio-035,standard,Sosaria,6081,2343,0,0,6081,2343,0,0,1,5,30,FALSE,0,0,-1,500,1,FALSE,0,0,0,0,0,1,FALSE,-1,FALSE,FALSE,FALSE,FALSE,0,1,FALSE,TRUE,TRUE,Syth:MX=1:SB=0:RT=0:TO=0:KL=0:RK=0:CA=1:DN=-1:DX=-1:SP=1:PR=-1,,
dio-castledio-036,standard,Sosaria,6061,2283,0,0,6061,2283,0,0,1,5,30,FALSE,0,0,-1,500,1,FALSE,0,0,0,0,0,1,FALSE,-1,FALSE,FALSE,FALSE,FALSE,0,1,FALSE,TRUE,TRUE,SerpynChampion:MX=1:SB=0:RT=0:TO=0:KL=0:RK=0:CA=1:DN=-1:DX=-1:SP=1:PR=-1,,
dio-castledio-037,standard,Sosaria,6041,2297,0,0,6041,2297,0,0,1,5,30,FALSE,0,0,-1,500,1,FALSE,0,0,0,0,0,1,FALSE,-1,FALSE,FALSE,FALSE,FALSE,0,1,FALSE,TRUE,TRUE,AnyGemElemental:MX=1:SB=0:RT=0:TO=0:KL=0:RK=0:CA=1:DN=-1:DX=-1:SP=1:PR=-1,,
dio-castledio-038,standard,Sosaria,5975,2371,0,0,5975,2371,0,0,1,5,30,FALSE,0,0,-1,500,1,FALSE,0,0,0,0,0,1,FALSE,-1,FALSE,FALSE,FALSE,FALSE,0,1,FALSE,TRUE,TRUE,UrcBowman:MX=1:SB=0:RT=0:TO=0:KL=0:RK=0:CA=1:DN=-1:DX=-1:SP=1:PR=-1,,
dio-castledio-039,standard,Sosaria,6038,2412,0,0,6038,2412,0,0,1,5,30,FALSE,0,0,-1,500,1,FALSE,0,0,0,0,0,1,FALSE,-1,FALSE,FALSE,FALSE,FALSE,0,1,FALSE,TRUE,TRUE,DiseasedMummy:MX=1:SB=0:RT=0:TO=0:KL=0:RK=0:CA=1:DN=-1:DX=-1:SP=1:PR=-1,,
dio-castledio-040,standard,Sosaria,6050,2354,0,0,6050,2354,0,0,1,5,30,FALSE,0,0,-1,500,1,FALSE,0,0,0,0,0,1,FALSE,-1,FALSE,FALSE,FALSE,FALSE,0,1,FALSE,TRUE,TRUE,RingWraith:MX=1:SB=0:RT=0:TO=0:KL=0:RK=0:CA=1:DN=-1:DX=-1:SP=1:PR=-1,,
dio-castledio-041,standard,Sosaria,6072,2367,0,0,6072,2367,0,0,1,5,30,FALSE,0,0,-1,500,1,FALSE,0,0,0,0,0,1,FALSE,-1,FALSE,FALSE,FALSE,FALSE,0,1,FALSE,TRUE,TRUE,DemonicGhost:MX=1:SB=0:RT=0:TO=0:KL=0:RK=0:CA=1:DN=-1:DX=-1:SP=1:PR=-1,,
dio-castledio-042,standard,Sosaria,6073,2389,0,0,6073,2389,0,0,1,5,30,FALSE,0,0,-1,500,1,FALSE,0,0,0,0,0,1,FALSE,-1,FALSE,FALSE,FALSE,FALSE,0,1,FALSE,TRUE,TRUE,ancientfleshgolem:MX=1:SB=0:RT=0:TO=0:KL=0:RK=0:CA=1:DN=-1:DX=-1:SP=1:PR=-1,,
dio-castledio-043,standard,Sosaria,5986,2282,0,0,5986,2282,0,0,1,5,30,FALSE,0,0,-1,500,1,FALSE,0,0,0,0,0,1,FALSE,-1,FALSE,FALSE,FALSE,FALSE,0,1,FALSE,TRUE,TRUE,ancientettin:MX=1:SB=0:RT=0:TO=0:KL=0:RK=0:CA=1:DN=-1:DX=-1:SP=1:PR=-1,,
dio-castledio-044,standard,Sosaria,6059,2374,0,0,6059,2374,0,0,1,5,30,FALSE,0,0,-1,500,1,FALSE,0,0,0,0,0,1,FALSE,-1,FALSE,FALSE,FALSE,FALSE,0,1,FALSE,TRUE,TRUE,Wight:MX=1:SB=0:RT=0:TO=0:KL=0:RK=0:CA=1:DN=-1:DX=-1:SP=1:PR=-1,,
dio-castledio-045,standard,Sosaria,5979,2293,0,0,5979,2293,0,0,1,5,30,FALSE,0,0,-1,500,1,FALSE,0,0,0,0,0,1,FALSE,-1,FALSE,FALSE,FALSE,FALSE,0,1,FALSE,TRUE,TRUE,PrimevalStygianDragon:MX=1:SB=0:RT=0:TO=0:KL=0:RK=0:CA=1:DN=-1:DX=-1:SP=1:PR=-1,,
dio-castledio-046,standard,Sosaria,6058,2381,0,0,6058,2381,0,0,1,5,30,FALSE,0,0,-1,500,1,FALSE,0,0,0,0,0,1,FALSE,-1,FALSE,FALSE,FALSE,FALSE,0,1,FALSE,TRUE,TRUE,VampireLord:MX=1:SB=0:RT=0:TO=0:KL=0:RK=0:CA=1:DN=-1:DX=-1:SP=1:PR=-1,,
dio-castledio-047,standard,Sosaria,6038,2369,0,0,6038,2369,0,0,1,5,30,FALSE,0,0,-1,500,1,FALSE,0,0,0,0,0,1,FALSE,-1,FALSE,FALSE,FALSE,FALSE,0,1,FALSE,TRUE,TRUE,Undead:MX=1:SB=0:RT=0:TO=0:KL=0:RK=0:CA=1:DN=-1:DX=-1:SP=1:PR=-1,,
dio-castledio-048,standard,Sosaria,6044,2355,0,0,6044,2355,0,0,1,5,30,FALSE,0,0,-1,500,1,FALSE,0,0,0,0,0,1,FALSE,-1,FALSE,FALSE,FALSE,FALSE,0,1,FALSE,TRUE,TRUE,shroud:MX=1:SB=0:RT=0:TO=0:KL=0:RK=0:CA=1:DN=-1:DX=-1:SP=1:PR=-1,,
dio-castledio-049,standard,Sosaria,6050,2406,0,0,6050,2406,0,0,1,5,30,FALSE,0,0,-1,500,1,FALSE,0,0,0,0,0,1,FALSE,-1,FALSE,FALSE,FALSE,FALSE,0,1,FALSE,TRUE,TRUE,MummyLord:MX=1:SB=0:RT=0:TO=0:KL=0:RK=0:CA=1:DN=-1:DX=-1:SP=1:PR=-1,,
dio-castledio-050,standard,Sosaria,6038,2376,0,0,6038,2376,0,0,1,5,30,FALSE,0,0,-1,500,1,FALSE,0,0,0,0,0,1,FALSE,-1,FALSE,FALSE,FALSE,FALSE,0,1,FALSE,TRUE,TRUE,UndeadDruid:MX=1:SB=0:RT=0:TO=0:KL=0:RK=0:CA=1:DN=-1:DX=-1:SP=1:PR=-1,,
dio-castledio-051,standard,Sosaria,5985,2383,0,0,5985,2383,0,0,1,5,30,FALSE,0,0,-1,500,1,FALSE,0,0,0,0,0,1,FALSE,-1,FALSE,FALSE,FALSE,FALSE,0,1,FALSE,TRUE,TRUE,OrxWarrior:MX=1:SB=0:RT=0:TO=0:KL=0:RK=0:CA=1:DN=-1:DX=-1:SP=1:PR=-1,,
dio-castledio-052,standard,Sosaria,6038,2362,0,0,6038,2362,0,0,1,5,30,FALSE,0,0,-1,500,1,FALSE,0,0,0,0,0,1,FALSE,-1,FALSE,FALSE,FALSE,FALSE,0,1,FALSE,TRUE,TRUE,SkeletalWizard:MX=1:SB=0:RT=0:TO=0:KL=0:RK=0:CA=1:DN=-1:DX=-1:SP=1:PR=-1,,
dio-castledio-053,standard,Sosaria,5985,2307,0,0,5985,2307,0,0,1,5,30,FALSE,0,0,-1,500,1,FALSE,0,0,0,0,0,1,FALSE,-1,FALSE,FALSE,FALSE,FALSE,0,1,FALSE,TRUE,TRUE,dragonking:MX=1:SB=0:RT=0:TO=0:KL=0:RK=0:CA=1:DN=-1:DX=-1:SP=1:PR=-1,,
dio-castledio-054,standard,Sosaria,6040,2333,0,0,6040,2333,0,0,1,5,30,FALSE,0,0,-1,500,1,FALSE,0,0,0,0,0,1,FALSE,-1,FALSE,FALSE,FALSE,FALSE,0,1,FALSE,TRUE,TRUE,ElementalLordFire:MX=1:SB=0:RT=0:TO=0:KL=0:RK=0:CA=1:DN=-1:DX=-1:SP=1:PR=-1,,
dio-castledio-055,standard,Sosaria,6088,2272,0,0,6088,2272,0,0,1,5,30,FALSE,0,0,-1,500,1,FALSE,0,0,0,0,0,1,FALSE,-1,FALSE,FALSE,FALSE,FALSE,0,1,FALSE,TRUE,TRUE,Lurker:MX=1:SB=0:RT=0:TO=0:KL=0:RK=0:CA=1:DN=-1:DX=-1:SP=1:PR=-1,,
dio-castledio-056,standard,Sosaria,6062,2333,0,0,6062,2333,0,0,1,5,30,FALSE,0,0,-1,500,1,FALSE,0,0,0,0,0,1,FALSE,-1,FALSE,FALSE,FALSE,FALSE,0,1,FALSE,TRUE,TRUE,ElementalLordWater:MX=1:SB=0:RT=0:TO=0:KL=0:RK=0:CA=1:DN=-1:DX=-1:SP=1:PR=-1,,
dio-castledio-057,standard,Sosaria,6073,2405,0,0,6073,2405,0,0,1,5,30,FALSE,0,0,-1,500,1,FALSE,0,0,0,0,0,1,FALSE,-1,FALSE,FALSE,FALSE,FALSE,0,1,FALSE,TRUE,TRUE,factiondeathknight:MX=1:SB=0:RT=0:TO=0:KL=0:RK=0:CA=1:DN=-1:DX=-1:SP=1:PR=-1,,
dio-castledio-058,standard,Sosaria,5976,2282,0,0,5976,2282,0,0,1,5,30,FALSE,0,0,-1,500,1,FALSE,0,0,0,0,0,1,FALSE,-1,FALSE,FALSE,FALSE,FALSE,0,1,FALSE,TRUE,TRUE,FireGiant:MX=1:SB=0:RT=0:TO=0:KL=0:RK=0:CA=1:DN=-1:DX=-1:SP=1:PR=-1,,
dio-castledio-059,standard,Sosaria,6062,2294,0,0,6062,2294,0,0,1,5,30,FALSE,0,0,-1,500,1,FALSE,0,0,0,0,0,1,FALSE,-1,FALSE,FALSE,FALSE,FALSE,0,1,FALSE,TRUE,TRUE,SerpynSorceress:MX=1:SB=0:RT=0:TO=0:KL=0:RK=0:CA=1:DN=-1:DX=-1:SP=1:PR=-1,,
dio-castledio-060,standard,Sosaria,6074,2320,0,0,6074,2320,0,0,1,5,30,FALSE,0,0,-1,500,1,FALSE,0,0,0,0,0,1,FALSE,-1,FALSE,FALSE,FALSE,FALSE,0,1,FALSE,TRUE,TRUE,TheAncientTree:MX=1:SB=0:RT=0:TO=0:KL=0:RK=0:CA=1:DN=-1:DX=-1:SP=1:PR=-1,,
dio-castledio-061,standard,Sosaria,6062,2307,0,0,6062,2307,0,0,1,5,30,FALSE,0,0,-1,500,1,FALSE,0,0,0,0,0,1,FALSE,-1,FALSE,FALSE,FALSE,FALSE,0,1,FALSE,TRUE,TRUE,TitanHydros:MX=1:SB=0:RT=0:TO=0:KL=0:RK=0:CA=1:DN=-1:DX=-1:SP=1:PR=-1,,
dio-castledio-062,standard,Sosaria,5976,2382,0,0,5976,2382,0,0,1,5,30,FALSE,0,0,-1,500,1,FALSE,0,0,0,0,0,1,FALSE,-1,FALSE,FALSE,FALSE,FALSE,0,1,FALSE,TRUE,TRUE,Orx:MX=1:SB=0:RT=0:TO=0:KL=0:RK=0:CA=1:DN=-1:DX=-1:SP=1:PR=-1,,
dio-castledio-063,standard,Sosaria,5992,2408,0,0,5992,2408,0,0,1,5,30,FALSE,0,0,-1,500,1,FALSE,0,0,0,0,0,1,FALSE,-1,FALSE,FALSE,FALSE,FALSE,0,1,FALSE,TRUE,TRUE,Ettin:MX=1:SB=0:RT=0:TO=0:KL=0:RK=0:CA=1:DN=-1:DX=-1:SP=1:PR=-1,,
dio-castledio-064,standard,Sosaria,6040,2277,0,0,6040,2277,0,0,1,5,30,FALSE,0,0,-1,500,1,FALSE,0,0,0,0,0,1,FALSE,-1,FALSE,FALSE,FALSE,FALSE,0,1,FALSE,TRUE,TRUE,MountainGiant:MX=1:SB=0:RT=0:TO=0:KL=0:RK=0:CA=1:DN=-1:DX=-1:SP=1:PR=-1,,
dio-castledio-065,standard,Sosaria,5946,2345,0,0,5946,2345,0,0,1,5,30,FALSE,0,0,-1,500,1,FALSE,0,0,0,0,0,1,FALSE,-1,FALSE,FALSE,FALSE,FALSE,0,1,FALSE,TRUE,TRUE,Jedi:MX=1:SB=0:RT=0:TO=0:KL=0:RK=0:CA=1:DN=-1:DX=-1:SP=1:PR=-1,,
dio-castledio-066,standard,Sosaria,6030,2272,0,0,6030,2272,1,0,1,5,30,FALSE,0,0,-1,500,1,FALSE,0,0,0,0,0,1,FALSE,-1,FALSE,FALSE,FALSE,FALSE,0,1,FALSE,TRUE,TRUE,TimeLord:MX=1:SB=0:RT=0:TO=0:KL=0:RK=0:CA=1:DN=-1:DX=-1:SP=1:PR=-1,,
dio-castledio-067,standard,Sosaria,5964,2358,0,0,5964,2358,0,0,1,5,30,FALSE,0,0,-1,500,1,FALSE,0,0,0,0,0,1,FALSE,-1,FALSE,FALSE,FALSE,FALSE,0,1,FALSE,TRUE,TRUE,HarpyElder:MX=1:SB=0:RT=0:TO=0:KL=0:RK=0:CA=1:DN=-1:DX=-1:SP=1:PR=-1,,
dio-castledio-068,standard,Sosaria,6040,2320,0,0,6040,2320,0,0,1,5,30,FALSE,0,0,-1,500,1,FALSE,0,0,0,0,0,1,FALSE,-1,FALSE,FALSE,FALSE,FALSE,0,1,FALSE,TRUE,TRUE,FireElemental:MX=1:SB=0:RT=0:TO=0:KL=0:RK=0:CA=1:DN=-1:DX=-1:SP=1:PR=-1,,
dio-castledio-069,standard,Sosaria,5957,2383,0,0,5957,2383,0,0,1,5,30,FALSE,0,0,-1,500,1,FALSE,0,0,0,0,0,1,FALSE,-1,FALSE,FALSE,FALSE,FALSE,0,1,FALSE,TRUE,TRUE,Pixie:MX=1:SB=0:RT=0:TO=0:KL=0:RK=0:CA=1:DN=-1:DX=-1:SP=1:PR=-1,,
dio-castledio-070,standard,Sosaria,5976,2361,0,0,5976,2361,0,0,1,5,30,FALSE,0,0,-1,500,1,FALSE,0,0,0,0,0,1,FALSE,-1,FALSE,FALSE,FALSE,FALSE,0,1,FALSE,TRUE,TRUE,KoboldMage:MX=1:SB=0:RT=0:TO=0:KL=0:RK=0:CA=1:DN=-1:DX=-1:SP=1:PR=-1,,
dio-castledio-071,standard,Sosaria,6059,2360,0,0,6059,2360,0,0,1,5,30,FALSE,0,0,-1,500,1,FALSE,0,0,0,0,0,1,FALSE,-1,FALSE,FALSE,FALSE,FALSE,0,1,FALSE,TRUE,TRUE,ShadowDemon:MX=1:SB=0:RT=0:TO=0:KL=0:RK=0:CA=1:DN=-1:DX=-1:SP=1:PR=-1,,
dio-castledio-072,standard,Sosaria,6073,2331,0,0,6073,2331,0,0,1,5,30,FALSE,0,0,-1,500,1,FALSE,0,0,0,0,0,1,FALSE,-1,FALSE,FALSE,FALSE,FALSE,0,1,FALSE,TRUE,TRUE,SecurityDroid:MX=1:SB=0:RT=0:TO=0:KL=0:RK=0:CA=1:DN=-1:DX=-1:SP=1:PR=-1,,
dio-castledio-073,standard,Sosaria,6040,2289,0,0,6040,2289,0,0,1,5,30,FALSE,0,0,-1,500,1,FALSE,0,0,0,0,0,1,FALSE,-1,FALSE,FALSE,FALSE,FALSE,0,1,FALSE,TRUE,TRUE,ElementalLordEarth:MX=1:SB=0:RT=0:TO=0:KL=0:RK=0:CA=1:DN=-1:DX=-1:SP=1:PR=-1,,
dio-castledio-074,standard,Sosaria,6058,2354,0,0,6058,2354,0,0,1,5,30,FALSE,0,0,-1,500,1,FALSE,0,0,0,0,0,1,FALSE,-1,FALSE,FALSE,FALSE,FALSE,0,1,FALSE,TRUE,TRUE,PlagueBeastLord:MX=1:SB=0:RT=0:TO=0:KL=0:RK=0:CA=1:DN=-1:DX=-1:SP=1:PR=-1,,
dio-castledio-075,standard,Sosaria,5963,2407,0,0,5963,2407,0,0,1,5,30,FALSE,0,0,-1,500,1,FALSE,0,0,0,0,0,1,FALSE,-1,FALSE,FALSE,FALSE,FALSE,0,1,FALSE,TRUE,TRUE,RoyalSphinx:MX=1:SB=0:RT=0:TO=0:KL=0:RK=0:CA=1:DN=-1:DX=-1:SP=1:PR=-1,,
dio-castledio-076,standard,Sosaria,5962,2371,0,0,5962,2371,0,0,1,5,30,FALSE,0,0,-1,500,1,FALSE,0,0,0,0,0,1,FALSE,-1,FALSE,FALSE,FALSE,FALSE,0,1,FALSE,TRUE,TRUE,CosmicGargoyle:MX=1:SB=0:RT=0:TO=0:KL=0:RK=0:CA=1:DN=-1:DX=-1:SP=1:PR=-1,,
dio-castledio-077,standard,Sosaria,5976,2355,0,0,5976,2355,0,0,1,5,30,FALSE,0,0,-1,500,1,FALSE,0,0,0,0,0,1,FALSE,-1,FALSE,FALSE,FALSE,FALSE,0,1,FALSE,TRUE,TRUE,Slitheran:MX=1:SB=0:RT=0:TO=0:KL=0:RK=0:CA=1:DN=-1:DX=-1:SP=1:PR=-1,,
dio-castledio-078,standard,Sosaria,5950,2409,0,0,5950,2409,0,0,1,5,30,FALSE,0,0,-1,500,1,FALSE,0,0,0,0,0,1,FALSE,-1,FALSE,FALSE,FALSE,FALSE,0,1,FALSE,TRUE,TRUE,OrkRogue:MX=1:SB=0:RT=0:TO=0:KL=0:RK=0:CA=1:DN=-1:DX=-1:SP=1:PR=-1,,
dio-castledio-079,standard,Sosaria,6005,2278,0,0,6005,2278,0,0,1,5,30,FALSE,0,0,-1,500,1,FALSE,0,0,0,0,0,1,FALSE,-1,FALSE,FALSE,FALSE,FALSE,0,1,FALSE,TRUE,TRUE,bombworshipper:MX=1:SB=0:RT=0:TO=0:KL=0:RK=0:CA=1:DN=-1:DX=-1:SP=1:PR=-1,,
dio-castledio-080,standard,Sosaria,5986,2356,0,0,5986,2356,0,0,1,5,30,FALSE,0,0,-1,500,1,FALSE,0,0,0,0,0,1,FALSE,-1,FALSE,FALSE,FALSE,FALSE,0,1,FALSE,TRUE,TRUE,Goblin:MX=1:SB=0:RT=0:TO=0:KL=0:RK=0:CA=1:DN=-1:DX=-1:SP=1:PR=-1,,
dio-castledio-081,standard,Sosaria,5967,2382,0,0,5967,2382,0,0,1,5,30,FALSE,0,0,-1,500,1,FALSE,0,0,0,0,0,1,FALSE,-1,FALSE,FALSE,FALSE,FALSE,0,1,FALSE,TRUE,TRUE,Hobgoblin:MX=1:SB=0:RT=0:TO=0:KL=0:RK=0:CA=1:DN=-1:DX=-1:SP=1:PR=-1,,
dio-castledio-082,standard,Sosaria,5948,2299,0,0,5948,2299,0,0,1,5,30,FALSE,0,0,-1,500,1,FALSE,0,0,0,0,0,1,FALSE,-1,FALSE,FALSE,FALSE,FALSE,0,1,FALSE,TRUE,TRUE,Beholder:MX=1:SB=0:RT=0:TO=0:KL=0:RK=0:CA=1:DN=-1:DX=-1:SP=1:PR=-1,,TRUE
dio-castledio-083,standard,Sosaria,6051,2367,0,0,6051,2367,0,0,1,5,30,FALSE,0,0,-1,500,1,FALSE,0,0,0,0,0,1,FALSE,-1,FALSE,FALSE,FALSE,FALSE,0,1,FALSE,TRUE,TRUE,RottingMinotaur:MX=1:SB=0:RT=0:TO=0:KL=0:RK=0:CA=1:DN=-1:DX=-1:SP=1:PR=-1,,
dio-castledio-084,standard,Sosaria,6051,2374,0,0,6051,2374,0,0,1,5,30,FALSE,0,0,-1,500,1,FALSE,0,0,0,0,0,1,FALSE,-1,FALSE,FALSE,FALSE,FALSE,0,1,FALSE,TRUE,TRUE,RottingCorpse:MX=1:SB=0:RT=0:TO=0:KL=0:RK=0:CA=1:DN=-1:DX=-1:SP=1:PR=-1,,
dio-castledio-085,standard,Sosaria,5978,2408,0,0,5978,2408,0,0,1,5,30,FALSE,0,0,-1,500,1,FALSE,0,0,0,0,0,1,FALSE,-1,FALSE,FALSE,FALSE,FALSE,0,1,FALSE,TRUE,TRUE,DriderWizard:MX=1:SB=0:RT=0:TO=0:KL=0:RK=0:CA=1:DN=-1:DX=-1:SP=1:PR=-1,,
dio-castledio-086,standard,Sosaria,5980,2321,0,0,5980,2321,0,0,1,5,30,FALSE,0,0,-1,500,1,FALSE,0,0,0,0,0,1,FALSE,-1,FALSE,FALSE,FALSE,FALSE,0,1,FALSE,TRUE,TRUE,DragonTurtle:MX=1:SB=0:RT=0:TO=0:KL=0:RK=0:CA=1:DN=-1:DX=-1:SP=1:PR=-1,,
dio-castledio-087,standard,Sosaria,6074,2307,0,0,6074,2307,0,0,1,5,30,FALSE,0,0,-1,500,1,FALSE,0,0,0,0,0,1,FALSE,-1,FALSE,FALSE,FALSE,FALSE,0,1,FALSE,TRUE,TRUE,Dagon:MX=1:SB=0:RT=0:TO=0:KL=0:RK=0:CA=1:DN=-1:DX=-1:SP=1:PR=-1,,
dio-castledio-088,standard,Sosaria,6075,2283,0,0,6075,2283,0,0,1,5,30,FALSE,0,0,-1,500,1,FALSE,0,0,0,0,0,1,FALSE,-1,FALSE,FALSE,FALSE,FALSE,0,1,FALSE,TRUE,TRUE,Alien:MX=1:SB=0:RT=0:TO=0:KL=0:RK=0:CA=1:DN=-1:DX=-1:SP=1:PR=-1,,
dio-castledio-089,standard,Sosaria,6062,2320,0,0,6062,2320,0,0,1,5,30,FALSE,0,0,-1,500,1,FALSE,0,0,0,0,0,1,FALSE,-1,FALSE,FALSE,FALSE,FALSE,0,1,FALSE,TRUE,TRUE,WaterElemental:MX=1:SB=0:RT=0:TO=0:KL=0:RK=0:CA=1:DN=-1:DX=-1:SP=1:PR=-1,,
dio-castledio-090,standard,Sosaria,6040,2307,0,0,6040,2307,0,0,1,5,30,FALSE,0,0,-1,500,1,FALSE,0,0,0,0,0,1,FALSE,-1,FALSE,FALSE,FALSE,FALSE,0,1,FALSE,TRUE,TRUE,TitanPyros:MX=1:SB=0:RT=0:TO=0:KL=0:RK=0:CA=1:DN=-1:DX=-1:SP=1:PR=-1,,
dio-castledio-091,standard,Sosaria,6074,2295,0,0,6074,2295,0,0,1,5,30,FALSE,0,0,-1,500,1,FALSE,0,0,0,0,0,1,FALSE,-1,FALSE,FALSE,FALSE,FALSE,0,1,FALSE,TRUE,TRUE,AbyssCrawler:MX=1:SB=0:RT=0:TO=0:KL=0:RK=0:CA=1:DN=-1:DX=-1:SP=1:PR=-1,,
dio-castledio-092,standard,Sosaria,5985,2370,0,0,5985,2370,0,0,1,5,30,FALSE,0,0,-1,500,1,FALSE,0,0,0,0,0,1,FALSE,-1,FALSE,FALSE,FALSE,FALSE,0,1,FALSE,TRUE,TRUE,HeadlessOne:MX=1:SB=0:RT=0:TO=0:KL=0:RK=0:CA=1:DN=-1:DX=-1:SP=1:PR=-1,,
dio-underworld-001,custom,Underworld,527,179,0,0,527,179,0,5,1,5,1440,FALSE,0,0,-1,500,1,FALSE,0,0,0,0,0,1,FALSE,-1,FALSE,FALSE,FALSE,FALSE,0,1,FALSE,TRUE,TRUE,"ancientettin/name/Two Face/title//hitsmaxseed/3000/hits/3000/damagemax/170/damagemin/100/cointype/jewels/coins/9000/ATTACH/xmlstamdrain,900:MX=1:SB=0:RT=0:TO=0:KL=0:RK=0:CA=1:DN=-1:DX=-1:SP=1:PR=-1",,TRUE
dio-underworld-002,custom,Underworld,842,127,0,0,842,127,0,5,1,5,1440,FALSE,0,0,-1,500,1,FALSE,0,0,0,0,0,1,FALSE,-1,FALSE,FALSE,FALSE,FALSE,0,1,FALSE,TRUE,TRUE,ancientcyclops/name/Atlas/title//hitsmaxseed/3000/hits/3000/damagemax/270/damagemin/100/cointype/jewels/coins/9000:MX=1:SB=0:RT=0:TO=0:KL=0:RK=0:CA=1:DN=-1:DX=-1:SP=1:PR=-1,,TRUE
dio-darkdragontemple-001,boss,Sosaria,5390,9,0,0,5390,9,0,0,1,60,120,FALSE,0,0,-1,500,1,FALSE,0,0,0,0,0,1,FALSE,-1,FALSE,FALSE,FALSE,FALSE,0,1,FALSE,TRUE,TRUE,"AncientLich/name/The Necromancer/title//hitsmaxseed/5000/hits/5000/damagemax/250/damagemin/200/coldresistseed/100/energyresistseed/100/poisonresistseed/100/fireresistseed/100/physicalresistanceseed/70/ADD/<simplenote/name/Forbidden Book/titlestring/The Black Pyramid/itemID/17087/notestring/In the center of the deepest lake, speak ""Necropotence"" within the darkest temple.>:MX=1:SB=0:RT=0:TO=0:KL=0:RK=0:CA=1:DN=-1:DX=-1:SP=1:PR=-1",,TRUE
dio-darkdragontemple-002,custom,Sosaria,5615,4,6,6,5618,7,0,3,1,30,60,FALSE,0,0,-1,500,1,FALSE,0,0,0,0,0,1,FALSE,-1,FALSE,FALSE,FALSE,FALSE,0,1,FALSE,TRUE,TRUE,Mutant/name/Cursed Adventurer/title//hitsmaxseed/1000/hits/1000/damagemax/220/damagemin/200/hue/0/physicalresistanceseed/90:MX=1:SB=0:RT=0:TO=0:KL=0:RK=0:CA=1:DN=-1:DX=-1:SP=1:PR=-1,,TRUE
dio-darkdragontemple-003,custom,Sosaria,5566,2,10,10,5571,7,0,3,1,30,60,FALSE,0,0,-1,500,1,FALSE,0,0,0,0,0,1,FALSE,-1,FALSE,FALSE,FALSE,FALSE,0,1,FALSE,TRUE,TRUE,Mutant/name/Cursed Adventurer/title//hitsmaxseed/1000/hits/1000/damagemax/220/damagemin/200/hue/0/physicalresistanceseed/90:MX=1:SB=0:RT=0:TO=0:KL=0:RK=0:CA=1:DN=-1:DX=-1:SP=1:PR=-1,,TRUE
dio-darkdragontemple-004,custom,Sosaria,5458,8,4,4,5460,10,0,2,1,30,60,FALSE,0,0,-1,500,1,FALSE,0,0,0,0,0,1,FALSE,-1,FALSE,FALSE,FALSE,FALSE,0,1,FALSE,TRUE,TRUE,Mutant/name/Cursed Adventurer/title//hitsmaxseed/1000/hits/1000/damagemax/220/damagemin/200/hue/0/physicalresistanceseed/90:MX=1:SB=0:RT=0:TO=0:KL=0:RK=0:CA=1:DN=-1:DX=-1:SP=1:PR=-1,,TRUE
dio-darkdragontemple-005,custom,Sosaria,5427,1,12,12,5433,7,0,0,30,30,60,FALSE,0,0,-1,500,1,FALSE,0,0,0,0,0,1,FALSE,-1,FALSE,FALSE,FALSE,FALSE,0,1,FALSE,TRUE,TRUE,Evilmagelord/hitsmaxseed/400/hits/400/damagemax/200/damagemin/100/name/Dark Cultist/title//direction/west:MX=30:SB=0:RT=0:TO=0:KL=0:RK=0:CA=1:DN=-1:DX=-1:SP=1:PR=-1,,TRUE
dio-darkdragontemple-006,custom,Sosaria,5502,1,12,12,5508,7,0,0,30,30,60,FALSE,0,0,-1,500,1,FALSE,0,0,0,0,0,1,FALSE,-1,FALSE,FALSE,FALSE,FALSE,0,1,FALSE,TRUE,TRUE,Evilmagelord/hitsmaxseed/200/hits/200/damagemax/200/damagemin/100/name/Dark Cultist/title//direction/west:MX=30:SB=0:RT=0:TO=0:KL=0:RK=0:CA=1:DN=-1:DX=-1:SP=1:PR=-1,,TRUE
dio-dungeondoom-001,custom,Sosaria,5419,72,0,0,5419,72,0,0,1,30,60,FALSE,0,0,-1,500,1,FALSE,0,0,0,0,0,1,FALSE,-1,FALSE,FALSE,FALSE,FALSE,0,1,FALSE,TRUE,TRUE,rottingcorpse/name/The Mad Duke/title//hitsmaxseed/1000/hits/1000/damagemax/200/damagemin/150:MX=1:SB=0:RT=0:TO=0:KL=0:RK=0:CA=1:DN=-1:DX=-1:SP=1:PR=-1,,TRUE
dio-elementalchaos-001,custom,Sosaria,6801,2901,0,0,6801,2901,0,0,1,30,60,FALSE,0,0,-1,500,1,FALSE,0,0,0,0,0,1,FALSE,-1,FALSE,FALSE,FALSE,FALSE,0,1,FALSE,TRUE,TRUE,crystalgoliath/name/Grumpy Earth Spirit/title//hitsmaxseed/7000/hits/7000/damagemax/200/damagemin/100:MX=1:SB=0:RT=0:TO=0:KL=0:RK=0:CA=1:DN=-1:DX=-1:SP=1:PR=-1,,TRUE
dio-elementalchaos-002,custom,Sosaria,6798,2884,0,0,6798,2884,0,0,1,30,60,FALSE,0,0,-1,500,1,FALSE,0,0,0,0,0,1,FALSE,-1,FALSE,FALSE,FALSE,FALSE,0,1,FALSE,TRUE,TRUE,crystalgoliath/name/Grumpy Earth Spirit/title//hitsmaxseed/7000/hits/7000/damagemax/200/damagemin/100:MX=1:SB=0:RT=0:TO=0:KL=0:RK=0:CA=1:DN=-1:DX=-1:SP=1:PR=-1,,TRUE
dio-elementalchaos-003,custom,Sosaria,6761,2838,0,0,6761,2838,5,0,1,5,10,FALSE,0,0,-1,500,1,FALSE,0,0,0,0,0,1,FALSE,-1,FALSE,FALSE,FALSE,FALSE,0,1,FALSE,TRUE,TRUE,elementalspiritair/name/Sky Spirit/title//hitsmaxseed/600/hits/600/damagemax/190/damagemin/90/physicalresistanceseed/100/coldresistseed/100/fireresistseed/100/poisonresistseed/1:MX=1:SB=0:RT=0:TO=0:KL=0:RK=0:CA=1:DN=-1:DX=-1:SP=1:PR=-1,,TRUE
dio-elementalchaos-004,custom,Sosaria,6665,2836,0,0,6665,2836,0,0,1,30,60,FALSE,0,0,-1,500,1,FALSE,0,0,0,0,0,1,FALSE,-1,FALSE,FALSE,FALSE,FALSE,0,1,FALSE,TRUE,TRUE,fireelemental/name/Fire Spirit/title//hitsmaxseed/500/hits/500/damagemax/250/damagemin/200/hue/1161:MX=1:SB=0:RT=0:TO=0:KL=0:RK=0:CA=1:DN=-1:DX=-1:SP=1:PR=-1,,TRUE
dio-elementalchaos-005,custom,Sosaria,6660,2826,0,0,6660,2826,0,0,1,30,60,FALSE,0,0,-1,500,1,FALSE,0,0,0,0,0,1,FALSE,-1,FALSE,FALSE,FALSE,FALSE,0,1,FALSE,TRUE,TRUE,fireelemental/name/Fire Spirit/title//hitsmaxseed/500/hits/500/damagemax/250/damagemin/200/hue/1161:MX=1:SB=0:RT=0:TO=0:KL=0:RK=0:CA=1:DN=-1:DX=-1:SP=1:PR=-1,,TRUE
dio-elementalchaos-006,custom,Sosaria,6694,2836,0,0,6694,2836,0,0,1,30,60,FALSE,0,0,-1,500,1,FALSE,0,0,0,0,0,1,FALSE,-1,FALSE,FALSE,FALSE,FALSE,0,1,FALSE,TRUE,TRUE,fireelemental/name/Fire Spirit/title//hitsmaxseed/500/hits/500/damagemax/250/damagemin/200/hue/1161:MX=1:SB=0:RT=0:TO=0:KL=0:RK=0:CA=1:DN=-1:DX=-1:SP=1:PR=-1,,TRUE
dio-elementalchaos-007,custom,Sosaria,6778,2816,0,0,6778,2816,5,0,1,5,10,FALSE,0,0,-1,500,1,FALSE,0,0,0,0,0,1,FALSE,-1,FALSE,FALSE,FALSE,FALSE,0,1,FALSE,TRUE,TRUE,elementalspiritair/name/Sky Spirit/title//hitsmaxseed/600/hits/600/damagemax/190/damagemin/90/physicalresistanceseed/100/coldresistseed/100/fireresistseed/100/poisonresistseed/1:MX=1:SB=0:RT=0:TO=0:KL=0:RK=0:CA=1:DN=-1:DX=-1:SP=1:PR=-1,,TRUE
dio-elementalchaos-008,custom,Sosaria,6676,2799,0,0,6676,2799,0,0,1,30,60,FALSE,0,0,-1,500,1,FALSE,0,0,0,0,0,1,FALSE,-1,FALSE,FALSE,FALSE,FALSE,0,1,FALSE,TRUE,TRUE,LavaGiant/name/Fire King/title//hitsmaxseed/3000/hits/3000/damagemax/250/damagemin/200/hue/1161/direction/east/ADD/godsmithing:MX=1:SB=0:RT=0:TO=0:KL=0:RK=0:CA=1:DN=-1:DX=-1:SP=1:PR=-1,,TRUE
dio-elementalchaos-009,custom,Sosaria,6708,2809,0,0,6708,2809,0,0,1,30,60,FALSE,0,0,-1,500,1,FALSE,0,0,0,0,0,1,FALSE,-1,FALSE,FALSE,FALSE,FALSE,0,1,FALSE,TRUE,TRUE,serpynsorceress/name/Fire Angel/title//hitsmaxseed/900/hits/900/damagemax/290/damagemin/250/hue/1161:MX=1:SB=0:RT=0:TO=0:KL=0:RK=0:CA=1:DN=-1:DX=-1:SP=1:PR=-1,,TRUE
dio-elementalchaos-010,custom,Sosaria,6675,2826,4,4,6677,2828,0,0,2,30,60,FALSE,0,0,-1,500,1,FALSE,0,0,0,0,0,1,FALSE,-1,FALSE,FALSE,FALSE,FALSE,0,1,FALSE,TRUE,TRUE,fireelemental/name/Fire Spirit/title//hitsmaxseed/500/hits/500/damagemax/250/damagemin/200/hue/1161:MX=2:SB=0:RT=0:TO=0:KL=0:RK=0:CA=1:DN=-1:DX=-1:SP=1:PR=-1,,TRUE
dio-elementalchaos-011,custom,Sosaria,6775,2904,0,0,6775,2904,0,0,1,30,60,FALSE,0,0,-1,500,1,FALSE,0,0,0,0,0,1,FALSE,-1,FALSE,FALSE,FALSE,FALSE,0,1,FALSE,TRUE,TRUE,elementalist/name/Geode/title/the Earth Spirit/hitsmaxseed/9000/hits/9000/damagemax/200/damagemin/100/bodyvalue/753/basesoundID/268/hue/0/direction/south:MX=1:SB=0:RT=0:TO=0:KL=0:RK=0:CA=1:DN=-1:DX=-1:SP=1:PR=-1,,TRUE
dio-elementalchaos-012,custom,Sosaria,6777,2835,0,0,6777,2835,5,0,1,5,10,FALSE,0,0,-1,500,1,FALSE,0,0,0,0,0,1,FALSE,-1,FALSE,FALSE,FALSE,FALSE,0,1,FALSE,TRUE,TRUE,elementalspiritair/name/Sky Spirit/title//hitsmaxseed/600/hits/600/damagemax/190/damagemin/90/physicalresistanceseed/100/coldresistseed/100/fireresistseed/100/poisonresistseed/1:MX=1:SB=0:RT=0:TO=0:KL=0:RK=0:CA=1:DN=-1:DX=-1:SP=1:PR=-1,,TRUE
dio-elementalchaos-013,custom,Sosaria,6802,2819,0,0,6802,2819,5,0,1,5,10,FALSE,0,0,-1,500,1,FALSE,0,0,0,0,0,1,FALSE,-1,FALSE,FALSE,FALSE,FALSE,0,1,FALSE,TRUE,TRUE,elementalspiritair/name/Sky Spirit/title//hitsmaxseed/600/hits/600/damagemax/190/damagemin/90/physicalresistanceseed/100/coldresistseed/100/fireresistseed/100/poisonresistseed/1:MX=1:SB=0:RT=0:TO=0:KL=0:RK=0:CA=1:DN=-1:DX=-1:SP=1:PR=-1,,TRUE
dio-elementalchaos-014,standard,Sosaria,6692,2796,0,0,6692,2796,0,0,1,30,60,FALSE,0,0,-1,500,1,FALSE,0,0,0,0,0,1,FALSE,-1,FALSE,FALSE,FALSE,FALSE,0,1,FALSE,TRUE,TRUE,stealbase/hue/1161:MX=1:SB=0:RT=0:TO=0:KL=0:RK=0:CA=1:DN=-1:DX=-1:SP=1:PR=-1,,
dio-elementalchaos-015,standard,Sosaria,6672,2827,0,0,6672,2827,0,0,1,30,60,FALSE,0,0,-1,500,1,FALSE,0,0,0,0,0,1,FALSE,-1,FALSE,FALSE,FALSE,FALSE,0,1,FALSE,TRUE,TRUE,stealbase/hue/1161:MX=1:SB=0:RT=0:TO=0:KL=0:RK=0:CA=1:DN=-1:DX=-1:SP=1:PR=-1,,
dio-elementalchaos-016,standard,Sosaria,6767,2911,0,0,6767,2911,0,0,1,5,30,FALSE,0,0,-1,500,1,FALSE,0,0,0,0,0,1,FALSE,-1,FALSE,FALSE,FALSE,FALSE,0,1,FALSE,TRUE,TRUE,dwarvenore/amount/10:MX=1:SB=0:RT=0:TO=0:KL=0:RK=0:CA=1:DN=-1:DX=-1:SP=1:PR=-1,,
dio-elementalchaos-017,standard,Sosaria,6709,2816,0,0,6709,2816,0,0,1,30,60,FALSE,0,0,-1,500,1,FALSE,0,0,0,0,0,1,FALSE,-1,FALSE,FALSE,FALSE,FALSE,0,1,FALSE,TRUE,TRUE,stealbase/hue/1161:MX=1:SB=0:RT=0:TO=0:KL=0:RK=0:CA=1:DN=-1:DX=-1:SP=1:PR=-1,,
dio-elementalchaos-018,standard,Sosaria,6806,2881,0,0,6806,2881,0,0,1,5,30,FALSE,0,0,-1,500,1,FALSE,0,0,0,0,0,1,FALSE,-1,FALSE,FALSE,FALSE,FALSE,0,1,FALSE,TRUE,TRUE,dwarvenore/amount/10:MX=1:SB=0:RT=0:TO=0:KL=0:RK=0:CA=1:DN=-1:DX=-1:SP=1:PR=-1,,
dio-elementalchaos-019,standard,Sosaria,6799,2899,0,0,6799,2899,0,0,1,5,30,FALSE,0,0,-1,500,1,FALSE,0,0,0,0,0,1,FALSE,-1,FALSE,FALSE,FALSE,FALSE,0,1,FALSE,TRUE,TRUE,dwarvenore/amount/10:MX=1:SB=0:RT=0:TO=0:KL=0:RK=0:CA=1:DN=-1:DX=-1:SP=1:PR=-1,,
dio-elementalchaos-020,standard,Sosaria,6783,2899,0,0,6783,2899,0,0,1,5,30,FALSE,0,0,-1,500,1,FALSE,0,0,0,0,0,1,FALSE,-1,FALSE,FALSE,FALSE,FALSE,0,1,FALSE,TRUE,TRUE,dwarvenore/amount/10:MX=1:SB=0:RT=0:TO=0:KL=0:RK=0:CA=1:DN=-1:DX=-1:SP=1:PR=-1,,
dio-elementalchaos-021,standard,Sosaria,6775,2881,0,0,6775,2881,0,0,1,5,30,FALSE,0,0,-1,500,1,FALSE,0,0,0,0,0,1,FALSE,-1,FALSE,FALSE,FALSE,FALSE,0,1,FALSE,TRUE,TRUE,dwarvenore/amount/10:MX=1:SB=0:RT=0:TO=0:KL=0:RK=0:CA=1:DN=-1:DX=-1:SP=1:PR=-1,,
dio-lairofexodus-001,custom,Sosaria,6048,559,66,66,6081,592,0,1,30,30,60,FALSE,0,0,-1,500,1,FALSE,0,0,0,0,0,1,FALSE,-1,FALSE,FALSE,FALSE,FALSE,0,1,FALSE,TRUE,TRUE,"skeletalwizard/hitsmaxseed/400/hits/400/damagemax/150/damagemin/100/name/Red Death/title//hue/39/ATTACH/xmlmanadrain,200/bodyvalue/167:MX=30:SB=0:RT=0:TO=0:KL=0:RK=0:CA=1:DN=-1:DX=-1:SP=1:PR=-1",,TRUE
dio-lairofexodus-002,custom,Sosaria,6082,480,0,0,6082,480,0,1,1,180,300,FALSE,0,0,-1,500,1,FALSE,0,0,0,0,0,1,FALSE,-1,FALSE,FALSE,FALSE,FALSE,0,1,FALSE,TRUE,TRUE,"dragonturtle/direction/south/hitsmaxseed/7000/hits/7000/damagemax/220/damagemin/200/physicalresistanceseed/90/name/Dragon Hydra/title//ATTACH/xmlstamdrain,900/ATTACH/xmlmanadrain,90/fireresistseed/100:MX=1:SB=0:RT=0:TO=0:KL=0:RK=0:CA=1:DN=-1:DX=-1:SP=1:PR=-1",,TRUE
dio-lairofexodus-003,custom,Sosaria,6082,348,0,0,6082,348,0,1,1,180,300,FALSE,0,0,-1,500,1,FALSE,0,0,0,0,0,1,FALSE,-1,FALSE,FALSE,FALSE,FALSE,0,1,FALSE,TRUE,TRUE,"kuthulu/direction/south/hitsmaxseed/9000/hits/9000/damagemax/300/damagemin/200/physicalresistanceseed/100/bodyvalue/451/hue/0/name/Final Exodus/title//ATTACH/xmlstamdrain,900/ATTACH/xmlmanadrain,900/ADD/darkcoreexodus/ADD/<robotsheetmetal/amount/99>/ADD/<powderoftemperament/amount/9>/ADD/oilonyx/ADD/liarsdice/ADD/dice10/ADD/<Roseofmoonpetal/amount/9>/ADD/mechanicalgargoyleassemblybag/ADD/<glasssword/name/Crystal Sword/maxhitpoints/1/hitpoints/1/maxdamage/50/mindamage/40>/ADD/Redleaves/ADD/<emeraldingot/amount/100>/ATTACH/XmlWeaponAbility,Mortalstrike/ATTACH/Xmllifedrain,50:MX=1:SB=0:RT=0:TO=0:KL=0:RK=0:CA=1:DN=-1:DX=-1:SP=1:PR=-1",,TRUE
dio-maddukesmanor-001,custom,Sosaria,2744,1043,0,0,2744,1043,5,0,1,30,60,FALSE,0,0,-1,500,1,FALSE,0,0,0,0,0,1,FALSE,-1,FALSE,FALSE,FALSE,FALSE,0,1,FALSE,TRUE,TRUE,FrailSkeleton/name/The Groundskeeper/title//hitsmaxseed/500/hits/500/damagemax/100/damagemin/50:MX=1:SB=0:RT=0:TO=0:KL=0:RK=0:CA=1:DN=-1:DX=-1:SP=1:PR=-1,,TRUE
dio-maddukesmanor-002,custom,Sosaria,2730,1051,4,4,2732,1053,70,2,2,30,60,FALSE,0,0,-1,500,1,FALSE,0,0,0,0,0,1,FALSE,-1,FALSE,FALSE,FALSE,FALSE,0,1,FALSE,TRUE,TRUE,Evilmagelord/hitsmaxseed/200/hits/200/damagemax/200/damagemin/100/name/Dark Cultist/title//direction/west:MX=2:SB=0:RT=0:TO=0:KL=0:RK=0:CA=1:DN=-1:DX=-1:SP=1:PR=-1,,TRUE
dio-maddukesmanor-003,custom,Sosaria,2737,1043,0,0,2737,1043,31,0,1,30,60,FALSE,0,0,-1,500,1,FALSE,0,0,0,0,0,1,FALSE,-1,FALSE,FALSE,FALSE,FALSE,0,1,FALSE,TRUE,TRUE,wailingbanshee/name/Ghost of Lady Everdear/title//hitsmaxseed/300/hits/300/damagemax/100/damagemin/50/physicalresistanceseed/100/coldresistseed/100/poisonresistseed/100/fireresistseed/100/ADD/<simplenote/name/Message Scroll (it is sealed with the Mad Duke's signet)/titlestring/The last account of a Lady/notestring/The thing that was once my husband is now sealed away in the tower. Speak his name at the door to end his suffering.>:MX=1:SB=0:RT=0:TO=0:KL=0:RK=0:CA=1:DN=-1:DX=-1:SP=1:PR=-1,,TRUE
dio-ordainruins-001,custom,Sosaria,3307,899,0,0,3307,899,0,0,1,30,60,FALSE,0,0,-1,500,1,FALSE,0,0,0,0,0,1,FALSE,-1,FALSE,FALSE,FALSE,FALSE,0,1,FALSE,TRUE,TRUE,orxwarrior/name/Kobold Ringleader/title//hitsmaxseed/500/hits/500/damagemax/100/damagemin/50/direction/south/ADD/<simplenote/name/Message from the Necromancer/titlestring/Hail Dark Dragon!/notestring/Minions! Recruit the nearby kobolds to weaken Britain. Then we attack from the Mad Duke's Manor in the west.>:MX=1:SB=0:RT=0:TO=0:KL=0:RK=0:CA=1:DN=-1:DX=-1:SP=1:PR=-1,,TRUE
dio-ordainruins-002,custom,Sosaria,3286,928,0,0,3286,928,0,0,1,180,300,FALSE,0,0,-1,500,1,FALSE,0,0,0,0,0,1,FALSE,-1,FALSE,FALSE,FALSE,FALSE,0,1,FALSE,TRUE,TRUE,Provisioner/name/Gort/title/the Lighthouse Keeper/hitsmaxseed/1000/hits/1000/direction/east/female/false:MX=1:SB=0:RT=0:TO=0:KL=0:RK=0:CA=1:DN=-1:DX=-1:SP=1:PR=-1,It's good to see a friendly face,TRUE
dio-ordainruins-003,custom,Sosaria,3428,934,0,0,3428,934,0,0,1,30,60,FALSE,0,0,-1,500,1,FALSE,0,0,0,0,0,1,FALSE,-1,FALSE,FALSE,FALSE,FALSE,0,1,FALSE,TRUE,TRUE,evilmagelord/name/Dark Dragon Cultist/title//hitsmaxseed/300/hits/300/damagemax/50/damagemin/40/hue/0:MX=1:SB=0:RT=0:TO=0:KL=0:RK=0:CA=1:DN=-1:DX=-1:SP=1:PR=-1,,TRUE
dio-ordainruins-004,custom,Sosaria,3309,901,60,60,3339,931,0,4,65,30,60,FALSE,0,0,-1,500,1,FALSE,0,0,0,0,0,1,FALSE,-1,FALSE,FALSE,FALSE,FALSE,0,1,FALSE,TRUE,TRUE,Kobold/name/Kobold/title//hitsmaxseed/100/hits/100/damagemax/30/damagemin/10:MX=60:SB=0:RT=0:TO=0:KL=0:RK=0:CA=1:DN=-1:DX=-1:SP=1:PR=-1:OBJ=KoboldMage/name/Kobold Chief/title//hitsmaxseed/400/hits/400:MX=5:SB=0:RT=0:TO=0:KL=0:RK=0:CA=1:DN=-1:DX=-1:SP=1:PR=-1,,TRUE
dio-sosaria-001,custom,Sosaria,3191,1030,14,14,3198,1037,0,3,3,30,60,FALSE,0,0,-1,500,1,FALSE,0,0,0,0,0,1,FALSE,-1,FALSE,FALSE,FALSE,FALSE,0,1,FALSE,TRUE,TRUE,"ranger/title/,Britain Militia/hitsmaxseed/500/hits/500/damagemax/150/damagemin/50:MX=3:SB=0:RT=0:TO=0:KL=0:RK=0:CA=1:DN=-1:DX=-1:SP=1:PR=-1",,TRUE
dio-sosaria-002,custom,Sosaria,3494,762,0,0,3494,762,0,0,1,720,1440,FALSE,0,0,-1,500,1,FALSE,0,0,0,0,0,1,FALSE,-1,FALSE,FALSE,FALSE,FALSE,0,1,FALSE,TRUE,TRUE,servicedroid/name/Mana Golem/title//hitsmaxseed/1000/hits/1000/damagemax/100/damagemin/50/fightmode/evil/direction/south:MX=1:SB=0:RT=0:TO=0:KL=0:RK=0:CA=1:DN=-1:DX=-1:SP=1:PR=-1,,TRUE
dio-sosaria-003,custom,Sosaria,3157,1048,6,6,3160,1051,20,3,3,30,60,FALSE,0,0,-1,500,1,FALSE,0,0,0,0,0,1,FALSE,-1,FALSE,FALSE,FALSE,FALSE,0,1,FALSE,TRUE,TRUE,"ranger/title/,Britain Militia/hitsmaxseed/500/hits/500/damagemax/150/damagemin/50:MX=3:SB=0:RT=0:TO=0:KL=0:RK=0:CA=1:DN=-1:DX=-1:SP=1:PR=-1",,TRUE
dio-theblacktemple-001,custom,Underworld,2229,1527,66,66,2262,1560,0,1,50,30,60,FALSE,0,0,-1,500,1,FALSE,0,0,0,0,0,1,FALSE,-1,FALSE,FALSE,FALSE,FALSE,0,1,FALSE,TRUE,TRUE,"shroud/name/Void Wraith/title//hitsmaxseed/600/hits/600/damagemax/180/damagemin/150/physicalresistanceseed/100/coldresistseed/100/poisonresistseed/100/fireresistseed/90/energyresistseed/90/ATTACH/xmlmanadrain,900/ATTACH/xmlstamdrain,90:MX=50:SB=0:RT=0:TO=0:KL=0:RK=0:CA=1:DN=-1:DX=-1:SP=1:PR=-1",,TRUE
dio-theblacktemple-002,custom,Underworld,2262,1552,0,0,2262,1552,0,1,1,30,60,FALSE,0,0,-1,500,1,FALSE,0,0,0,0,0,1,FALSE,-1,FALSE,FALSE,FALSE,FALSE,0,1,FALSE,TRUE,TRUE,"shadowdemon/name/Fallen Angel/title//hitsmaxseed/5000/hits/5000/damagemax/210/damagemin/190/physicalresistanceseed/100/coldresistseed/100/poisonresistseed/100/fireresistseed/90/energyresistseed/90/ATTACH/xmlmanadrain,900/ATTACH/xmlstamdrain,90/ATTACH/xmllifedrain,100:MX=1:SB=0:RT=0:TO=0:KL=0:RK=0:CA=1:DN=-1:DX=-1:SP=1:PR=-1",,TRUE
dio-theblacktemple-003,custom,Underworld,2290,1527,0,0,2290,1527,0,1,1,30,60,FALSE,0,0,-1,500,1,FALSE,0,0,0,0,0,1,FALSE,-1,FALSE,FALSE,FALSE,FALSE,0,1,FALSE,TRUE,TRUE,"kuthulu/name/Lovecraftian/title//hitsmaxseed/6000/hits/6000/damagemax/200/damagemin/160/physicalresistanceseed/100/coldresistseed/100/poisonresistseed/100/fireresistseed/90/energyresistseed/90/ATTACH/xmlmanadrain,900/ATTACH/xmlstamdrain,900:MX=1:SB=0:RT=0:TO=0:KL=0:RK=0:CA=1:DN=-1:DX=-1:SP=1:PR=-1",,TRUE
dio-theblacktemple-004,custom,Underworld,2233,1529,0,0,2233,1529,0,1,1,30,60,FALSE,0,0,-1,500,1,FALSE,0,0,0,0,0,1,FALSE,-1,FALSE,FALSE,FALSE,FALSE,0,1,FALSE,TRUE,TRUE,"primevalblackdragon/name/Dark Dragon Avatar/title//hitsmaxseed/9000/hits/9000/damagemax/290/damagemin/260/physicalresistanceseed/100/coldresistseed/100/poisonresistseed/100/fireresistseed/90/energyresistseed/90/ATTACH/xmlmanadrain,900/ATTACH/xmlstamdrain,900/hue/1590/ADD/<statuejormungandr/name/Dark Dragon Trophy/weight/0>/ATTACH/xmllifedrain,70:MX=1:SB=0:RT=0:TO=0:KL=0:RK=0:CA=1:DN=-1:DX=-1:SP=1:PR=-1",,TRUE
dio-theblacktemple-005,custom,Underworld,2241,1579,0,0,2241,1579,0,1,1,30,60,FALSE,0,0,-1,500,1,FALSE,0,0,0,0,0,1,FALSE,-1,FALSE,FALSE,FALSE,FALSE,0,1,FALSE,TRUE,TRUE,"plaguebeastlord/name/Plague God/title//hitsmaxseed/5000/hits/5000/damagemax/120/damagemin/100/physicalresistanceseed/100/coldresistseed/100/poisonresistseed/100/fireresistseed/50/energyresistseed/90/ATTACH/xmlmanadrain,90/ATTACH/xmlstamdrain,900:MX=1:SB=0:RT=0:TO=0:KL=0:RK=0:CA=1:DN=-1:DX=-1:SP=1:PR=-1",,TRUE
dio-timeawaits-001,custom,Sosaria,5006,3274,0,0,5006,3274,0,5,3,30,60,FALSE,0,0,-1,500,1,FALSE,0,0,0,0,0,1,FALSE,-1,FALSE,FALSE,FALSE,FALSE,0,1,FALSE,TRUE,TRUE,giantspider/name/Spiderling/title//hitsmaxseed/200/hits/200/damagemax/150/damagemin/100:MX=3:SB=0:RT=0:TO=0:KL=0:RK=0:CA=1:DN=-1:DX=-1:SP=1:PR=-1,,TRUE
dio-timeawaits-002,custom,Sosaria,5057,3231,10,10,5062,3236,0,0,2,30,60,FALSE,0,0,-1,500,1,FALSE,0,0,0,0,0,1,FALSE,-1,FALSE,FALSE,FALSE,FALSE,0,1,FALSE,TRUE,TRUE,fireelemental/name/Fire Servant/title//hitsmaxseed/200/hits/200/damagemax/100/damagemin/90:MX=2:SB=0:RT=0:TO=0:KL=0:RK=0:CA=1:DN=-1:DX=-1:SP=1:PR=-1,,TRUE
dio-timeawaits-003,custom,Sosaria,5058,3270,6,6,5061,3273,0,0,3,30,60,FALSE,0,0,-1,500,1,FALSE,0,0,0,0,0,1,FALSE,-1,FALSE,FALSE,FALSE,FALSE,0,1,FALSE,TRUE,TRUE,FrailSkeleton/name/Red Death/title//hitsmaxseed/150/hits/150/damagemax/100/damagemin/50/hue/38:MX=3:SB=0:RT=0:TO=0:KL=0:RK=0:CA=1:DN=-1:DX=-1:SP=1:PR=-1,,TRUE
dio-timeawaits-004,custom,Sosaria,5002,3223,6,6,5005,3226,0,5,3,30,60,FALSE,0,0,-1,500,1,FALSE,0,0,0,0,0,1,FALSE,-1,FALSE,FALSE,FALSE,FALSE,0,1,FALSE,TRUE,TRUE,babydragon/name/Wyrmling/title//hitsmaxseed/200/hits/200/damagemax/150/damagemin/100/hue/1462:MX=3:SB=0:RT=0:TO=0:KL=0:RK=0:CA=1:DN=-1:DX=-1:SP=1:PR=-1,,TRUE
dio-towerofrunes-001,custom,Sosaria,4293,3207,0,0,4293,3207,0,0,1,30,60,FALSE,0,0,-1,500,1,FALSE,0,0,0,0,0,1,FALSE,-1,FALSE,FALSE,FALSE,FALSE,0,1,FALSE,TRUE,TRUE,caddellitedragon/name/Dragon Illusion/title//hitsmaxseed/5000/hits/5000/damagemax/200/damagemin/190/hue/1462/direction/north:MX=1:SB=0:RT=0:TO=0:KL=0:RK=0:CA=1:DN=-1:DX=-1:SP=1:PR=-1,,TRUE
dio-towerofrunes-002,custom,Sosaria,4292,3195,0,0,4292,3195,0,0,1,30,60,FALSE,0,0,-1,500,1,FALSE,0,0,0,0,0,1,FALSE,-1,FALSE,FALSE,FALSE,FALSE,0,1,FALSE,TRUE,TRUE,arachnar/name/Spider Illusion/title//hitsmaxseed/2000/hits/2000/damagemax/200/damagemin/140/hue/1462/direction/south:MX=1:SB=0:RT=0:TO=0:KL=0:RK=0:CA=1:DN=-1:DX=-1:SP=1:PR=-1,,TRUE
dio-towerofrunes-003,custom,Sosaria,4305,3195,0,0,4305,3195,0,0,1,30,60,FALSE,0,0,-1,500,1,FALSE,0,0,0,0,0,1,FALSE,-1,FALSE,FALSE,FALSE,FALSE,0,1,FALSE,TRUE,TRUE,vulcrum/name/Fire Illusion/title//hitsmaxseed/1000/hits/1000/damagemax/260/damagemin/190/hue/1462/direction/south:MX=1:SB=0:RT=0:TO=0:KL=0:RK=0:CA=1:DN=-1:DX=-1:SP=1:PR=-1,,TRUE
dio-towerofrunes-004,custom,Sosaria,4305,3208,0,0,4305,3208,0,0,1,30,60,FALSE,0,0,-1,500,1,FALSE,0,0,0,0,0,1,FALSE,-1,FALSE,FALSE,FALSE,FALSE,0,1,FALSE,TRUE,TRUE,surtaz/name/Vampire Illusion/title//hitsmaxseed/1000/hits/1000/damagemax/160/damagemin/100/hue/1462/direction/north:MX=1:SB=0:RT=0:TO=0:KL=0:RK=0:CA=1:DN=-1:DX=-1:SP=1:PR=-1,,TRUE
dio-towerofrunes-005,custom,Sosaria,4395,3200,0,0,4395,3200,0,0,1,30,60,FALSE,0,0,-1,500,1,FALSE,0,0,0,0,0,1,FALSE,-1,FALSE,FALSE,FALSE,FALSE,0,1,FALSE,TRUE,TRUE,titanpyros/name/False Fire God/title//hitsmaxseed/2000/hits/2000/damagemax/300/damagemin/100/hue/1462/direction/west:MX=1:SB=0:RT=0:TO=0:KL=0:RK=0:CA=1:DN=-1:DX=-1:SP=1:PR=-1,,TRUE
dio-towerofrunes-006,custom,Sosaria,4388,3193,0,0,4388,3193,0,0,1,30,60,FALSE,0,0,-1,500,1,FALSE,0,0,0,0,0,1,FALSE,-1,FALSE,FALSE,FALSE,FALSE,0,1,FALSE,TRUE,TRUE,titanlithos/name/False Earth God/title//hitsmaxseed/7000/hits/7000/damagemax/200/damagemin/100/hue/1462/direction/south:MX=1:SB=0:RT=0:TO=0:KL=0:RK=0:CA=1:DN=-1:DX=-1:SP=1:PR=-1,,TRUE
dio-towerofrunes-007,custom,Sosaria,4256,3205,0,0,4256,3205,0,0,1,30,60,FALSE,0,0,-1,500,1,FALSE,0,0,0,0,0,1,FALSE,-1,FALSE,FALSE,FALSE,FALSE,0,1,FALSE,TRUE,TRUE,deadknight/name/Rune Knight/title//hitsmaxseed/2000/hits/2000/damagemax/250/damagemin/240/ADD/<royalsword/name/Runeblade/maxdamage/50/mindamage/20/speed/1.5/strrequirement/150/maxhitpoints/500/hitpoints/500/hue/1150>:MX=1:SB=0:RT=0:TO=0:KL=0:RK=0:CA=1:DN=-1:DX=-1:SP=1:PR=-1,,TRUE
dio-towerofrunes-008,custom,Sosaria,4379,3201,0,0,4379,3201,1,0,1,30,60,FALSE,0,0,-1,500,1,FALSE,0,0,0,0,0,1,FALSE,-1,FALSE,FALSE,FALSE,FALSE,0,1,FALSE,TRUE,TRUE,titanstratos/name/False Wind God/title//hitsmaxseed/1000/hits/1000/damagemax/200/damagemin/100/hue/1462/direction/east:MX=1:SB=0:RT=0:TO=0:KL=0:RK=0:CA=1:DN=-1:DX=-1:SP=1:PR=-1,,TRUE
dio-towerofrunes-009,custom,Sosaria,4386,3210,0,0,4386,3210,0,0,1,30,60,FALSE,0,0,-1,500,1,FALSE,0,0,0,0,0,1,FALSE,-1,FALSE,FALSE,FALSE,FALSE,0,1,FALSE,TRUE,TRUE,titanhydros/name/False Sea God/title//hitsmaxseed/3000/hits/3000/damagemax/150/damagemin/90/direction/north:MX=1:SB=0:RT=0:TO=0:KL=0:RK=0:CA=1:DN=-1:DX=-1:SP=1:PR=-1,,TRUE
dio-undergroundtemple-001,custom,Lodor,5682,846,0,0,5682,846,0,0,1,5,10,FALSE,0,0,-1,500,1,FALSE,0,0,0,0,0,1,FALSE,-1,FALSE,FALSE,FALSE,FALSE,0,1,FALSE,TRUE,TRUE,priest/name/Malachi/title/the Priest/direction/south/hitsmaxseed/2000/hits/2000/female/false/damagemax/250/damagemin/200:MX=1:SB=0:RT=0:TO=0:KL=0:RK=0:CA=1:DN=-1:DX=-1:SP=1:PR=-1,,TRUE
dio-undergroundtemple-002,custom,Lodor,5688,854,0,0,5688,854,0,0,1,5,10,FALSE,0,0,-1,500,1,FALSE,0,0,0,0,0,1,FALSE,-1,FALSE,FALSE,FALSE,FALSE,0,1,FALSE,TRUE,TRUE,priest/name/Malachi/title/the Priest/direction/south/hitsmaxseed/2000/hits/2000/female/false/damagemax/250/damagemin/200:MX=1:SB=0:RT=0:TO=0:KL=0:RK=0:CA=1:DN=-1:DX=-1:SP=1:PR=-1,,TRUE
dio-undergroundtemple-003,standard,Lodor,5698,852,0,0,5698,852,0,0,1,5,10,FALSE,0,0,-1,500,1,FALSE,0,0,0,0,0,1,FALSE,-1,FALSE,FALSE,FALSE,FALSE,0,1,FALSE,TRUE,TRUE,holymage:MX=1:SB=0:RT=0:TO=0:KL=0:RK=0:CA=1:DN=-1:DX=-1:SP=1:PR=-1,,
dio-undergroundtemple-004,standard,Lodor,5671,835,0,0,5671,835,0,0,1,5,10,FALSE,0,0,-1,500,1,FALSE,0,0,0,0,0,1,FALSE,-1,FALSE,FALSE,FALSE,FALSE,0,1,FALSE,TRUE,TRUE,holymage/direction/south:MX=1:SB=0:RT=0:TO=0:KL=0:RK=0:CA=1:DN=-1:DX=-1:SP=1:PR=-1,,
dio-undergroundtemple-005,standard,Lodor,5703,858,0,0,5703,858,0,0,1,5,10,FALSE,0,0,-1,500,1,FALSE,0,0,0,0,0,1,FALSE,-1,FALSE,FALSE,FALSE,FALSE,0,1,FALSE,TRUE,TRUE,holymage:MX=1:SB=0:RT=0:TO=0:KL=0:RK=0:CA=1:DN=-1:DX=-1:SP=1:PR=-1,,
dio-undergroundtemple-006,standard,Lodor,5666,846,0,0,5666,846,0,0,1,5,10,FALSE,0,0,-1,500,1,FALSE,0,0,0,0,0,1,FALSE,-1,FALSE,FALSE,FALSE,FALSE,0,1,FALSE,TRUE,TRUE,holymage/direction/east:MX=1:SB=0:RT=0:TO=0:KL=0:RK=0:CA=1:DN=-1:DX=-1:SP=1:PR=-1,,
dio-underworld-003,custom,Underworld,1347,603,0,0,1347,603,0,2,1,5,1440,FALSE,0,0,-1,500,1,FALSE,0,0,0,0,0,1,FALSE,-1,FALSE,FALSE,FALSE,FALSE,0,1,FALSE,TRUE,TRUE,Cerberus/name/Guardian of the Underworld/hitsmaxseed/1000/hits/1000/damagemax/180/damagemin/100/cointype/jewels/tamable/false:MX=1:SB=0:RT=0:TO=0:KL=0:RK=0:CA=1:DN=-1:DX=-1:SP=1:PR=-1,,TRUE
dio-wolfgangscrypt-001,custom,Sosaria,5959,2600,0,0,5959,2600,0,0,1,30,60,FALSE,0,0,-1,500,1,FALSE,0,0,0,0,0,1,FALSE,-1,FALSE,FALSE,FALSE,FALSE,0,1,FALSE,TRUE,TRUE,Rottingminotaur/name/Walking Effigy/title//hitsmaxseed/900/hits/900/damagemax/90/damagemin/10:MX=1:SB=0:RT=0:TO=0:KL=0:RK=0:CA=1:DN=-1:DX=-1:SP=1:PR=-1,,TRUE
dio-wolfgangscrypt-002,custom,Sosaria,6086,2660,0,0,6086,2660,0,0,1,30,60,FALSE,0,0,-1,500,1,FALSE,0,0,0,0,0,1,FALSE,-1,FALSE,FALSE,FALSE,FALSE,0,1,FALSE,TRUE,TRUE,"serpynsorceress/name/Immortal Genie/title/of the vase/hitsmaxseed/900/hits/900/damagemax/170/damagemin/150/fireresistseed/100/energyresistseed/100/poisonresistseed/100/coldresistseed/100/physicalresistanceseed/100/magicdamageabsorb/100/ADD/Pandorasbox/ADD/stoneornatevase/ATTACH/xmlmanadrain,900:MX=1:SB=0:RT=0:TO=0:KL=0:RK=0:CA=1:DN=-1:DX=-1:SP=1:PR=-1",,TRUE
dio-wolfgangscrypt-003,custom,Sosaria,5987,2668,0,0,5987,2668,0,0,1,30,60,FALSE,0,0,-1,500,1,FALSE,0,0,0,0,0,1,FALSE,-1,FALSE,FALSE,FALSE,FALSE,0,1,FALSE,TRUE,TRUE,imp/name/Tomb Pest/title//hitsmaxseed/10/hits/10/damagemax/50/damagemin/10/ADD/arcanegem:MX=1:SB=0:RT=0:TO=0:KL=0:RK=0:CA=1:DN=-1:DX=-1:SP=1:PR=-1,,TRUE
dio-wolfgangscrypt-004,custom,Sosaria,5953,2619,0,0,5953,2619,0,1,1,30,60,FALSE,0,0,-1,500,1,FALSE,0,0,0,0,0,1,FALSE,-1,FALSE,FALSE,FALSE,FALSE,0,1,FALSE,TRUE,TRUE,"skeletaldragon/name/Wolfgang's Dragon/title//hitsmaxseed/9000/hits/9000/damagemax/220/damagemin/190/hue/2091/direction/east/ATTACH/xmlstamdrain,900:MX=1:SB=0:RT=0:TO=0:KL=0:RK=0:CA=1:DN=-1:DX=-1:SP=1:PR=-1",,TRUE
dio-wolfgangscrypt-005,custom,Sosaria,5960,2652,6,6,5963,2655,0,0,3,30,60,FALSE,0,0,-1,500,1,FALSE,0,0,0,0,0,1,FALSE,-1,FALSE,FALSE,FALSE,FALSE,0,1,FALSE,TRUE,TRUE,FrailSkeleton/name/Servant/title//hitsmaxseed/100/hits/100/damagemax/20/damagemin/5/ADD/<bonechest/name/Undead Ribcage/strrequirement/0/coldbonus/66/energybonus/66/poisonbonus/68/maxhitpoints/100/hitpoints/100>:MX=3:SB=0:RT=0:TO=0:KL=0:RK=0:CA=1:DN=-1:DX=-1:SP=1:PR=-1,,TRUE
dio-wolfgangscrypt-006,custom,Sosaria,5987,2593,0,0,5987,2593,0,0,1,30,60,FALSE,0,0,-1,500,1,FALSE,0,0,0,0,0,1,FALSE,-1,FALSE,FALSE,FALSE,FALSE,0,1,FALSE,TRUE,TRUE,SKELETALSAMURAI/name/Royal Swordmaster/title//hitsmaxseed/900/hits/900/damagemax/270/damagemin/200/ADD/conanssword/ADD/honorableswords/ADD/advancedswordsstudybook:MX=1:SB=0:RT=0:TO=0:KL=0:RK=0:CA=1:DN=-1:DX=-1:SP=1:PR=-1,,TRUE
dio-wolfgangscrypt-007,custom,Sosaria,5960,2669,0,0,5960,2669,0,0,1,30,60,FALSE,0,0,-1,500,1,FALSE,0,0,0,0,0,1,FALSE,-1,FALSE,FALSE,FALSE,FALSE,0,1,FALSE,TRUE,TRUE,beholder/name/Tomb Watcher/title//hitsmaxseed/500/hits/500/damagemax/30/damagemin/10/ADD/magictalisman/direction/east/ADD/<bonelegs/name/Dead Legs/maxhitpoints/200/hitpoints/200/physicalbonus/67/strrequirement/0>:MX=1:SB=0:RT=0:TO=0:KL=0:RK=0:CA=1:DN=-1:DX=-1:SP=1:PR=-1,,TRUE
dio-wolfgangscrypt-008,custom,Sosaria,6013,2579,0,0,6013,2579,0,0,1,30,60,FALSE,0,0,-1,500,1,FALSE,0,0,0,0,0,1,FALSE,-1,FALSE,FALSE,FALSE,FALSE,0,1,FALSE,TRUE,TRUE,skeletalsamurai/name/Honorguard/title//hitsmaxseed/900/hits/900/damagemax/200/damagemin/100/hue/2091/ADD/<dragonhelm/hue/2091/strrequirement/0/maxhitpoints/900/hitpoints/900/physicalbonus/66/coldbonus/65/firebonus/66/poisonbonus/67/energybonus/65/name/Honorguard Crown/resource/gold>/direction/south:MX=1:SB=0:RT=0:TO=0:KL=0:RK=0:CA=1:DN=-1:DX=-1:SP=1:PR=-1,,TRUE
dio-wolfgangscrypt-009,custom,Sosaria,6029,2660,0,0,6029,2660,0,0,1,30,60,FALSE,0,0,-1,500,1,FALSE,0,0,0,0,0,1,FALSE,-1,FALSE,FALSE,FALSE,FALSE,0,1,FALSE,TRUE,TRUE,zombiemage/name/Crypt Keeper/title//hitsmaxseed/200/hits/200/damagemax/50/damagemin/10/ADD/<bonehelm/name/Dead Head/maxhitpoints/100/hitpoints/100/strrequirement/0>:MX=1:SB=0:RT=0:TO=0:KL=0:RK=0:CA=1:DN=-1:DX=-1:SP=1:PR=-1,,TRUE
dio-wolfgangscrypt-010,custom,Sosaria,6007,2619,6,6,6010,2622,0,0,3,30,60,FALSE,0,0,-1,500,1,FALSE,0,0,0,0,0,1,FALSE,-1,FALSE,FALSE,FALSE,FALSE,0,1,FALSE,TRUE,TRUE,imp/name/Tomb Pest/title//hitsmaxseed/10/hits/10/damagemax/50/damagemin/10/ADD/arcanegem:MX=3:SB=0:RT=0:TO=0:KL=0:RK=0:CA=1:DN=-1:DX=-1:SP=1:PR=-1,,TRUE
dio-wolfgangscrypt-011,custom,Sosaria,6024,2604,0,0,6024,2604,0,0,1,30,60,FALSE,0,0,-1,500,1,FALSE,0,0,0,0,0,1,FALSE,-1,FALSE,FALSE,FALSE,FALSE,0,1,FALSE,TRUE,TRUE,witches/name/Siddo/title/the Creepy Merchant/hitsmaxseed/1000/hits/1000/damagemax/150/damagemin/110/bodyvalue/253/direction/south/hue/0/fireresistseed/100/poisonresistseed/100/coldresistseed/100/ADD/chocolatemonster:MX=1:SB=0:RT=0:TO=0:KL=0:RK=0:CA=1:DN=-1:DX=-1:SP=1:PR=-1,,TRUE
dio-wolfgangscrypt-012,custom,Sosaria,6080,2616,10,10,6085,2621,0,0,3,30,60,FALSE,0,0,-1,500,1,FALSE,0,0,0,0,0,1,FALSE,-1,FALSE,FALSE,FALSE,FALSE,0,1,FALSE,TRUE,TRUE,Rottingminotaur/name/Walking Effigy/title//hitsmaxseed/900/hits/900/damagemax/90/damagemin/10:MX=3:SB=0:RT=0:TO=0:KL=0:RK=0:CA=1:DN=-1:DX=-1:SP=1:PR=-1,,TRUE
dio-wolfgangscrypt-013,custom,Sosaria,6078,2599,0,0,6078,2599,0,0,1,30,60,FALSE,0,0,-1,500,1,FALSE,0,0,0,0,0,1,FALSE,-1,FALSE,FALSE,FALSE,FALSE,0,1,FALSE,TRUE,TRUE,Rottingminotaur/name/Walking Effigy/title//hitsmaxseed/900/hits/900/damagemax/90/damagemin/10:MX=1:SB=0:RT=0:TO=0:KL=0:RK=0:CA=1:DN=-1:DX=-1:SP=1:PR=-1,,TRUE
dio-wolfgangscrypt-014,custom,Sosaria,5959,2582,0,0,5959,2582,0,0,1,30,60,FALSE,0,0,-1,500,1,FALSE,0,0,0,0,0,1,FALSE,-1,FALSE,FALSE,FALSE,FALSE,0,1,FALSE,TRUE,TRUE,skeletalsamurai/name/Honorguard/title//hitsmaxseed/900/hits/900/damagemax/200/damagemin/100/hue/2091/ADD/<dragonhelm/hue/2091/strrequirement/0/maxhitpoints/900/hitpoints/900/physicalbonus/66/coldbonus/65/firebonus/66/poisonbonus/67/energybonus/65/name/Honorguard Crown/resource/gold>/direction/south:MX=1:SB=0:RT=0:TO=0:KL=0:RK=0:CA=1:DN=-1:DX=-1:SP=1:PR=-1,,TRUE
dio-wolfgangscrypt-015,custom,Sosaria,6023,2568,10,10,6028,2573,0,0,2,30,60,FALSE,0,0,-1,500,1,FALSE,0,0,0,0,0,1,FALSE,-1,FALSE,FALSE,FALSE,FALSE,0,1,FALSE,TRUE,TRUE,Rottingminotaur/name/Walking Effigy/title//hitsmaxseed/900/hits/900/damagemax/90/damagemin/10:MX=2:SB=0:RT=0:TO=0:KL=0:RK=0:CA=1:DN=-1:DX=-1:SP=1:PR=-1,,TRUE
dio-wolfgangscrypt-016,custom,Sosaria,5985,2607,0,0,5985,2607,0,0,1,30,60,FALSE,0,0,-1,500,1,FALSE,0,0,0,0,0,1,FALSE,-1,FALSE,FALSE,FALSE,FALSE,0,1,FALSE,TRUE,TRUE,Rottingminotaur/name/Walking Effigy/title//hitsmaxseed/900/hits/900/damagemax/90/damagemin/10:MX=1:SB=0:RT=0:TO=0:KL=0:RK=0:CA=1:DN=-1:DX=-1:SP=1:PR=-1,,TRUE
dio-wolfgangscrypt-017,custom,Sosaria,5949,2641,0,0,5949,2641,0,0,1,30,60,FALSE,0,0,-1,500,1,FALSE,0,0,0,0,0,1,FALSE,-1,FALSE,FALSE,FALSE,FALSE,0,1,FALSE,TRUE,TRUE,zombiemage/name/Crypt Keeper/title//hitsmaxseed/200/hits/200/damagemax/50/damagemin/10/ADD/<bonearms/name/Skeleton Arms/strrequirement/0/firebonus/67/maxhitpoints/100/hitpoints/100>:MX=1:SB=0:RT=0:TO=0:KL=0:RK=0:CA=1:DN=-1:DX=-1:SP=1:PR=-1,,TRUE
dio-wolfgangscrypt-018,custom,Sosaria,5980,2658,0,0,5980,2658,0,0,1,30,60,FALSE,0,0,-1,500,1,FALSE,0,0,0,0,0,1,FALSE,-1,FALSE,FALSE,FALSE,FALSE,0,1,FALSE,TRUE,TRUE,zombiemage/name/Crypt Keeper/title//hitsmaxseed/200/hits/200/damagemax/50/damagemin/10/ADD/<bonearms/name/Skeleton Arms/strrequirement/0/firebonus/67/maxhitpoints/100/hitpoints/100>:MX=1:SB=0:RT=0:TO=0:KL=0:RK=0:CA=1:DN=-1:DX=-1:SP=1:PR=-1,,TRUE
dio-wolfgangscrypt-019,custom,Sosaria,6081,2576,0,0,6081,2576,0,0,1,30,60,FALSE,0,0,-1,500,1,FALSE,0,0,0,0,0,1,FALSE,-1,FALSE,FALSE,FALSE,FALSE,0,1,FALSE,TRUE,TRUE,"Royalsphinx/name/Eternal Guardian/title//hitsmaxseed/5000/hits/5000/damagemax/270/damagemin/200/energyresistseed/100/fireresistseed/100/ADD/<demonwings/name/Wings of the Guardian/strrequirement/0/hue/0>/ADD/magicaldyes/ADD/pandorasbox/ATTACH/xmlstamdrain,900:MX=1:SB=0:RT=0:TO=0:KL=0:RK=0:CA=1:DN=-1:DX=-1:SP=1:PR=-1",,TRUE
dio-wolfgangscrypt-020,custom,Sosaria,5963,2578,0,0,5963,2578,0,0,1,30,60,FALSE,0,0,-1,500,1,FALSE,0,0,0,0,0,1,FALSE,-1,FALSE,FALSE,FALSE,FALSE,0,1,FALSE,TRUE,TRUE,skeletalsamurai/name/Honorguard/title//hitsmaxseed/900/hits/900/damagemax/200/damagemin/100/hue/2091/ADD/<dragonhelm/hue/2091/strrequirement/0/maxhitpoints/900/hitpoints/900/physicalbonus/66/coldbonus/65/firebonus/66/poisonbonus/67/energybonus/65/name/Honorguard Crown/resource/gold>/direction/east:MX=1:SB=0:RT=0:TO=0:KL=0:RK=0:CA=1:DN=-1:DX=-1:SP=1:PR=-1,,TRUE
dio-wolfgangscrypt-021,custom,Sosaria,6073,2580,0,0,6073,2580,0,0,1,30,60,FALSE,0,0,-1,500,1,FALSE,0,0,0,0,0,1,FALSE,-1,FALSE,FALSE,FALSE,FALSE,0,1,FALSE,TRUE,TRUE,skeletalsamurai/name/Honorguard/title//hitsmaxseed/900/hits/900/damagemax/200/damagemin/100/hue/2091/ADD/<dragonhelm/hue/2091/strrequirement/0/maxhitpoints/900/hitpoints/900/physicalbonus/66/coldbonus/65/firebonus/66/poisonbonus/67/energybonus/65/name/Honorguard Crown/resource/gold>/direction/south:MX=1:SB=0:RT=0:TO=0:KL=0:RK=0:CA=1:DN=-1:DX=-1:SP=1:PR=-1,,TRUE
dio-wolfgangscrypt-022,custom,Sosaria,6003,2642,0,0,6003,2642,0,0,1,30,60,FALSE,0,0,-1,500,1,FALSE,0,0,0,0,0,1,FALSE,-1,FALSE,FALSE,FALSE,FALSE,0,1,FALSE,TRUE,TRUE,FrailSkeleton/name/Servant/title//hitsmaxseed/50/hits/50/damagemax/20/damagemin/5/ADD/<cutlass/name/Rusty Sword/strrequirement/0/maxhitpoints/100/maxdamage/20/mindamage/15/speed/1.5>:MX=1:SB=0:RT=0:TO=0:KL=0:RK=0:CA=1:DN=-1:DX=-1:SP=1:PR=-1,,TRUE
dio-wolfgangscrypt-023,custom,Sosaria,5991,2657,4,4,5993,2659,0,0,2,30,60,FALSE,0,0,-1,500,1,FALSE,0,0,0,0,0,1,FALSE,-1,FALSE,FALSE,FALSE,FALSE,0,1,FALSE,TRUE,TRUE,imp/name/Tomb Pest/title//hitsmaxseed/10/hits/10/damagemax/50/damagemin/10/ADD/arcanegem:MX=2:SB=0:RT=0:TO=0:KL=0:RK=0:CA=1:DN=-1:DX=-1:SP=1:PR=-1,,TRUE
dio-wolfgangscrypt-024,custom,Sosaria,5974,2572,6,6,5977,2575,0,0,3,30,60,FALSE,0,0,-1,500,1,FALSE,0,0,0,0,0,1,FALSE,-1,FALSE,FALSE,FALSE,FALSE,0,1,FALSE,TRUE,TRUE,Rottingminotaur/name/Walking Effigy/title//hitsmaxseed/900/hits/900/damagemax/90/damagemin/10:MX=3:SB=0:RT=0:TO=0:KL=0:RK=0:CA=1:DN=-1:DX=-1:SP=1:PR=-1,,TRUE
dio-wolfgangscrypt-025,custom,Sosaria,6089,2580,0,0,6089,2580,0,0,1,30,60,FALSE,0,0,-1,500,1,FALSE,0,0,0,0,0,1,FALSE,-1,FALSE,FALSE,FALSE,FALSE,0,1,FALSE,TRUE,TRUE,skeletalsamurai/name/Honorguard/title//hitsmaxseed/900/hits/900/damagemax/200/damagemin/100/hue/2091/ADD/<dragonhelm/hue/2091/strrequirement/0/maxhitpoints/900/hitpoints/900/physicalbonus/66/coldbonus/65/firebonus/66/poisonbonus/67/energybonus/65/name/Honorguard Crown/resource/gold>/direction/south:MX=1:SB=0:RT=0:TO=0:KL=0:RK=0:CA=1:DN=-1:DX=-1:SP=1:PR=-1,,TRUE
dio-wolfgangscrypt-026,custom,Sosaria,5985,2641,10,10,5990,2646,0,0,3,30,60,FALSE,0,0,-1,500,1,FALSE,0,0,0,0,0,1,FALSE,-1,FALSE,FALSE,FALSE,FALSE,0,1,FALSE,TRUE,TRUE,FrailSkeleton/name/Servant/title//hitsmaxseed/100/hits/100/damagemax/20/damagemin/5/ADD/<bonechest/name/Undead Ribcage/strrequirement/0/coldbonus/66/energybonus/66/poisonbonus/68/maxhitpoints/100/hitpoints/100>:MX=3:SB=0:RT=0:TO=0:KL=0:RK=0:CA=1:DN=-1:DX=-1:SP=1:PR=-1,,TRUE
dio-wolfgangscrypt-027,custom,Sosaria,6061,2659,0,0,6061,2659,0,0,1,30,60,FALSE,0,0,-1,500,1,FALSE,0,0,0,0,0,1,FALSE,-1,FALSE,FALSE,FALSE,FALSE,0,1,FALSE,TRUE,TRUE,ANCIENTCYCLOPS/name/Cyclops Intruder/title//hitsmaxseed/700/hits/700/damagemax/90/damagemin/10:MX=1:SB=0:RT=0:TO=0:KL=0:RK=0:CA=1:DN=-1:DX=-1:SP=1:PR=-1,,TRUE
dio-wolfgangscrypt-028,custom,Sosaria,6006,2579,0,0,6006,2579,0,0,1,30,60,FALSE,0,0,-1,500,1,FALSE,0,0,0,0,0,1,FALSE,-1,FALSE,FALSE,FALSE,FALSE,0,1,FALSE,TRUE,TRUE,skeletalsamurai/name/Honorguard/title//hitsmaxseed/900/hits/900/damagemax/200/damagemin/100/hue/2091/ADD/<dragonhelm/hue/2091/strrequirement/0/maxhitpoints/900/hitpoints/900/physicalbonus/66/coldbonus/65/firebonus/66/poisonbonus/67/energybonus/65/name/Honorguard Crown/resource/gold>/direction/south:MX=1:SB=0:RT=0:TO=0:KL=0:RK=0:CA=1:DN=-1:DX=-1:SP=1:PR=-1,,TRUE
dio-wolfgangscrypt-029,custom,Sosaria,6037,2593,0,0,6037,2593,0,0,1,30,60,FALSE,0,0,-1,500,1,FALSE,0,0,0,0,0,1,FALSE,-1,FALSE,FALSE,FALSE,FALSE,0,1,FALSE,TRUE,TRUE,Rottingminotaur/name/Walking Effigy/title//hitsmaxseed/900/hits/900/damagemax/90/damagemin/10:MX=1:SB=0:RT=0:TO=0:KL=0:RK=0:CA=1:DN=-1:DX=-1:SP=1:PR=-1,,TRUE
dio-wolfgangscrypt-030,custom,Sosaria,6086,2606,0,0,6086,2606,0,0,1,30,60,FALSE,0,0,-1,500,1,FALSE,0,0,0,0,0,1,FALSE,-1,FALSE,FALSE,FALSE,FALSE,0,1,FALSE,TRUE,TRUE,driderwizard/name/Spider Queen/title//hitsmaxseed/600/hits/600/damagemax/50/damagemin/10:MX=1:SB=0:RT=0:TO=0:KL=0:RK=0:CA=1:DN=-1:DX=-1:SP=1:PR=-1,,TRUE
dio-wolfgangscrypt-031,custom,Sosaria,6020,2645,0,0,6020,2645,0,0,1,30,60,FALSE,0,0,-1,500,1,FALSE,0,0,0,0,0,1,FALSE,-1,FALSE,FALSE,FALSE,FALSE,0,1,FALSE,TRUE,TRUE,rogue/name/Grave Robber/title//hitsmaxseed/100/hits/100/damagemax/50/damagemin/10/hue/0:MX=1:SB=0:RT=0:TO=0:KL=0:RK=0:CA=1:DN=-1:DX=-1:SP=1:PR=-1,,TRUE
dio-wolfgangscrypt-032,custom,Sosaria,5954,2655,0,0,5954,2655,0,0,1,30,60,FALSE,0,0,-1,500,1,FALSE,0,0,0,0,0,1,FALSE,-1,FALSE,FALSE,FALSE,FALSE,0,1,FALSE,TRUE,TRUE,zombiemage/name/Crypt Keeper/title//hitsmaxseed/200/hits/200/damagemax/50/damagemin/10/ADD/<bonegloves/maxhitpoints/100/hitpoints/100/strrequirement/0/name/Dead Mans Hand>:MX=1:SB=0:RT=0:TO=0:KL=0:RK=0:CA=1:DN=-1:DX=-1:SP=1:PR=-1,,TRUE
dio-wolfgangscrypt-033,custom,Sosaria,6010,2589,0,0,6010,2589,0,0,1,30,60,FALSE,0,0,-1,500,1,FALSE,0,0,0,0,0,1,FALSE,-1,FALSE,FALSE,FALSE,FALSE,0,1,FALSE,TRUE,TRUE,BoneGolem/name/Tomb Warden/title//hitsmaxseed/1000/hits/1000/damagemax/50/damagemin/10/rangeperception/3/direction/south:MX=1:SB=0:RT=0:TO=0:KL=0:RK=0:CA=1:DN=-1:DX=-1:SP=1:PR=-1,,TRUE
dio-wolfgangscrypt-034,custom,Sosaria,6010,2567,0,0,6010,2567,10,1,1,30,60,FALSE,0,0,-1,500,1,FALSE,0,0,0,0,0,1,FALSE,-1,FALSE,FALSE,FALSE,FALSE,0,1,FALSE,TRUE,TRUE,"skeletalknight/name/Old King Wolfgang/title//hitsmaxseed/4000/hits/4000/damagemax/250/damagemin/210/hue/2091/bodyvalue/768/direction/south/ATTACH/xmlstamdrain,900/ADD/suitofgoldarmordeed/ADD/<claymore/name/King Blade/maxdamage/50/mindamage/45/maxhitpoints/10/hitpoints/10/weight/5/hue/2091/maxrange/2/speed/2:MX=1:SB=0:RT=0:TO=0:KL=0:RK=0:CA=1:DN=-1:DX=-1:SP=1:PR=-1",,TRUE
dio-wolfgangscrypt-035,custom,Sosaria,6045,2670,0,0,6045,2670,0,0,1,30,60,FALSE,0,0,-1,500,1,FALSE,0,0,0,0,0,1,FALSE,-1,FALSE,FALSE,FALSE,FALSE,0,1,FALSE,TRUE,TRUE,ANCIENTCYCLOPS/name/Cyclops Intruder/title//hitsmaxseed/700/hits/700/damagemax/90/damagemin/10:MX=1:SB=0:RT=0:TO=0:KL=0:RK=0:CA=1:DN=-1:DX=-1:SP=1:PR=-1,,TRUE
dio-wolfgangscrypt-036,custom,Sosaria,5991,2573,0,0,5991,2573,0,0,1,30,60,FALSE,0,0,-1,500,1,FALSE,0,0,0,0,0,1,FALSE,-1,FALSE,FALSE,FALSE,FALSE,0,1,FALSE,TRUE,TRUE,undeaddruid/name/Evil Druid/title//hitsmaxseed/200/hits/200/damagemax/50/damagemin/10:MX=1:SB=0:RT=0:TO=0:KL=0:RK=0:CA=1:DN=-1:DX=-1:SP=1:PR=-1,,TRUE
dio-wolfgangscrypt-037,custom,Sosaria,5998,2619,0,0,5998,2619,0,0,1,30,60,FALSE,0,0,-1,500,1,FALSE,0,0,0,0,0,1,FALSE,-1,FALSE,FALSE,FALSE,FALSE,0,1,FALSE,TRUE,TRUE,rogue/name/Grave Robber/title//hitsmaxseed/300/hits/300/damagemax/70/damagemin/40/ADD/MagicSkeltonsKey:MX=1:SB=0:RT=0:TO=0:KL=0:RK=0:CA=1:DN=-1:DX=-1:SP=1:PR=-1,,TRUE
dio-wolfgangscrypt-038,standard,Sosaria,6021,2621,0,0,6021,2621,0,0,1,30,60,FALSE,0,0,-1,500,1,FALSE,0,0,0,0,0,1,FALSE,-1,FALSE,FALSE,FALSE,FALSE,0,1,FALSE,TRUE,TRUE,LargeSpider:MX=1:SB=0:RT=0:TO=0:KL=0:RK=0:CA=1:DN=-1:DX=-1:SP=1:PR=-1,,
dio-wolfgangscrypt-039,standard,Sosaria,6067,2624,0,0,6067,2624,10,0,1,3,5,FALSE,0,0,-1,500,1,FALSE,0,0,0,0,0,1,FALSE,-1,FALSE,FALSE,FALSE,FALSE,0,1,FALSE,TRUE,TRUE,BlankScroll/amount/99:MX=1:SB=0:RT=0:TO=0:KL=0:RK=0:CA=1:DN=-1:DX=-1:SP=1:PR=-1,,
dio-wolfgangscrypt-040,standard,Sosaria,6057,2604,0,0,6057,2604,0,0,1,30,60,FALSE,0,0,-1,500,1,FALSE,0,0,0,0,0,1,FALSE,-1,FALSE,FALSE,FALSE,FALSE,0,1,FALSE,TRUE,TRUE,LargeSpider:MX=1:SB=0:RT=0:TO=0:KL=0:RK=0:CA=1:DN=-1:DX=-1:SP=1:PR=-1,,
dio-wolfgangscrypt-041,standard,Sosaria,5948,2567,10,10,5953,2572,0,0,10,30,60,FALSE,0,0,-1,500,1,FALSE,0,0,0,0,0,1,FALSE,-1,FALSE,FALSE,FALSE,FALSE,0,1,FALSE,TRUE,TRUE,stealbase:MX=10:SB=0:RT=0:TO=0:KL=0:RK=0:CA=1:DN=-1:DX=-1:SP=1:PR=-1,,
dio-wolfgangscrypt-042,standard,Sosaria,6035,2606,0,0,6035,2606,0,0,1,30,60,FALSE,0,0,-1,500,1,FALSE,0,0,0,0,0,1,FALSE,-1,FALSE,FALSE,FALSE,FALSE,0,1,FALSE,TRUE,TRUE,LargeSpider:MX=1:SB=0:RT=0:TO=0:KL=0:RK=0:CA=1:DN=-1:DX=-1:SP=1:PR=-1,,
dio-wolfgangscrypt-043,standard,Sosaria,5945,2665,10,10,5950,2670,0,5,20,25,30,FALSE,0,0,-1,500,1,FALSE,0,0,0,0,0,1,FALSE,-1,FALSE,FALSE,FALSE,FALSE,0,1,FALSE,TRUE,TRUE,DungeonChest:MX=20:SB=0:RT=0:TO=0:KL=0:RK=0:CA=1:DN=-1:DX=-1:SP=1:PR=-1,,
dio-wolfgangscrypt-044,standard,Sosaria,6060,2604,8,8,6064,2608,0,0,3,30,60,FALSE,0,0,-1,500,1,FALSE,0,0,0,0,0,1,FALSE,-1,FALSE,FALSE,FALSE,FALSE,0,1,FALSE,TRUE,TRUE,LargeSpider:MX=3:SB=0:RT=0:TO=0:KL=0:RK=0:CA=1:DN=-1:DX=-1:SP=1:PR=-1,,
dio-wolfgangscrypt-045,standard,Sosaria,6086,2643,0,0,6086,2643,0,0,1,30,60,FALSE,0,0,-1,500,1,FALSE,0,0,0,0,0,1,FALSE,-1,FALSE,FALSE,FALSE,FALSE,0,1,FALSE,TRUE,TRUE,fireelemental:MX=1:SB=0:RT=0:TO=0:KL=0:RK=0:CA=1:DN=-1:DX=-1:SP=1:PR=-1,,
