"Command","AccessLevel","Handler","File","Line","LikelySystem","RegistrationLine"
"","","","Data/Scripts/Custom/BoatNavigationTotem/BoatNavigationTotam.cs","19","Custom:BoatNavigationTotem","CommandSystem.Register("
"","","","Data/Scripts/Custom/BoatNavigationTotem/BoatNavigationTotam.cs","24","Custom:BoatNavigationTotem","CommandSystem.Register("
"","","","Data/Scripts/Custom/BoatNavigationTotem/BoatNavigationTotam.cs","29","Custom:BoatNavigationTotem","CommandSystem.Register("
"","","","Data/Scripts/Custom/BondInfo/BondInfo.cs","14","Custom:BondInfo","CommandSystem.Register("
"","","","Data/Scripts/Custom/ChangeSeason/ChangeSeason.cs","12","Custom:ChangeSeason","CommandSystem.Register("
"","","","Data/Scripts/Custom/Character Swap/CharacterSwap.cs","14","Custom:Character Swap","CommandSystem.Register("
"","","","Data/Scripts/Custom/ClearDeckCommand/ClearDeckCommand.cs","15","Custom:ClearDeckCommand","CommandSystem.Register("
"","","","Data/Scripts/Custom/Government System/CityUpgradeSystem.cs","17","Custom:Government System","CommandSystem.Register("
"","","","Data/Scripts/Custom/Government System/Commands/AdminAdd.cs","16","Custom:Government System","CommandSystem.Register("
"","","","Data/Scripts/Custom/Government System/Commands/FindCities.cs","16","Custom:Government System","CommandSystem.Register("
"","","","Data/Scripts/Custom/Government System/Commands/GovernmentTestingCommand.cs","16","Custom:Government System","CommandSystem.Register("
"","","","Data/Scripts/Custom/Government System/Commands/GovHelp.cs","16","Custom:Government System","CommandSystem.Register("
"","","","Data/Scripts/Custom/Government System/Items/Stones/CityManagementStone.cs","465","Custom:Government System","CommandSystem.Register("
"","","","Data/Scripts/Custom/Government System/Vendor/CityPlayerVendor.cs","68","Custom:Government System","CommandSystem.Register("
"","","","Data/Scripts/Custom/Government System/Vendor/CityPlayerVendor.cs","73","Custom:Government System","CommandSystem.Register("
"","","","Data/Scripts/Custom/Invasion System/Gump/InvasionGump.cs","14","Custom:Invasion System","CommandSystem.Register("
"Clone","","Clone_OnCommand","Data/Scripts/Custom/NPC Control/CloneCommands.cs","21","Custom:NPC Control","CommandSystem.Register(""Clone"", accessLevel, new CommandEventHandler(Clone_OnCommand));"
"","","","Data/Scripts/Custom/NPC Control/CloneCommands.cs","22","Custom:NPC Control","CommandSystem.Register("
"","","","Data/Scripts/Custom/NPC Control/StaffCommands/CloneMe.cs","17","Custom:NPC Control","CommandSystem.Register("
"GmMe","","GmMe_OnCommand","Data/Scripts/Custom/NPC Control/StaffCommands/GmMe.cs","14","Custom:NPC Control","CommandSystem.Register(""GmMe"", accessLevel, new CommandEventHandler(GmMe_OnCommand));"
"","","","Data/Scripts/Custom/NPC Control/StaffCommands/HearAll.cs","15","Custom:NPC Control","CommandSystem.Register("
"","","","Data/Scripts/Custom/NPC Control/StaffCommands/Refresh.cs","14","Custom:NPC Control","CommandSystem.Register("
"","","","Data/Scripts/Custom/NPC Control/StaffCommands/SayThis.cs","16","Custom:NPC Control","CommandSystem.Register("
"NudgeSelfDown","GameMaster","NudgeSelfDown_OnCommand","Data/Scripts/Custom/OrbRemoteServer/UOArchitect/ClientCommands.cs","15","Custom:OrbRemoteServer","CommandSystem.Register(""NudgeSelfDown"", AccessLevel.GameMaster, new CommandEventHandler(NudgeSelfDown_OnCommand));"
"NudgeSelfUp","GameMaster","NudgeSelfUp_OnCommand","Data/Scripts/Custom/OrbRemoteServer/UOArchitect/ClientCommands.cs","16","Custom:OrbRemoteServer","CommandSystem.Register(""NudgeSelfUp"", AccessLevel.GameMaster, new CommandEventHandler(NudgeSelfUp_OnCommand));"
"MRemove","GameMaster","MultiRemove_OnCommand","Data/Scripts/Custom/OrbRemoteServer/UOArchitect/ClientCommands.cs","55","Custom:OrbRemoteServer","CommandSystem.Register(""MRemove"", AccessLevel.GameMaster, new CommandEventHandler(MultiRemove_OnCommand));"
"","","","Data/Scripts/Custom/Player Range Sensitive Mod/setdeactivation.cs","15","Custom:Player Range Sensitive Mod","CommandSystem.Register("
"","","","Data/Scripts/Custom/Point Command [2.0]/Point.cs","15","Custom:Point Command [2.0]","CommandSystem.Register("
"","","","Data/Scripts/Custom/Progression/CharacterLevel/CharacterLevelCommands.cs","14","Custom:Progression","CommandSystem.Register("
"","","","Data/Scripts/Custom/Progression/CharacterLevel/CharacterLevelCommands.cs","20","Custom:Progression","CommandSystem.Register("
"","","","Data/Scripts/Custom/PvE/CloneOfflinePlayerCharacters/CheckClonesCommand.cs","19","Custom:PvE","CommandSystem.Register("
"","","","Data/Scripts/Custom/PvE/RandomEncounters/Commands.cs","23","Custom:PvE","Server.Commands.CommandSystem.Register("
"","","","Data/Scripts/Custom/PvPConsent/Gumps/PKNONPKGUMP.cs","89","Custom:PvPConsent","CommandSystem.Register("
"","","","Data/Scripts/Custom/Searches/Commands.cs","23","Custom:Searches","Server.Commands.CommandSystem.Register("
"","","","Data/Scripts/Custom/StaffTools/StaticGumpTool/StaticGump(Alternative).cs","13","Custom:StaffTools","CommandSystem.Register("
"","","","Data/Scripts/Custom/StaffTools/StaticGumpTool/StaticGump(Alternative).cs","18","Custom:StaffTools","CommandSystem.Register("
"","","","Data/Scripts/Custom/StaffTools/StaticGumpTool/StaticGump(Alternative).cs","23","Custom:StaffTools","CommandSystem.Register("
"","","","Data/Scripts/Custom/StaffTools/StaticGumpTool/Side Gumps/AddAnimation.cs","18","Custom:StaffTools","CommandSystem.Register("
"","","","Data/Scripts/Custom/StaffTools/StaticGumpTool/Side Gumps/AddArch.cs","18","Custom:StaffTools","CommandSystem.Register("
"","","","Data/Scripts/Custom/StaffTools/StaticGumpTool/Side Gumps/AddCooking.cs","18","Custom:StaffTools","CommandSystem.Register("
"","","","Data/Scripts/Custom/StaffTools/StaticGumpTool/Side Gumps/AddCustom.cs","18","Custom:StaffTools","CommandSystem.Register("
"","","","Data/Scripts/Custom/StaffTools/StaticGumpTool/Side Gumps/AddDeco.cs","18","Custom:StaffTools","CommandSystem.Register("
"","","","Data/Scripts/Custom/StaffTools/StaticGumpTool/Side Gumps/AddDungeon.cs","18","Custom:StaffTools","CommandSystem.Register("
"","","","Data/Scripts/Custom/StaffTools/StaticGumpTool/Side Gumps/addfence.cs","13","Custom:StaffTools","CommandSystem.Register("
"","","","Data/Scripts/Custom/StaffTools/StaticGumpTool/Side Gumps/addfloor.cs","18","Custom:StaffTools","CommandSystem.Register("
"","","","Data/Scripts/Custom/StaffTools/StaticGumpTool/Side Gumps/AddFurniture.cs","18","Custom:StaffTools","CommandSystem.Register("
"","","","Data/Scripts/Custom/StaffTools/StaticGumpTool/Side Gumps/AddGear.cs","18","Custom:StaffTools","CommandSystem.Register("
"","","","Data/Scripts/Custom/StaffTools/StaticGumpTool/Side Gumps/AddGround.cs","18","Custom:StaffTools","CommandSystem.Register("
"","","","Data/Scripts/Custom/StaffTools/StaticGumpTool/Side Gumps/AddLight.cs","18","Custom:StaffTools","CommandSystem.Register("
"","","","Data/Scripts/Custom/StaffTools/StaticGumpTool/Side Gumps/AddMisc.cs","18","Custom:StaffTools","CommandSystem.Register("
"","","","Data/Scripts/Custom/StaffTools/StaticGumpTool/Side Gumps/AddNature.cs","18","Custom:StaffTools","CommandSystem.Register("
"","","","Data/Scripts/Custom/StaffTools/StaticGumpTool/Side Gumps/addplants.cs","18","Custom:StaffTools","CommandSystem.Register("
"","","","Data/Scripts/Custom/StaffTools/StaticGumpTool/Side Gumps/addrock.cs","18","Custom:StaffTools","CommandSystem.Register("
"","","","Data/Scripts/Custom/StaffTools/StaticGumpTool/Side Gumps/addroof.cs","18","Custom:StaffTools","CommandSystem.Register("
"","","","Data/Scripts/Custom/StaffTools/StaticGumpTool/Side Gumps/AddSignPost.cs","18","Custom:StaffTools","CommandSystem.Register("
"","","","Data/Scripts/Custom/StaffTools/StaticGumpTool/Side Gumps/AddStairGump.cs","18","Custom:StaffTools","CommandSystem.Register("
"","","","Data/Scripts/Custom/StaffTools/StaticGumpTool/Side Gumps/AddWallGump.cs","18","Custom:StaffTools","CommandSystem.Register("
"","","","Data/Scripts/Custom/TellAFriend/TellAFriend.cs","416","Custom:TellAFriend","CommandSystem.Register("
"","","","Data/Scripts/Custom/Vhaerun's CRL Homestead System [2.0]/Dracana's Winecrafting [2.0]/Commands/AddGrapevines.cs","20","Custom:Vhaerun's CRL Homestead System [2.0]","CommandSystem.Register("
"","","","Data/Scripts/Custom/Vhaerun's CRL Homestead System [2.0]/Vhaerun's CRL Cooking/Package Systems/HungerGump/HungerGump.cs","22","Custom:Vhaerun's CRL Homestead System [2.0]","CommandSystem.Register("
"","","","Data/Scripts/Custom/Vhaerun's CRL Homestead System [2.0]/Vhaerun's CRL Cooking/Package Systems/HungerGump/HungerGump.cs","27","Custom:Vhaerun's CRL Homestead System [2.0]","CommandSystem.Register("
"Vote","Player","","Data/Scripts/Custom/Voting/VoteCommand.cs","18","Custom:Voting","CommandSystem.Register(""Vote"", AccessLevel.Player, Vote_OnCommand);"
"VoteConfig","GameMaster","","Data/Scripts/Custom/Voting/VoteCommand.cs","19","Custom:Voting","CommandSystem.Register(""VoteConfig"", AccessLevel.GameMaster, VoteConfig_OnCommand);"
"VoteInstance","GameMaster","","Data/Scripts/Custom/Voting/VoteCommand.cs","20","Custom:Voting","CommandSystem.Register(""VoteInstance"", AccessLevel.GameMaster, VoteInstance_OnCommand);"
"","","","Data/Scripts/Custom/XMLSpawner/ItemFlags.cs","17","Custom:XMLSpawner","CommandSystem.Register("
"","","","Data/Scripts/Custom/XMLSpawner/ItemFlags.cs","22","Custom:XMLSpawner","CommandSystem.Register("
"","","","Data/Scripts/Custom/XMLSpawner/XmlSpawner2.cs","4302","Custom:XMLSpawner","CommandSystem.Register(newname, access, e.Handler);"
"","","","Data/Scripts/Custom/XMLSpawner/XmlSpawner2.cs","4491","Custom:XMLSpawner","CommandSystem.Register("
"","","","Data/Scripts/Custom/XMLSpawner/XmlSpawner2.cs","4496","Custom:XMLSpawner","CommandSystem.Register("
"","","","Data/Scripts/Custom/XMLSpawner/XmlSpawner2.cs","4501","Custom:XMLSpawner","CommandSystem.Register("
"","","","Data/Scripts/Custom/XMLSpawner/XmlSpawner2.cs","4506","Custom:XMLSpawner","CommandSystem.Register("
"","","","Data/Scripts/Custom/XMLSpawner/XmlSpawner2.cs","4511","Custom:XMLSpawner","CommandSystem.Register("
"","","","Data/Scripts/Custom/XMLSpawner/XmlSpawner2.cs","4516","Custom:XMLSpawner","CommandSystem.Register("
"","","","Data/Scripts/Custom/XMLSpawner/XmlSpawner2.cs","4521","Custom:XMLSpawner","CommandSystem.Register("
"","","","Data/Scripts/Custom/XMLSpawner/XmlSpawner2.cs","4527","Custom:XMLSpawner","CommandSystem.Register("
"","","","Data/Scripts/Custom/XMLSpawner/XmlSpawner2.cs","4532","Custom:XMLSpawner","CommandSystem.Register("
"","","","Data/Scripts/Custom/XMLSpawner/XmlSpawner2.cs","4539","Custom:XMLSpawner","CommandSystem.Register("
"","","","Data/Scripts/Custom/XMLSpawner/XmlSpawner2.cs","4544","Custom:XMLSpawner","CommandSystem.Register("
"","","","Data/Scripts/Custom/XMLSpawner/XmlSpawner2.cs","4550","Custom:XMLSpawner","CommandSystem.Register("
"","","","Data/Scripts/Custom/XMLSpawner/XmlSpawner2.cs","4555","Custom:XMLSpawner","CommandSystem.Register("
"","","","Data/Scripts/Custom/XMLSpawner/XmlSpawner2.cs","4560","Custom:XMLSpawner","CommandSystem.Register("
"","","","Data/Scripts/Custom/XMLSpawner/XmlSpawner2.cs","4565","Custom:XMLSpawner","CommandSystem.Register("
"","","","Data/Scripts/Custom/XMLSpawner/XmlSpawner2.cs","4570","Custom:XMLSpawner","CommandSystem.Register("
"","","","Data/Scripts/Custom/XMLSpawner/XmlSpawner2.cs","4575","Custom:XMLSpawner","CommandSystem.Register("
"","","","Data/Scripts/Custom/XMLSpawner/XmlSpawner2.cs","4580","Custom:XMLSpawner","CommandSystem.Register("
"","","","Data/Scripts/Custom/XMLSpawner/XmlSpawner2.cs","4585","Custom:XMLSpawner","CommandSystem.Register("
"","","","Data/Scripts/Custom/XMLSpawner/XmlSpawner2.cs","4590","Custom:XMLSpawner","CommandSystem.Register("
"","","","Data/Scripts/Custom/XMLSpawner/XmlSpawner2.cs","4595","Custom:XMLSpawner","CommandSystem.Register("
"","","","Data/Scripts/Custom/XMLSpawner/XmlSpawner2.cs","4600","Custom:XMLSpawner","CommandSystem.Register("
"","","","Data/Scripts/Custom/XMLSpawner/XmlSpawner2.cs","4605","Custom:XMLSpawner","CommandSystem.Register("
"","","","Data/Scripts/Custom/XMLSpawner/XmlSpawner2.cs","4610","Custom:XMLSpawner","CommandSystem.Register("
"","","","Data/Scripts/Custom/XMLSpawner/XmlSpawner2.cs","4615","Custom:XMLSpawner","CommandSystem.Register("
"","","","Data/Scripts/Custom/XMLSpawner/XmlSpawner2.cs","4620","Custom:XMLSpawner","CommandSystem.Register("
"XmlSet","GameMaster","XmlSetValue_OnCommand","Data/Scripts/Custom/XMLSpawner/XmlSpawner2.cs","4626","Custom:XMLSpawner","//CommandSystem.Register( ""XmlSet"", AccessLevel.GameMaster, new CommandEventHandler( XmlSetValue_OnCommand ) );"
"","","","Data/Scripts/Custom/XMLSpawner/XmlSpawner2.cs","4627","Custom:XMLSpawner","CommandSystem.Register("
"","","","Data/Scripts/Custom/XMLSpawner/XmlSpawner2.cs","4632","Custom:XMLSpawner","CommandSystem.Register("
"","","","Data/Scripts/Custom/XMLSpawner/XmlSpawner2.cs","4637","Custom:XMLSpawner","CommandSystem.Register("
"TagList","Administrator","ShowTagList_OnCommand","Data/Scripts/Custom/XMLSpawner/XmlSpawner2.cs","4642","Custom:XMLSpawner","//CommandSystem.Register( ""TagList"", AccessLevel.Administrator, new CommandEventHandler( ShowTagList_OnCommand ) );"
"","","","Data/Scripts/Custom/XMLSpawner/XmlSpawner2.cs","4645","Custom:XMLSpawner","CommandSystem.Register("
"","","","Data/Scripts/Custom/XMLSpawner/XmlSpawner2.cs","4650","Custom:XMLSpawner","CommandSystem.Register("
"","","","Data/Scripts/Custom/XMLSpawner/XmlSpawner2.cs","4655","Custom:XMLSpawner","CommandSystem.Register("
"ItemAtt","GameMaster","ListItemAttachments_OnCommand","Data/Scripts/Custom/XMLSpawner/XmlAttach/XmlAttach.cs","192","Custom:XMLSpawner","//CommandSystem.Register( ""ItemAtt"", AccessLevel.GameMaster, new CommandEventHandler( ListItemAttachments_OnCommand ) );"
"MobAtt","GameMaster","ListMobileAttachments_OnCommand","Data/Scripts/Custom/XMLSpawner/XmlAttach/XmlAttach.cs","193","Custom:XMLSpawner","//CommandSystem.Register( ""MobAtt"", AccessLevel.GameMaster, new CommandEventHandler( ListMobileAttachments_OnCommand ) );"
"","","","Data/Scripts/Custom/XMLSpawner/XmlAttach/XmlAttach.cs","194","Custom:XMLSpawner","CommandSystem.Register("
"DelAtt","GameMaster","DeleteAttachments_OnCommand","Data/Scripts/Custom/XMLSpawner/XmlAttach/XmlAttach.cs","199","Custom:XMLSpawner","//CommandSystem.Register( ""DelAtt"", AccessLevel.GameMaster, new CommandEventHandler( DeleteAttachments_OnCommand ) );"
"TrigAtt","GameMaster","ActivateAttachments_OnCommand","Data/Scripts/Custom/XMLSpawner/XmlAttach/XmlAttach.cs","200","Custom:XMLSpawner","//CommandSystem.Register( ""TrigAtt"", AccessLevel.GameMaster, new CommandEventHandler( ActivateAttachments_OnCommand ) );"
"AddAtt","GameMaster","AddAttachment_OnCommand","Data/Scripts/Custom/XMLSpawner/XmlAttach/XmlAttach.cs","201","Custom:XMLSpawner","//CommandSystem.Register( ""AddAtt"", AccessLevel.GameMaster, new CommandEventHandler( AddAttachment_OnCommand ) );"
"","","","Data/Scripts/Custom/XMLSpawner/XmlAttach/XmlAttach.cs","204","Custom:XMLSpawner","CommandSystem.Register("
"","","","Data/Scripts/Custom/XMLSpawner/XmlAttach/Gumps/XmlGetAttachGump.cs","65","Custom:XMLSpawner","CommandSystem.Register("
"","","","Data/Scripts/Custom/XMLSpawner/XmlAttachments/XmlDialog.cs","2040","Custom:XMLSpawner","CommandSystem.Register("
"","","","Data/Scripts/Custom/XMLSpawner/XmlAttachments/XmlDialog.cs","2045","Custom:XMLSpawner","CommandSystem.Register("
"","","","Data/Scripts/Custom/XMLSpawner/XmlAttachments/XmlPoints.cs","784","Custom:XMLSpawner","CommandSystem.Register("
"","","","Data/Scripts/Custom/XMLSpawner/XmlAttachments/XmlPoints.cs","789","Custom:XMLSpawner","CommandSystem.Register("
"","","","Data/Scripts/Custom/XMLSpawner/XmlAttachments/XmlPoints.cs","794","Custom:XMLSpawner","CommandSystem.Register("
"","","","Data/Scripts/Custom/XMLSpawner/XmlAttachments/XmlPoints.cs","799","Custom:XMLSpawner","CommandSystem.Register("
"","","","Data/Scripts/Custom/XMLSpawner/XmlAttachments/XmlPoints.cs","804","Custom:XMLSpawner","CommandSystem.Register("
"","","","Data/Scripts/Custom/XMLSpawner/XmlAttachments/XmlPoints.cs","809","Custom:XMLSpawner","CommandSystem.Register("
"","","","Data/Scripts/Custom/XMLSpawner/XmlAttachments/XmlPoints.cs","814","Custom:XMLSpawner","CommandSystem.Register("
"","","","Data/Scripts/Custom/XMLSpawner/XmlAttachments/XmlPoints.cs","819","Custom:XMLSpawner","CommandSystem.Register("
"","","","Data/Scripts/Custom/XMLSpawner/XmlAttachments/XmlPoints.cs","824","Custom:XMLSpawner","CommandSystem.Register("
"","","","Data/Scripts/Custom/XMLSpawner/XmlAttachments/XmlPoints.cs","829","Custom:XMLSpawner","CommandSystem.Register("
"","","","Data/Scripts/Custom/XMLSpawner/XmlAttachments/XmlPoints.cs","834","Custom:XMLSpawner","CommandSystem.Register("
"","","","Data/Scripts/Custom/XMLSpawner/XmlAttachments/XmlPoints.cs","839","Custom:XMLSpawner","CommandSystem.Register("
"","","","Data/Scripts/Custom/XMLSpawner/XmlAttachments/XmlPoints.cs","844","Custom:XMLSpawner","CommandSystem.Register("
"","","","Data/Scripts/Custom/XMLSpawner/XmlAttachments/XmlPoints.cs","849","Custom:XMLSpawner","CommandSystem.Register("
"","","","Data/Scripts/Custom/XMLSpawner/XmlAttachments/XmlPoints.cs","854","Custom:XMLSpawner","CommandSystem.Register("
"","","","Data/Scripts/Custom/XMLSpawner/XmlAttachments/XmlPoints.cs","859","Custom:XMLSpawner","CommandSystem.Register("
"","","","Data/Scripts/Custom/XMLSpawner/XmlAttachments/XmlPoints.cs","864","Custom:XMLSpawner","CommandSystem.Register("
"","","","Data/Scripts/Custom/XMLSpawner/XmlAttachments/XmlPoints.cs","869","Custom:XMLSpawner","CommandSystem.Register("
"","","","Data/Scripts/Custom/XMLSpawner/XmlAttachments/XmlPoints.cs","874","Custom:XMLSpawner","CommandSystem.Register("
"","","","Data/Scripts/Custom/XMLSpawner/XmlQuest/XmlQuestLeaders.cs","160","Custom:XMLSpawner","CommandSystem.Register("
"","","","Data/Scripts/Custom/XMLSpawner/XmlQuest/XmlQuestLeaders.cs","165","Custom:XMLSpawner","CommandSystem.Register("
"","","","Data/Scripts/Custom/XMLSpawner/XmlQuest/XmlQuestPoints.cs","180","Custom:XMLSpawner","CommandSystem.Register("
"","","","Data/Scripts/Custom/XMLSpawner/XmlQuest/XmlQuestPoints.cs","186","Custom:XMLSpawner","CommandSystem.Register("
"","","","Data/Scripts/Custom/XMLSpawner/XmlUtils/WhatIsIt.cs","14","Custom:XMLSpawner","CommandSystem.Register("
"","","","Data/Scripts/Custom/XMLSpawner/XmlUtils/WriteMulti.cs","36","Custom:XMLSpawner","CommandSystem.Register("
"","","","Data/Scripts/Custom/XMLSpawner/XmlUtils/XmlAdd.cs","761","Custom:XMLSpawner","CommandSystem.Register("
"","","","Data/Scripts/Custom/XMLSpawner/XmlUtils/XmlEdit.cs","52","Custom:XMLSpawner","CommandSystem.Register("
"","","","Data/Scripts/Custom/XMLSpawner/XmlUtils/XmlFind.cs","245","Custom:XMLSpawner","CommandSystem.Register("
"","","","Data/Scripts/Items/Boats/Gumps/FindboatGump.cs","17","Items:Boats","CommandSystem.Register("
"","","","Data/Scripts/Items/Construction/Addons/SHTeleporter.cs","154","Items:Construction","CommandSystem.Register("
"","","","Data/Scripts/Items/Containers/MarkContainer.cs","11","Items:Containers","CommandSystem.Register("
"","","","Data/Scripts/Items/Decorations/Artifacts/StealableArtifactsSpawner.cs","361","Items:Decorations","CommandSystem.Register("
"","","","Data/Scripts/Items/Decorations/Artifacts/StealableArtifactsSpawner.cs","366","Items:Decorations","CommandSystem.Register("
"","","","Data/Scripts/Items/Doors/BaseDoor.cs","128","Items:Doors","CommandSystem.Register("
"","","","Data/Scripts/Items/Doors/BaseDoor.cs","133","Items:Doors","CommandSystem.Register("
"","","","Data/Scripts/Items/Food/Hunger.cs","15","Items:Food","CommandSystem.Register("
"","","","Data/Scripts/Items/Food/Hunger.cs","20","Items:Food","CommandSystem.Register("
"","","","Data/Scripts/Items/Houses/HouseFoundation.cs","974","Items:Houses","CommandSystem.Register("
"","","","Data/Scripts/Items/Houses/Monopoly/Decorate.cs","14","Items:Houses","CommandSystem.Register("
"","","OnCommand","Data/Scripts/Items/Houses/Monopoly/RUOVersion.cs","29","Items:Houses","Server.Commands.CommandSystem.Register(com, acc, new CommandEventHandler(OnCommand));"
"","","","Data/Scripts/Items/Magical/God/Commands/ItemExpCommand.cs","22","Items:Magical","CommandSystem.Register("
"","","","Data/Scripts/Items/Magical/God/Commands/ItemExpCommand.cs","27","Items:Magical","CommandSystem.Register("
"","","","Data/Scripts/Items/Misc/FlipableAttribute.cs","13","Items:Misc","CommandSystem.Register("
"","","","Data/Scripts/Items/Misc/PublicMoongate.cs","120","Items:Misc","CommandSystem.Register("
"","","","Data/Scripts/Items/Misc/Waypoint.cs","13","Items:Misc","CommandSystem.Register("
"","","","Data/Scripts/Items/Misc/Games/LiarsDice/DiceCommand.cs","26","Items:Misc","CommandSystem.Register("
"","","","Data/Scripts/Magic/Bard/SongCommandList.cs","110","Magic:Bard","CommandSystem.Register(command, access, handler);"
"","","","Data/Scripts/Magic/Death Knight/DeathKnightCommands.cs","77","Magic:Death Knight","CommandSystem.Register(command, access, handler);"
"","","","Data/Scripts/Magic/Elementalism/ElementalCommands.cs","74","Magic:Elementalism","CommandSystem.Register(command, access, handler);"
"","","","Data/Scripts/Magic/Holy Man/HolyManCommands.cs","65","Magic:Holy Man","CommandSystem.Register(command, access, handler);"
"","","","Data/Scripts/Magic/Jedi/JediCommandList.cs","62","Magic:Jedi","CommandSystem.Register(command, access, handler);"
"","","","Data/Scripts/Magic/Jester/JesterCommandList.cs","70","Magic:Jester","CommandSystem.Register(command, access, handler);"
"","","","Data/Scripts/Magic/Magery/Spellbook.cs","42","Magic:Magery","CommandSystem.Register("
"","","","Data/Scripts/Magic/Mystic/MysticCommandList.cs","78","Magic:Mystic","CommandSystem.Register(command, access, handler);"
"","","","Data/Scripts/Magic/Research/ResearchCommands.cs","324","Magic:Research","CommandSystem.Register(command, access, handler);"
"","","","Data/Scripts/Magic/Shinobi/ShinobiCommandList.cs","58","Magic:Shinobi","CommandSystem.Register(command, access, handler);"
"","","","Data/Scripts/Magic/Syth/SythCommandList.cs","66","Magic:Syth","CommandSystem.Register(command, access, handler);"
"","","","Data/Scripts/Quests/Quests.cs","15","Quests:Quests.cs","CommandSystem.Register("
"","","OnCommand","Data/Scripts/System/Chat/RUOVersion.cs","32","System:Chat","Server.Commands.CommandSystem.Register(com, acc, new CommandEventHandler(OnCommand));"
"","","","Data/Scripts/System/Commands/Add.cs","17","System:Commands","CommandSystem.Register("
"","","","Data/Scripts/System/Commands/Add.cs","22","System:Commands","CommandSystem.Register("
"","","","Data/Scripts/System/Commands/Add.cs","27","System:Commands","CommandSystem.Register("
"","","","Data/Scripts/System/Commands/Add.cs","32","System:Commands","CommandSystem.Register("
"","","","Data/Scripts/System/Commands/AddonGenerator.cs","168","System:Commands","CommandSystem.Register("
"","","","Data/Scripts/System/Commands/AddToBank.cs","34","System:Commands","CommandSystem.Register("
"","","","Data/Scripts/System/Commands/AddTrap.cs","13","System:Commands","CommandSystem.Register("
"","","","Data/Scripts/System/Commands/AreaLog.cs","23","System:Commands","CommandSystem.Register("
"","","","Data/Scripts/System/Commands/Batch.cs","200","System:Commands","CommandSystem.Register("
"","","","Data/Scripts/System/Commands/BodyValues.cs","22","System:Commands","CommandSystem.Register("
"","","","Data/Scripts/System/Commands/ConvertPlayers.cs","15","System:Commands","CommandSystem.Register("
"Crash","Administrator","","Data/Scripts/System/Commands/CrashCommand.cs","12","System:Commands","CommandSystem.Register(""Crash"", AccessLevel.Administrator, Crash_OnCommand);"
"","","","Data/Scripts/System/Commands/Docs.cs","18","System:Commands","CommandSystem.Register("
"","","","Data/Scripts/System/Commands/Dupe.cs","12","System:Commands","CommandSystem.Register("
"","","","Data/Scripts/System/Commands/Dupe.cs","17","System:Commands","CommandSystem.Register("
"","","","Data/Scripts/System/Commands/ExportWSC.cs","15","System:Commands","CommandSystem.Register("
"","","","Data/Scripts/System/Commands/FaceLog.cs","21","System:Commands","CommandSystem.Register("
"","","","Data/Scripts/System/Commands/GenCategorization.cs","40","System:Commands","CommandSystem.Register("
"","","","Data/Scripts/System/Commands/Handlers.cs","141","System:Commands","CommandSystem.Register(command, access, handler);"
"","","","Data/Scripts/System/Commands/HelpAdmin.cs","17","System:Commands","CommandSystem.Register("
"","","","Data/Scripts/System/Commands/HelpAdmin.cs","26","System:Commands","CommandSystem.Register(command, access, handler);"
"","","","Data/Scripts/System/Commands/HelpInfo.cs","34","System:Commands","CommandSystem.Register("
"","","","Data/Scripts/System/Commands/LogTreasureChests.cs","21","System:Commands","CommandSystem.Register("
"","","","Data/Scripts/System/Commands/LogTreasureChests.cs","30","System:Commands","CommandSystem.Register(command, access, handler);"
"","","","Data/Scripts/System/Commands/MultiMaker.cs","35","System:Commands","CommandSystem.Register("
"","","","Data/Scripts/System/Commands/PointLog.cs","21","System:Commands","CommandSystem.Register("
"","","","Data/Scripts/System/Commands/Profiling.cs","15","System:Commands","CommandSystem.Register("
"","","","Data/Scripts/System/Commands/Profiling.cs","20","System:Commands","CommandSystem.Register("
"","","","Data/Scripts/System/Commands/Profiling.cs","25","System:Commands","CommandSystem.Register("
"","","","Data/Scripts/System/Commands/Profiling.cs","30","System:Commands","CommandSystem.Register("
"","","","Data/Scripts/System/Commands/Profiling.cs","35","System:Commands","CommandSystem.Register("
"","","","Data/Scripts/System/Commands/Profiling.cs","40","System:Commands","CommandSystem.Register("
"","","","Data/Scripts/System/Commands/Profiling.cs","45","System:Commands","CommandSystem.Register("
"","","","Data/Scripts/System/Commands/Properties.cs","25","System:Commands","CommandSystem.Register("
"","","","Data/Scripts/System/Commands/RecordItems.cs","13","System:Commands","CommandSystem.Register("
"","","","Data/Scripts/System/Commands/SignParser.cs","29","System:Commands","CommandSystem.Register("
"","","","Data/Scripts/System/Commands/Skills.cs","12","System:Commands","CommandSystem.Register("
"","","","Data/Scripts/System/Commands/Skills.cs","17","System:Commands","CommandSystem.Register("
"","","","Data/Scripts/System/Commands/Skills.cs","22","System:Commands","CommandSystem.Register("
"","","","Data/Scripts/System/Commands/SkillsMenu.cs","17","System:Commands","CommandSystem.Register("
"","","","Data/Scripts/System/Commands/SpawnerCatalog.cs","21","System:Commands","CommandSystem.Register("
"","","","Data/Scripts/System/Commands/SpecialExport.cs","19","System:Commands","CommandSystem.Register("
"","","","Data/Scripts/System/Commands/SpecialExport.cs","24","System:Commands","CommandSystem.Register("
"","","","Data/Scripts/System/Commands/StaticExport.cs","20","System:Commands","CommandSystem.Register("
"","","","Data/Scripts/System/Commands/StaticExport.cs","25","System:Commands","CommandSystem.Register("
"","","","Data/Scripts/System/Commands/Statics.cs","17","System:Commands","CommandSystem.Register("
"","","","Data/Scripts/System/Commands/Statics.cs","22","System:Commands","CommandSystem.Register("
"","","","Data/Scripts/System/Commands/Statics.cs","27","System:Commands","CommandSystem.Register("
"","","","Data/Scripts/System/Commands/Statics.cs","33","System:Commands","CommandSystem.Register("
"","","","Data/Scripts/System/Commands/Statics.cs","38","System:Commands","CommandSystem.Register("
"","","","Data/Scripts/System/Commands/Statics.cs","43","System:Commands","CommandSystem.Register("
"","","","Data/Scripts/System/Commands/TargetLog.cs","22","System:Commands","CommandSystem.Register("
"","","","Data/Scripts/System/Commands/VisibilityList.cs","17","System:Commands","CommandSystem.Register("
"","","","Data/Scripts/System/Commands/VisibilityList.cs","22","System:Commands","CommandSystem.Register("
"","","","Data/Scripts/System/Commands/VisibilityList.cs","27","System:Commands","CommandSystem.Register("
"","","","Data/Scripts/System/Commands/Wipe.cs","23","System:Commands","CommandSystem.Register("
"","","","Data/Scripts/System/Commands/Wipe.cs","28","System:Commands","CommandSystem.Register("
"","","","Data/Scripts/System/Commands/Wipe.cs","33","System:Commands","CommandSystem.Register("
"","","","Data/Scripts/System/Commands/Wipe.cs","38","System:Commands","CommandSystem.Register("
"","","","Data/Scripts/System/Commands/Gumps/Adddoorgump.cs","102","System:Commands","CommandSystem.Register("
"","","","Data/Scripts/System/Commands/Gumps/AdminGump.cs","150","System:Commands","CommandSystem.Register("
"","","","Data/Scripts/System/Commands/Gumps/ScanGump.cs","17","System:Commands","CommandSystem.Register("
"","","","Data/Scripts/System/Commands/Implementors/BaseCommandImplementor.cs","334","System:Commands","CommandSystem.Register("
"","","","Data/Scripts/System/Commands/Implementors/SingleCommandImplementor.cs","25","System:Commands","CommandSystem.Register("
"","","","Data/Scripts/System/Commands/Player/Afk.cs","22","System:Commands","CommandSystem.Register("
"","","","Data/Scripts/System/Commands/Player/AutoAttack.cs","13","System:Commands","CommandSystem.Register("
"","","","Data/Scripts/System/Commands/Player/AutoSheatheWeapon.cs","42","System:Commands","CommandSystem.Register("
"","","","Data/Scripts/System/Commands/Player/BandSelf.cs","14","System:Commands","CommandSystem.Register("
"","","","Data/Scripts/System/Commands/Player/BandSelf.cs","48","System:Commands","CommandSystem.Register("
"","","","Data/Scripts/System/Commands/Player/ClassicPoisoning.cs","13","System:Commands","CommandSystem.Register("
"","","","Data/Scripts/System/Commands/Player/CorpseSearch.cs","20","System:Commands","CommandSystem.Register("
"","","","Data/Scripts/System/Commands/Player/CorpseSearch.cs","29","System:Commands","CommandSystem.Register(command, access, handler);"
"","","","Data/Scripts/System/Commands/Player/CorpseSearch.cs","133","System:Commands","CommandSystem.Register("
"","","","Data/Scripts/System/Commands/Player/CorpseSearch.cs","142","System:Commands","CommandSystem.Register(command, access, handler);"
"","","","Data/Scripts/System/Commands/Player/Emote.cs","18","System:Commands","CommandSystem.Register("
"","","","Data/Scripts/System/Commands/Player/Emote.cs","985","System:Commands","CommandSystem.Register("
"","","","Data/Scripts/System/Commands/Player/Loot.cs","116","System:Commands","CommandSystem.Register("
"","","","Data/Scripts/System/Commands/Player/Loot.cs","125","System:Commands","CommandSystem.Register(command, access, handler);"
"","","","Data/Scripts/System/Commands/Player/MoonSearch.cs","20","System:Commands","CommandSystem.Register("
"","","","Data/Scripts/System/Commands/Player/MoonSearch.cs","29","System:Commands","CommandSystem.Register(command, access, handler);"
"","","","Data/Scripts/System/Commands/Player/MusicPlayer.cs","17","System:Commands","CommandSystem.Register("
"","","","Data/Scripts/System/Commands/Player/MusicPlaylist.cs","21","System:Commands","CommandSystem.Register("
"","","","Data/Scripts/System/Commands/Player/MusicPlaylist.cs","30","System:Commands","CommandSystem.Register(command, access, handler);"
"","","","Data/Scripts/System/Commands/Player/PlayBarbaric.cs","13","System:Commands","CommandSystem.Register("
"","","","Data/Scripts/System/Commands/Player/PlayEvil.cs","13","System:Commands","CommandSystem.Register("
"","","","Data/Scripts/System/Commands/Player/PlayOriental.cs","13","System:Commands","CommandSystem.Register("
"","","","Data/Scripts/System/Commands/Player/PrivateTime.cs","13","System:Commands","CommandSystem.Register("
"","","","Data/Scripts/System/Commands/Player/QuickBar.cs","26","System:Commands","CommandSystem.Register("
"","","","Data/Scripts/System/Commands/Player/QuickBar.cs","35","System:Commands","CommandSystem.Register(command, access, handler);"
"","","","Data/Scripts/System/Commands/Player/RegBar.cs","26","System:Commands","CommandSystem.Register("
"","","","Data/Scripts/System/Commands/Player/RegBar.cs","31","System:Commands","CommandSystem.Register("
"","","","Data/Scripts/System/Commands/Player/RegBar.cs","40","System:Commands","CommandSystem.Register(command, access, handler);"
"","","","Data/Scripts/System/Commands/Player/SkillListing.cs","40","System:Commands","CommandSystem.Register("
"","","","Data/Scripts/System/Commands/Player/SkillName.cs","13","System:Commands","CommandSystem.Register("
"","","","Data/Scripts/System/Commands/Player/Skills.cs","15","System:Commands","CommandSystem.Register("
"","","","Data/Scripts/System/Commands/Player/SpellBarsCommands.cs","34","System:Commands","CommandSystem.Register("
"","","","Data/Scripts/System/Commands/Player/SpellBarsCommands.cs","43","System:Commands","CommandSystem.Register(command, access, handler);"
"","","","Data/Scripts/System/Commands/Player/SpellBarsCommands.cs","69","System:Commands","CommandSystem.Register("
"","","","Data/Scripts/System/Commands/Player/SpellBarsCommands.cs","78","System:Commands","CommandSystem.Register(command, access, handler);"
"","","","Data/Scripts/System/Commands/Player/SpellBarsCommands.cs","95","System:Commands","CommandSystem.Register("
"","","","Data/Scripts/System/Commands/Player/SpellBarsCommands.cs","104","System:Commands","CommandSystem.Register(command, access, handler);"
"","","","Data/Scripts/System/Commands/Player/SpellBarsCommands.cs","121","System:Commands","CommandSystem.Register("
"","","","Data/Scripts/System/Commands/Player/SpellBarsCommands.cs","130","System:Commands","CommandSystem.Register(command, access, handler);"
"","","","Data/Scripts/System/Commands/Player/SpellBarsCommands.cs","147","System:Commands","CommandSystem.Register("
"","","","Data/Scripts/System/Commands/Player/SpellBarsCommands.cs","156","System:Commands","CommandSystem.Register(command, access, handler);"
"","","","Data/Scripts/System/Commands/Player/SpellBarsCommands.cs","173","System:Commands","CommandSystem.Register("
"","","","Data/Scripts/System/Commands/Player/SpellBarsCommands.cs","182","System:Commands","CommandSystem.Register(command, access, handler);"
"","","","Data/Scripts/System/Commands/Player/SpellBarsCommands.cs","199","System:Commands","CommandSystem.Register("
"","","","Data/Scripts/System/Commands/Player/SpellBarsCommands.cs","208","System:Commands","CommandSystem.Register(command, access, handler);"
"","","","Data/Scripts/System/Commands/Player/SpellBarsCommands.cs","225","System:Commands","CommandSystem.Register("
"","","","Data/Scripts/System/Commands/Player/SpellBarsCommands.cs","234","System:Commands","CommandSystem.Register(command, access, handler);"
"","","","Data/Scripts/System/Commands/Player/SpellBarsCommands.cs","251","System:Commands","CommandSystem.Register("
"","","","Data/Scripts/System/Commands/Player/SpellBarsCommands.cs","260","System:Commands","CommandSystem.Register(command, access, handler);"
"","","","Data/Scripts/System/Commands/Player/SpellBarsCommands.cs","277","System:Commands","CommandSystem.Register("
"","","","Data/Scripts/System/Commands/Player/SpellBarsCommands.cs","286","System:Commands","CommandSystem.Register(command, access, handler);"
"","","","Data/Scripts/System/Commands/Player/SpellBarsCommands.cs","303","System:Commands","CommandSystem.Register("
"","","","Data/Scripts/System/Commands/Player/SpellBarsCommands.cs","312","System:Commands","CommandSystem.Register(command, access, handler);"
"","","","Data/Scripts/System/Commands/Player/SpellBarsCommands.cs","329","System:Commands","CommandSystem.Register("
"","","","Data/Scripts/System/Commands/Player/SpellBarsCommands.cs","338","System:Commands","CommandSystem.Register(command, access, handler);"
"","","","Data/Scripts/System/Commands/Player/SpellBarsCommands.cs","355","System:Commands","CommandSystem.Register("
"","","","Data/Scripts/System/Commands/Player/SpellBarsCommands.cs","364","System:Commands","CommandSystem.Register(command, access, handler);"
"","","","Data/Scripts/System/Commands/Player/SpellBarsCommands.cs","381","System:Commands","CommandSystem.Register("
"","","","Data/Scripts/System/Commands/Player/SpellBarsCommands.cs","390","System:Commands","CommandSystem.Register(command, access, handler);"
"","","","Data/Scripts/System/Commands/Player/SpellBarsCommands.cs","407","System:Commands","CommandSystem.Register("
"","","","Data/Scripts/System/Commands/Player/SpellBarsCommands.cs","416","System:Commands","CommandSystem.Register(command, access, handler);"
"","","","Data/Scripts/System/Commands/Player/SpellBarsCommands.cs","433","System:Commands","CommandSystem.Register("
"","","","Data/Scripts/System/Commands/Player/SpellBarsCommands.cs","442","System:Commands","CommandSystem.Register(command, access, handler);"
"","","","Data/Scripts/System/Commands/Player/SpellBarsCommands.cs","459","System:Commands","CommandSystem.Register("
"","","","Data/Scripts/System/Commands/Player/SpellBarsCommands.cs","468","System:Commands","CommandSystem.Register(command, access, handler);"
"","","","Data/Scripts/System/Commands/Player/SpellBarsCommands.cs","485","System:Commands","CommandSystem.Register("
"","","","Data/Scripts/System/Commands/Player/SpellBarsCommands.cs","494","System:Commands","CommandSystem.Register(command, access, handler);"
"","","","Data/Scripts/System/Commands/Player/SpellBarsCommands.cs","511","System:Commands","CommandSystem.Register("
"","","","Data/Scripts/System/Commands/Player/SpellBarsCommands.cs","520","System:Commands","CommandSystem.Register(command, access, handler);"
"","","","Data/Scripts/System/Commands/Player/SpellBarsCommands.cs","537","System:Commands","CommandSystem.Register("
"","","","Data/Scripts/System/Commands/Player/SpellBarsCommands.cs","546","System:Commands","CommandSystem.Register(command, access, handler);"
"","","","Data/Scripts/System/Commands/Player/SpellBarsCommands.cs","563","System:Commands","CommandSystem.Register("
"","","","Data/Scripts/System/Commands/Player/SpellBarsCommands.cs","572","System:Commands","CommandSystem.Register(command, access, handler);"
"","","","Data/Scripts/System/Commands/Player/SpellBarsCommands.cs","589","System:Commands","CommandSystem.Register("
"","","","Data/Scripts/System/Commands/Player/SpellBarsCommands.cs","598","System:Commands","CommandSystem.Register(command, access, handler);"
"","","","Data/Scripts/System/Commands/Player/SpellBarsCommands.cs","615","System:Commands","CommandSystem.Register("
"","","","Data/Scripts/System/Commands/Player/SpellBarsCommands.cs","624","System:Commands","CommandSystem.Register(command, access, handler);"
"","","","Data/Scripts/System/Commands/Player/SpellBarsDisplay.cs","42","System:Commands","CommandSystem.Register("
"","","","Data/Scripts/System/Commands/Player/SpellBarsDisplay.cs","51","System:Commands","CommandSystem.Register(command, access, handler);"
"","","","Data/Scripts/System/Commands/Player/SpellBarsDisplay.cs","3462","System:Commands","CommandSystem.Register("
"","","","Data/Scripts/System/Commands/Player/SpellBarsDisplay.cs","3471","System:Commands","CommandSystem.Register(command, access, handler);"
"","","","Data/Scripts/System/Commands/Player/SpellBarsDisplay.cs","6881","System:Commands","CommandSystem.Register("
"","","","Data/Scripts/System/Commands/Player/SpellBarsDisplay.cs","6890","System:Commands","CommandSystem.Register(command, access, handler);"
"","","","Data/Scripts/System/Commands/Player/SpellBarsDisplay.cs","10300","System:Commands","CommandSystem.Register("
"","","","Data/Scripts/System/Commands/Player/SpellBarsDisplay.cs","10309","System:Commands","CommandSystem.Register(command, access, handler);"
"","","","Data/Scripts/System/Commands/Player/SpellBarsDisplay.cs","13719","System:Commands","CommandSystem.Register("
"","","","Data/Scripts/System/Commands/Player/SpellBarsDisplay.cs","13728","System:Commands","CommandSystem.Register(command, access, handler);"
"","","","Data/Scripts/System/Commands/Player/SpellBarsDisplay.cs","15655","System:Commands","CommandSystem.Register("
"","","","Data/Scripts/System/Commands/Player/SpellBarsDisplay.cs","15664","System:Commands","CommandSystem.Register(command, access, handler);"
"","","","Data/Scripts/System/Commands/Player/SpellBarsDisplay.cs","17591","System:Commands","CommandSystem.Register("
"","","","Data/Scripts/System/Commands/Player/SpellBarsDisplay.cs","17600","System:Commands","CommandSystem.Register(command, access, handler);"
"","","","Data/Scripts/System/Commands/Player/SpellBarsDisplay.cs","19527","System:Commands","CommandSystem.Register("
"","","","Data/Scripts/System/Commands/Player/SpellBarsDisplay.cs","19536","System:Commands","CommandSystem.Register(command, access, handler);"
"","","","Data/Scripts/System/Commands/Player/SpellBarsDisplay.cs","21463","System:Commands","CommandSystem.Register("
"","","","Data/Scripts/System/Commands/Player/SpellBarsDisplay.cs","21472","System:Commands","CommandSystem.Register(command, access, handler);"
"","","","Data/Scripts/System/Commands/Player/SpellBarsDisplay.cs","23228","System:Commands","CommandSystem.Register("
"","","","Data/Scripts/System/Commands/Player/SpellBarsDisplay.cs","23237","System:Commands","CommandSystem.Register(command, access, handler);"
"","","","Data/Scripts/System/Commands/Player/SpellBarsDisplay.cs","24993","System:Commands","CommandSystem.Register("
"","","","Data/Scripts/System/Commands/Player/SpellBarsDisplay.cs","25002","System:Commands","CommandSystem.Register(command, access, handler);"
"","","","Data/Scripts/System/Commands/Player/SpellBarsDisplay.cs","25567","System:Commands","CommandSystem.Register("
"","","","Data/Scripts/System/Commands/Player/SpellBarsDisplay.cs","25576","System:Commands","CommandSystem.Register(command, access, handler);"
"","","","Data/Scripts/System/Commands/Player/SpellBarsDisplay.cs","26141","System:Commands","CommandSystem.Register("
"","","","Data/Scripts/System/Commands/Player/SpellBarsDisplay.cs","26150","System:Commands","CommandSystem.Register(command, access, handler);"
"","","","Data/Scripts/System/Commands/Player/SpellBarsDisplay.cs","26512","System:Commands","CommandSystem.Register("
"","","","Data/Scripts/System/Commands/Player/SpellBarsDisplay.cs","26521","System:Commands","CommandSystem.Register(command, access, handler);"
"","","","Data/Scripts/System/Commands/Player/SpellBarsDisplay.cs","26883","System:Commands","CommandSystem.Register("
"","","","Data/Scripts/System/Commands/Player/SpellBarsDisplay.cs","26892","System:Commands","CommandSystem.Register(command, access, handler);"
"","","","Data/Scripts/System/Commands/Player/SpellBarsDisplay.cs","27428","System:Commands","CommandSystem.Register("
"","","","Data/Scripts/System/Commands/Player/SpellBarsDisplay.cs","27437","System:Commands","CommandSystem.Register(command, access, handler);"
"","","","Data/Scripts/System/Commands/Player/SpellBarsDisplay.cs","27982","System:Commands","CommandSystem.Register("
"","","","Data/Scripts/System/Commands/Player/SpellBarsDisplay.cs","27991","System:Commands","CommandSystem.Register(command, access, handler);"
"","","","Data/Scripts/System/Commands/Player/SpellBarsDisplay.cs","28507","System:Commands","CommandSystem.Register("
"","","","Data/Scripts/System/Commands/Player/SpellBarsDisplay.cs","28516","System:Commands","CommandSystem.Register(command, access, handler);"
"","","","Data/Scripts/System/Commands/Player/SpellBarsDisplay.cs","29032","System:Commands","CommandSystem.Register("
"","","","Data/Scripts/System/Commands/Player/SpellBarsDisplay.cs","29041","System:Commands","CommandSystem.Register(command, access, handler);"
"","","","Data/Scripts/System/Commands/Player/SpellBarsDisplay.cs","29557","System:Commands","CommandSystem.Register("
"","","","Data/Scripts/System/Commands/Player/SpellBarsDisplay.cs","29566","System:Commands","CommandSystem.Register(command, access, handler);"
"","","","Data/Scripts/System/Commands/Player/SpellBarsDisplay.cs","30073","System:Commands","CommandSystem.Register("
"","","","Data/Scripts/System/Commands/Player/SpellBarsDisplay.cs","30082","System:Commands","CommandSystem.Register(command, access, handler);"
"","","","Data/Scripts/System/Commands/Player/SpellBarsDisplay.cs","30464","System:Commands","CommandSystem.Register("
"","","","Data/Scripts/System/Commands/Player/SpellBarsDisplay.cs","30473","System:Commands","CommandSystem.Register(command, access, handler);"
"","","","Data/Scripts/System/Commands/Player/SpellBarsManage.cs","38","System:Commands","CommandSystem.Register("
"","","","Data/Scripts/System/Commands/Player/SpellBarsManage.cs","47","System:Commands","CommandSystem.Register(command, access, handler);"
"","","","Data/Scripts/System/Commands/Player/SpellBarsManage.cs","1243","System:Commands","CommandSystem.Register("
"","","","Data/Scripts/System/Commands/Player/SpellBarsManage.cs","1252","System:Commands","CommandSystem.Register(command, access, handler);"
"","","","Data/Scripts/System/Commands/Player/SpellBarsManage.cs","2435","System:Commands","CommandSystem.Register("
"","","","Data/Scripts/System/Commands/Player/SpellBarsManage.cs","2444","System:Commands","CommandSystem.Register(command, access, handler);"
"","","","Data/Scripts/System/Commands/Player/SpellBarsManage.cs","3627","System:Commands","CommandSystem.Register("
"","","","Data/Scripts/System/Commands/Player/SpellBarsManage.cs","3636","System:Commands","CommandSystem.Register(command, access, handler);"
"","","","Data/Scripts/System/Commands/Player/SpellBarsManage.cs","4819","System:Commands","CommandSystem.Register("
"","","","Data/Scripts/System/Commands/Player/SpellBarsManage.cs","4828","System:Commands","CommandSystem.Register(command, access, handler);"
"","","","Data/Scripts/System/Commands/Player/SpellBarsManage.cs","6000","System:Commands","CommandSystem.Register("
"","","","Data/Scripts/System/Commands/Player/SpellBarsManage.cs","6009","System:Commands","CommandSystem.Register(command, access, handler);"
"","","","Data/Scripts/System/Commands/Player/SpellBarsManage.cs","7181","System:Commands","CommandSystem.Register("
"","","","Data/Scripts/System/Commands/Player/SpellBarsManage.cs","7190","System:Commands","CommandSystem.Register(command, access, handler);"
"","","","Data/Scripts/System/Commands/Player/SpellBarsManage.cs","8362","System:Commands","CommandSystem.Register("
"","","","Data/Scripts/System/Commands/Player/SpellBarsManage.cs","8371","System:Commands","CommandSystem.Register(command, access, handler);"
"","","","Data/Scripts/System/Commands/Player/SpellBarsManage.cs","9543","System:Commands","CommandSystem.Register("
"","","","Data/Scripts/System/Commands/Player/SpellBarsManage.cs","9552","System:Commands","CommandSystem.Register(command, access, handler);"
"","","","Data/Scripts/System/Commands/Player/SpellBarsManage.cs","10264","System:Commands","CommandSystem.Register("
"","","","Data/Scripts/System/Commands/Player/SpellBarsManage.cs","10273","System:Commands","CommandSystem.Register(command, access, handler);"
"","","","Data/Scripts/System/Commands/Player/SpellBarsManage.cs","10985","System:Commands","CommandSystem.Register("
"","","","Data/Scripts/System/Commands/Player/SpellBarsManage.cs","10994","System:Commands","CommandSystem.Register(command, access, handler);"
"","","","Data/Scripts/System/Commands/Player/SpellBarsManage.cs","11429","System:Commands","CommandSystem.Register("
"","","","Data/Scripts/System/Commands/Player/SpellBarsManage.cs","11438","System:Commands","CommandSystem.Register(command, access, handler);"
"","","","Data/Scripts/System/Commands/Player/SpellBarsManage.cs","11873","System:Commands","CommandSystem.Register("
"","","","Data/Scripts/System/Commands/Player/SpellBarsManage.cs","11882","System:Commands","CommandSystem.Register(command, access, handler);"
"","","","Data/Scripts/System/Commands/Player/SpellBarsManage.cs","12202","System:Commands","CommandSystem.Register("
"","","","Data/Scripts/System/Commands/Player/SpellBarsManage.cs","12211","System:Commands","CommandSystem.Register(command, access, handler);"
"","","","Data/Scripts/System/Commands/Player/SpellBarsManage.cs","12531","System:Commands","CommandSystem.Register("
"","","","Data/Scripts/System/Commands/Player/SpellBarsManage.cs","12540","System:Commands","CommandSystem.Register(command, access, handler);"
"","","","Data/Scripts/System/Commands/Player/SpellBarsManage.cs","12959","System:Commands","CommandSystem.Register("
"","","","Data/Scripts/System/Commands/Player/SpellBarsManage.cs","12968","System:Commands","CommandSystem.Register(command, access, handler);"
"","","","Data/Scripts/System/Commands/Player/SpellBarsManage.cs","13387","System:Commands","CommandSystem.Register("
"","","","Data/Scripts/System/Commands/Player/SpellBarsManage.cs","13396","System:Commands","CommandSystem.Register(command, access, handler);"
"","","","Data/Scripts/System/Commands/Player/SpellBarsManage.cs","13784","System:Commands","CommandSystem.Register("
"","","","Data/Scripts/System/Commands/Player/SpellBarsManage.cs","13793","System:Commands","CommandSystem.Register(command, access, handler);"
"","","","Data/Scripts/System/Commands/Player/SpellBarsManage.cs","14181","System:Commands","CommandSystem.Register("
"","","","Data/Scripts/System/Commands/Player/SpellBarsManage.cs","14190","System:Commands","CommandSystem.Register(command, access, handler);"
"","","","Data/Scripts/System/Commands/Player/SpellBarsManage.cs","14576","System:Commands","CommandSystem.Register("
"","","","Data/Scripts/System/Commands/Player/SpellBarsManage.cs","14585","System:Commands","CommandSystem.Register(command, access, handler);"
"","","","Data/Scripts/System/Commands/Player/SpellBarsManage.cs","14971","System:Commands","CommandSystem.Register("
"","","","Data/Scripts/System/Commands/Player/SpellBarsManage.cs","14980","System:Commands","CommandSystem.Register(command, access, handler);"
"","","","Data/Scripts/System/Commands/Player/SpellBarsManage.cs","15300","System:Commands","CommandSystem.Register("
"","","","Data/Scripts/System/Commands/Player/SpellBarsManage.cs","15309","System:Commands","CommandSystem.Register(command, access, handler);"
"","","","Data/Scripts/System/Commands/Player/SpellHue.cs","19","System:Commands","CommandSystem.Register("
"","","","Data/Scripts/System/Commands/Player/WealthBar.cs","26","System:Commands","CommandSystem.Register("
"","","","Data/Scripts/System/Commands/Player/WealthBar.cs","35","System:Commands","CommandSystem.Register(command, access, handler);"
"","","","Data/Scripts/System/Gumps/AddGump.cs","20","System:Gumps","CommandSystem.Register("
"","","","Data/Scripts/System/Gumps/ToTAdminGump.cs","163","System:Gumps","CommandSystem.Register("
"","","","Data/Scripts/System/Gumps/ViewHousesGump.cs","17","System:Gumps","CommandSystem.Register("
"","","","Data/Scripts/System/Gumps/WhoGump.cs","13","System:Gumps","CommandSystem.Register("
"","","","Data/Scripts/System/Gumps/WhoGump.cs","18","System:Gumps","CommandSystem.Register("
"","","","Data/Scripts/System/Help/PageQueue.cs","190","System:Help","CommandSystem.Register("
"","","","Data/Scripts/System/Help/SpeechLog.cs","25","System:Help","CommandSystem.Register("
"","","","Data/Scripts/System/Misc/Accounts.cs","387","System:Misc","CommandSystem.Register("
"Restart","Administrator","","Data/Scripts/System/Misc/AutoRestart.cs","32","System:Misc","CommandSystem.Register(""Restart"", AccessLevel.Administrator, Restart_OnCommand);"
"","","","Data/Scripts/System/Misc/AutoRestart.cs","33","System:Misc","CommandSystem.Register("
"","","","Data/Scripts/System/Misc/AutoRestart.cs","38","System:Misc","CommandSystem.Register("
"","","","Data/Scripts/System/Misc/AutoRestart.cs","43","System:Misc","CommandSystem.Register("
"","","","Data/Scripts/System/Misc/AutoRestart.cs","48","System:Misc","CommandSystem.Register("
"","","","Data/Scripts/System/Misc/AutoRestart.cs","53","System:Misc","CommandSystem.Register("
"","","","Data/Scripts/System/Misc/AutoRestart.cs","58","System:Misc","CommandSystem.Register("
"","","","Data/Scripts/System/Misc/AutoRestart.cs","63","System:Misc","CommandSystem.Register("
"","","","Data/Scripts/System/Misc/AutoRestart.cs","68","System:Misc","CommandSystem.Register("
"AR-On","Administrator","","Data/Scripts/System/Misc/AutoRestart.cs","73","System:Misc","CommandSystem.Register(""AR-On"", AccessLevel.Administrator, AutoRestartOn_OnCommand);"
"AR-Off","Administrator","","Data/Scripts/System/Misc/AutoRestart.cs","74","System:Misc","CommandSystem.Register(""AR-Off"", AccessLevel.Administrator, AutoRestartOff_OnCommand);"
"AR-When","Administrator","","Data/Scripts/System/Misc/AutoRestart.cs","75","System:Misc","CommandSystem.Register(""AR-When"", AccessLevel.Administrator, AutoRestartWhen_OnCommand);"
"AR-Time","Administrator","","Data/Scripts/System/Misc/AutoRestart.cs","76","System:Misc","CommandSystem.Register(""AR-Time"", AccessLevel.Administrator, AutoRestartTime_OnCommand);"
"","","","Data/Scripts/System/Misc/AutoRestart.cs","77","System:Misc","CommandSystem.Register("
"AR-Text","Administrator","","Data/Scripts/System/Misc/AutoRestart.cs","82","System:Misc","CommandSystem.Register(""AR-Text"", AccessLevel.Administrator, AutoRestartText_OnCommand);"
"AR-Save","Administrator","","Data/Scripts/System/Misc/AutoRestart.cs","83","System:Misc","CommandSystem.Register(""AR-Save"", AccessLevel.Administrator, AutoRestartSave_OnCommand);"
"AR-Load","Administrator","","Data/Scripts/System/Misc/AutoRestart.cs","84","System:Misc","CommandSystem.Register(""AR-Load"", AccessLevel.Administrator, AutoRestartLoad_OnCommand);"
"","","","Data/Scripts/System/Misc/AutoSave.cs","26","System:Misc","CommandSystem.Register("
"","","","Data/Scripts/System/Misc/Build.cs","36023","System:Misc","CommandSystem.Register("
"","","","Data/Scripts/System/Misc/Build.cs","86790","System:Misc","CommandSystem.Register("
"","","","Data/Scripts/System/Misc/Build.cs","86860","System:Misc","CommandSystem.Register("
"","","","Data/Scripts/System/Misc/Captcha.cs","1124","System:Misc","CommandSystem.Register(command, access, handler);"
"","","","Data/Scripts/System/Misc/DoorGenerator.cs","336","System:Misc","CommandSystem.Register("
"","","","Data/Scripts/System/Misc/Guilds.cs","693","System:Misc","CommandSystem.Register("
"","","","Data/Scripts/System/Misc/HardwareInfo.cs","199","System:Misc","CommandSystem.Register("
"","","","Data/Scripts/System/Misc/LanguageStatistics.cs","343","System:Misc","CommandSystem.Register("
"","","","Data/Scripts/System/Misc/LightCycle.cs","41","System:Misc","CommandSystem.Register("
"","","","Data/Scripts/System/Misc/MorphingTime.cs","4966","System:Misc","CommandSystem.Register("
"","","","Data/Scripts/System/Misc/MOTD.cs","149","System:Misc","CommandSystem.Register("
"","","","Data/Scripts/System/Misc/Naming.cs","139","System:Misc","CommandSystem.Register("
"","","","Data/Scripts/System/Misc/Party.cs","301","System:Misc","CommandSystem.Register("
"","","","Data/Scripts/System/Misc/Paths.cs","1506","System:Misc","CommandSystem.Register("
"","","","Data/Scripts/System/Misc/Players.cs","1476","System:Misc","CommandSystem.Register("
"","","","Data/Scripts/System/Misc/Players.cs","1485","System:Misc","CommandSystem.Register(command, access, handler);"
"","","","Data/Scripts/System/Misc/Spawning.cs","26","System:Misc","CommandSystem.Register("
"","","","Data/Scripts/System/Misc/Spawning.cs","31","System:Misc","CommandSystem.Register("
"","","","Data/Scripts/System/Misc/Spawning.cs","36","System:Misc","CommandSystem.Register("
"","","","Data/Scripts/System/Misc/Spawning.cs","41","System:Misc","CommandSystem.Register("
"","","","Data/Scripts/System/Misc/Spawning.cs","46","System:Misc","CommandSystem.Register("
"","","","Data/Scripts/System/Misc/Spawning.cs","5253","System:Misc","CommandSystem.Register(command, access, handler);"
"","","","Data/Scripts/System/Misc/Spawning.cs","5286","System:Misc","CommandSystem.Register("
"","","","Data/Scripts/System/Misc/Spawning.cs","5291","System:Misc","CommandSystem.Register("
"","","","Data/Scripts/System/Misc/Spawning.cs","6464","System:Misc","CommandSystem.Register("
"","","","Data/Scripts/System/Misc/Spawning.cs","7516","System:Misc","CommandSystem.Register("
"","","","Data/Scripts/System/Misc/Spawning.cs","7521","System:Misc","CommandSystem.Register("
"","","","Data/Scripts/System/Misc/Spawning.cs","7530","System:Misc","CommandSystem.Register(command, access, handler);"
"","","","Data/Scripts/System/Misc/Statistics.cs","106","System:Misc","CommandSystem.Register("
"","","","Data/Scripts/System/Misc/Statistics.cs","111","System:Misc","CommandSystem.Register("
"","","","Data/Scripts/System/Misc/Weather.cs","561","System:Misc","CommandSystem.Register("
"","","","Data/Scripts/System/Misc/Weather.cs","570","System:Misc","CommandSystem.Register(command, access, handler);"
"world","Administrator","WhereWorld_OnCommand","Data/Scripts/System/Misc/World.cs","2595","System:Misc","CommandSystem.Register(""world"", AccessLevel.Administrator, new CommandEventHandler(WhereWorld_OnCommand));"
"","","","Data/Scripts/System/Misc/World.cs","2599","System:Misc","CommandSystem.Register(command, access, handler);"
"","","","Data/Scripts/System/Obsolete/Obsolete.cs","10823","System:Obsolete","CommandSystem.Register("
"","","","Data/Scripts/System/Obsolete/Obsolete.cs","10828","System:Obsolete","CommandSystem.Register("
"","","","Data/Scripts/System/Obsolete/Obsolete.cs","10833","System:Obsolete","CommandSystem.Register("
"","","","Data/Scripts/System/Obsolete/Obsolete.cs","10838","System:Obsolete","CommandSystem.Register("
"","","","Data/Scripts/System/Obsolete/Obsolete.cs","10843","System:Obsolete","CommandSystem.Register("
"","","","Data/Scripts/System/Obsolete/Obsolete.cs","15432","System:Obsolete","CommandSystem.Register("
"","","","Data/Scripts/System/Obsolete/Obsolete.cs","22867","System:Obsolete","CommandSystem.Register("
"","","","Data/Scripts/System/Obsolete/Obsolete.cs","22873","System:Obsolete","CommandSystem.Register("
"","","","Data/Scripts/System/Obsolete/Obsolete.cs","22878","System:Obsolete","CommandSystem.Register("
"","","","Data/Scripts/System/Obsolete/Obsolete.cs","23612","System:Obsolete","CommandSystem.Register("
"","","","Data/Scripts/System/Obsolete/Obsolete.cs","32252","System:Obsolete","CommandSystem.Register("
"","","","Data/Scripts/System/Regions/GuardedRegion.cs","32","System:Regions","CommandSystem.Register("
"","","","Data/Scripts/System/Regions/GuardedRegion.cs","37","System:Regions","CommandSystem.Register("
"","","","Data/Scripts/System/Regions/GuardedRegion.cs","42","System:Regions","CommandSystem.Register("
"","","","Data/Scripts/System/Regions/Spawning/SpawnEntry.cs","378","System:Regions","CommandSystem.Register("
"","","","Data/Scripts/System/Regions/Spawning/SpawnEntry.cs","383","System:Regions","CommandSystem.Register("
"","","","Data/Scripts/System/Regions/Spawning/SpawnEntry.cs","388","System:Regions","CommandSystem.Register("
"","","","Data/Scripts/System/Regions/Spawning/SpawnEntry.cs","393","System:Regions","CommandSystem.Register("
"","","","Data/Scripts/System/Regions/Spawning/SpawnEntry.cs","398","System:Regions","CommandSystem.Register("
"","","","Data/Scripts/System/Regions/Spawning/SpawnEntry.cs","403","System:Regions","CommandSystem.Register("
"","","","Data/Scripts/System/Regions/Spawning/SpawnEntry.cs","408","System:Regions","CommandSystem.Register("
"","","","Data/Scripts/System/Regions/Spawning/SpawnEntry.cs","413","System:Regions","CommandSystem.Register("
"","","","Data/Scripts/System/Skills/Weapon Abilities/SpecialAttackCommands.cs","13","System:Skills","CommandSystem.Register("
"","","","Data/Scripts/System/Skills/Weapon Abilities/SpecialAttackCommands.cs","18","System:Skills","CommandSystem.Register("
"","","","Data/Scripts/System/Skills/Weapon Abilities/SpecialAttackCommands.cs","23","System:Skills","CommandSystem.Register("
"","","","Data/Scripts/System/Skills/Weapon Abilities/SpecialAttackCommands.cs","28","System:Skills","CommandSystem.Register("
"","","","Data/Scripts/System/Skills/Weapon Abilities/SpecialAttackCommands.cs","33","System:Skills","CommandSystem.Register("
"","","","Data/Scripts/System/Skills/Weapon Abilities/SpecialAttackCommands.cs","38","System:Skills","CommandSystem.Register("
"","","","Data/Scripts/System/Skills/Weapon Abilities/SpecialAttackCommands.cs","43","System:Skills","CommandSystem.Register("
"","","","Data/Scripts/System/Skills/Weapon Abilities/SpecialAttackCommands.cs","48","System:Skills","CommandSystem.Register("
"","","","Data/Scripts/System/Skills/Weapon Abilities/SpecialAttackCommands.cs","53","System:Skills","CommandSystem.Register("
"","","","Data/Scripts/System/Skills/Weapon Abilities/SpecialAttackCommands.cs","58","System:Skills","CommandSystem.Register("
"","","","Data/Scripts/System/Skills/Weapon Abilities/SpecialAttacksDisplay.cs","13","System:Skills","CommandSystem.Register("
"","","","Data/Scripts/System/Skills/Weapon Abilities/SpecialAttacksDisplay.cs","18","System:Skills","CommandSystem.Register("
"","","","Data/Scripts/System/Skills/Weapon Abilities/Gumps/SpecialAttackGump.cs","799","System:Skills","CommandSystem.Register("
"","","","Data/Scripts/Trades/Core/Recipes.cs","13","Trades:Core","CommandSystem.Register("
"","","","Data/Scripts/Trades/Core/Recipes.cs","18","Trades:Core","CommandSystem.Register("
