"RiskId","System","DocPath","Title","RiskReason","CanonicalPage","SourceTracePresent","StaleClaims","MissingSourceFiles","ExistingBacklogIds","GeneratedBacklogId","Recommendation","Evidence"
"DOC-RISK-0001","Unknown","docs/CCWM/Confictura_Codex_World_Map.md","Confictura Codex World Map","Stale or Needs Rework marker present","Support","No","Contains Needs Rework/TODO/stub markers that require source-backed follow-up.","","","DOC-0001","Resolve in documentation backlog with source traces before relying on player-facing claims.","Documentation truth row: docs/CCWM/Confictura_Codex_World_Map.md"
"DOC-RISK-0002","Unknown","docs/CCWM/generated/Run_Index.md","CCWM Run Index","Stale or Needs Rework marker present","Support","No","Contains Needs Rework/TODO/stub markers that require source-backed follow-up.","","","DOC-0002","Resolve in documentation backlog with source traces before relying on player-facing claims.","Documentation truth row: docs/CCWM/generated/Run_Index.md"
"DOC-RISK-0003","Unknown","docs/wiki/Access_Level_Stone.md","Access Level Stone","Missing source-backed claim or alias cleanup needed","Canonical","No","","","","DOC-0003","Resolve in documentation backlog with source traces before relying on player-facing claims.","Documentation truth row: docs/wiki/Access_Level_Stone.md"
"DOC-RISK-0004","Bulk Orders","docs/wiki/Animal_Shape_Stones.md","System Name: Animal Shape Stones","Missing source-backed claim or alias cleanup needed","Canonical","No","","","WIKI-0015","","Resolve in documentation backlog with source traces before relying on player-facing claims.","Documentation truth row: docs/wiki/Animal_Shape_Stones.md"
"DOC-RISK-0005","PlayerMobile Core","docs/wiki/Animal_Trainer_Stable_Claim.md","NPC Animal Trainer Stable/Claim","Missing source-backed claim or alias cleanup needed","Canonical","No","","","","DOC-0004","Resolve in documentation backlog with source traces before relying on player-facing claims.","Documentation truth row: docs/wiki/Animal_Trainer_Stable_Claim.md"
"DOC-RISK-0006","Vendor Core","docs/wiki/Animal_Trainer_Stable_Claim.md","NPC Animal Trainer Stable/Claim","Missing source-backed claim or alias cleanup needed","Canonical","No","","","","DOC-0004","Resolve in documentation backlog with source traces before relying on player-facing claims.","Documentation truth row: docs/wiki/Animal_Trainer_Stable_Claim.md"
"DOC-RISK-0007","Crafting Core","docs/wiki/Apiculture_Beekeeping.md","System Name: Apiculture (Beekeeping)","Stale or Needs Rework marker present","Canonical","Yes","Contains Needs Rework/TODO/stub markers that require source-backed follow-up.","","","DOC-0005","Resolve in documentation backlog with source traces before relying on player-facing claims.","Documentation truth row: docs/wiki/Apiculture_Beekeeping.md"
"DOC-RISK-0008","Vendor Core","docs/wiki/Apiculture_Beekeeping.md","System Name: Apiculture (Beekeeping)","Stale or Needs Rework marker present","Canonical","Yes","Contains Needs Rework/TODO/stub markers that require source-backed follow-up.","","","DOC-0005","Resolve in documentation backlog with source traces before relying on player-facing claims.","Documentation truth row: docs/wiki/Apiculture_Beekeeping.md"
"DOC-RISK-0009","Unknown","docs/wiki/auditautomationprompt.md","Wiki Audit Automation Prompt","Stale or Needs Rework marker present","Support","No","Contains Needs Rework/TODO/stub markers that require source-backed follow-up.","","","DOC-0006","Resolve in documentation backlog with source traces before relying on player-facing claims.","Documentation truth row: docs/wiki/auditautomationprompt.md"
"DOC-RISK-0010","Unknown","docs/wiki/Auto_Sheath.md","Auto Sheath","Missing source-backed claim or alias cleanup needed","Canonical","No","","","","DOC-0007","Resolve in documentation backlog with source traces before relying on player-facing claims.","Documentation truth row: docs/wiki/Auto_Sheath.md"
"DOC-RISK-0011","Vendor Core","docs/wiki/Banker_Speech_Commands.md","NPC Banker Speech Commands","Missing source-backed claim or alias cleanup needed","Canonical","No","","","WIKI-0013","","Resolve in documentation backlog with source traces before relying on player-facing claims.","Documentation truth row: docs/wiki/Banker_Speech_Commands.md"
"DOC-RISK-0012","PlayerMobile Core","docs/wiki/Barbaric_Play_Style.md","Barbaric Play Style","Missing source-backed claim or alias cleanup needed","Canonical","No","","","","DOC-0008","Resolve in documentation backlog with source traces before relying on player-facing claims.","Documentation truth row: docs/wiki/Barbaric_Play_Style.md"
"DOC-RISK-0013","Magic Schools","docs/wiki/Bard_Song_Magic.md","Bard Song Magic","Missing source-backed claim or alias cleanup needed","Canonical","No","","","","DOC-0009","Resolve in documentation backlog with source traces before relying on player-facing claims.","Documentation truth row: docs/wiki/Bard_Song_Magic.md"
"DOC-RISK-0014","Spell Framework","docs/wiki/Base_Spell_Framework.md","Base Spell Framework","Missing source-backed claim or alias cleanup needed","Canonical","No","","","","DOC-0010","Resolve in documentation backlog with source traces before relying on player-facing claims.","Documentation truth row: docs/wiki/Base_Spell_Framework.md"
"DOC-RISK-0015","Boats","docs/wiki/Boat_Core_Mechanics.md","Boat Core Mechanics","Missing source-backed claim or alias cleanup needed","Canonical","No","","","","DOC-0011","Resolve in documentation backlog with source traces before relying on player-facing claims.","Documentation truth row: docs/wiki/Boat_Core_Mechanics.md"
"DOC-RISK-0016","Boats","docs/wiki/boat-navigation-control.md","Boat Navigation Control","Missing source-backed claim or alias cleanup needed","Canonical","No","","","","DOC-0012","Resolve in documentation backlog with source traces before relying on player-facing claims.","Documentation truth row: docs/wiki/boat-navigation-control.md"
"DOC-RISK-0017","Unknown","docs/wiki/bond-info-command.md","System Name: Bond Info Command","Missing source-backed claim or alias cleanup needed","Canonical","No","","","","DOC-0013","Resolve in documentation backlog with source traces before relying on player-facing claims.","Documentation truth row: docs/wiki/bond-info-command.md"
"DOC-RISK-0018","Unknown","docs/wiki/Book_Publisher.md","Book Publisher","Missing source-backed claim or alias cleanup needed;Stale or Needs Rework marker present","Canonical","No","Contains Needs Rework/TODO/stub markers that require source-backed follow-up.","","","DOC-0014","Resolve in documentation backlog with source traces before relying on player-facing claims.","Documentation truth row: docs/wiki/Book_Publisher.md"
"DOC-RISK-0019","Bulk Orders","docs/wiki/Bulk_Order_System.md","Bulk Order System","Missing source-backed claim or alias cleanup needed","Canonical","No","","","","DOC-0015","Resolve in documentation backlog with source traces before relying on player-facing claims.","Documentation truth row: docs/wiki/Bulk_Order_System.md"
"DOC-RISK-0020","Unknown","docs/wiki/Bushido.md","Bushido","Missing source-backed claim or alias cleanup needed;Stale or Needs Rework marker present","Canonical","No","Contains Needs Rework/TODO/stub markers that require source-backed follow-up.","","","DOC-0016","Resolve in documentation backlog with source traces before relying on player-facing claims.","Documentation truth row: docs/wiki/Bushido.md"
"DOC-RISK-0021","Champions","docs/wiki/Champion_Spawns.md","Champion Spawns","Missing source-backed claim or alias cleanup needed;Stale or Needs Rework marker present","Canonical","No","Contains Needs Rework/TODO/stub markers that require source-backed follow-up.","","","DOC-0017","Resolve in documentation backlog with source traces before relying on player-facing claims.","Documentation truth row: docs/wiki/Champion_Spawns.md"
"DOC-RISK-0022","Unknown","docs/wiki/Change_Season_Command.md","Change Season Command","Missing source-backed claim or alias cleanup needed","Canonical","No","","","","DOC-0018","Resolve in documentation backlog with source traces before relying on player-facing claims.","Documentation truth row: docs/wiki/Change_Season_Command.md"
"DOC-RISK-0023","Character Level","docs/wiki/Character_Level_Recon_Report.md","Character Level Recon Report","Missing source-backed claim or alias cleanup needed","Canonical","No","","","","DOC-0019","Resolve in documentation backlog with source traces before relying on player-facing claims.","Documentation truth row: docs/wiki/Character_Level_Recon_Report.md"
"DOC-RISK-0024","Unknown","docs/wiki/Character_Swap.md","Character Swap","Missing source-backed claim or alias cleanup needed","Canonical","No","","","","DOC-0020","Resolve in documentation backlog with source traces before relying on player-facing claims.","Documentation truth row: docs/wiki/Character_Swap.md"
"DOC-RISK-0025","Unknown","docs/wiki/Chat_System.md","Chat System","Missing source-backed claim or alias cleanup needed;Stale or Needs Rework marker present","Canonical","No","Contains Needs Rework/TODO/stub markers that require source-backed follow-up.","","","DOC-0021","Resolve in documentation backlog with source traces before relying on player-facing claims.","Documentation truth row: docs/wiki/Chat_System.md"
"DOC-RISK-0026","Unknown","docs/wiki/Clear_Deck_Command.md","Clear Deck Command","Missing source-backed claim or alias cleanup needed","Canonical","No","","","","DOC-0022","Resolve in documentation backlog with source traces before relying on player-facing claims.","Documentation truth row: docs/wiki/Clear_Deck_Command.md"
"DOC-RISK-0027","Clone Offline Player Characters","docs/wiki/Clone_Offline_Player_Characters.md","System Name: Clone Offline Player Characters","Missing source-backed claim or alias cleanup needed;Stale or Needs Rework marker present","Canonical","No","Contains Needs Rework/TODO/stub markers that require source-backed follow-up.","","","DOC-0023","Resolve in documentation backlog with source traces before relying on player-facing claims.","Documentation truth row: docs/wiki/Clone_Offline_Player_Characters.md"
"DOC-RISK-0028","Unknown","docs/wiki/Command_Utilities.md","Command Utilities","Missing source-backed claim or alias cleanup needed","Canonical","No","","","","DOC-0024","Resolve in documentation backlog with source traces before relying on player-facing claims.","Documentation truth row: docs/wiki/Command_Utilities.md"
"DOC-RISK-0029","Character Level","docs/wiki/Confictura_Introduction.md","Confictura Introduction","Missing source-backed claim or alias cleanup needed;Stale or Needs Rework marker present","Canonical","No","Contains Needs Rework/TODO/stub markers that require source-backed follow-up.","","","DOC-0025","Resolve in documentation backlog with source traces before relying on player-facing claims.","Documentation truth row: docs/wiki/Confictura_Introduction.md"
"DOC-RISK-0030","Crafting Core","docs/wiki/Crafting_Core.md","Crafting Core","Missing source-backed claim or alias cleanup needed","Canonical","No","","","","DOC-0026","Resolve in documentation backlog with source traces before relying on player-facing claims.","Documentation truth row: docs/wiki/Crafting_Core.md"
"DOC-RISK-0031","AI Overhaul","docs/wiki/Creature_AI_Core.md","Creature AI Core","Missing source-backed claim or alias cleanup needed;Stale or Needs Rework marker present","Canonical","No","Contains Needs Rework/TODO/stub markers that require source-backed follow-up.","","","DOC-0027","Resolve in documentation backlog with source traces before relying on player-facing claims.","Documentation truth row: docs/wiki/Creature_AI_Core.md"
"DOC-RISK-0032","Unknown","docs/wiki/Creature_Transformation_Guide.md","System Name: Creature Transformation Guide","Missing source-backed claim or alias cleanup needed","Canonical","No","","","","DOC-0028","Resolve in documentation backlog with source traces before relying on player-facing claims.","Documentation truth row: docs/wiki/Creature_Transformation_Guide.md"
"DOC-RISK-0033","PlayerMobile Core","docs/wiki/Custom_Title_Feature.md","Custom Title Feature","Missing source-backed claim or alias cleanup needed","Canonical","No","","","","DOC-0029","Resolve in documentation backlog with source traces before relying on player-facing claims.","Documentation truth row: docs/wiki/Custom_Title_Feature.md"
"DOC-RISK-0034","Magic Schools","docs/wiki/Death_Knight_Magic.md","Death Knight Magic","Missing source-backed claim or alias cleanup needed","Canonical","No","","","","DOC-0030","Resolve in documentation backlog with source traces before relying on player-facing claims.","Documentation truth row: docs/wiki/Death_Knight_Magic.md"
"DOC-RISK-0035","Unknown","docs/wiki/Druidism.md","Druidism","Missing source-backed claim or alias cleanup needed","Canonical","No","","","","DOC-0031","Resolve in documentation backlog with source traces before relying on player-facing claims.","Documentation truth row: docs/wiki/Druidism.md"
"DOC-RISK-0036","Magic Schools","docs/wiki/Elementalism.md","Elementalism","Missing source-backed claim or alias cleanup needed","Canonical","No","","","","DOC-0032","Resolve in documentation backlog with source traces before relying on player-facing claims.","Documentation truth row: docs/wiki/Elementalism.md"
"DOC-RISK-0037","Unknown","docs/wiki/Enchantments.md","Enchantments","Missing source-backed claim or alias cleanup needed","Canonical","No","","","","DOC-0033","Resolve in documentation backlog with source traces before relying on player-facing claims.","Documentation truth row: docs/wiki/Enchantments.md"
"DOC-RISK-0038","Harvest System","docs/wiki/Farmable_Crops_System.md","Farmable Crops System","Missing source-backed claim or alias cleanup needed","Canonical","No","","","","DOC-0034","Resolve in documentation backlog with source traces before relying on player-facing claims.","Documentation truth row: docs/wiki/Farmable_Crops_System.md"
"DOC-RISK-0039","Homestead","docs/wiki/Farmable_Crops_System.md","Farmable Crops System","Missing source-backed claim or alias cleanup needed","Canonical","No","","","","DOC-0034","Resolve in documentation backlog with source traces before relying on player-facing claims.","Documentation truth row: docs/wiki/Farmable_Crops_System.md"
"DOC-RISK-0040","Unknown","docs/wiki/fixautomationprompt.md","Wiki Fix Automation Prompt","Stale or Needs Rework marker present","Support","No","Contains Needs Rework/TODO/stub markers that require source-backed follow-up.","","","DOC-0035","Resolve in documentation backlog with source traces before relying on player-facing claims.","Documentation truth row: docs/wiki/fixautomationprompt.md"
"DOC-RISK-0041","Housing","docs/wiki/Flip_Deed.md","Flip Deed","Missing source-backed claim or alias cleanup needed","Canonical","No","","","","DOC-0036","Resolve in documentation backlog with source traces before relying on player-facing claims.","Documentation truth row: docs/wiki/Flip_Deed.md"
"DOC-RISK-0042","Unknown","docs/wiki/GM_Hiding_Stone.md","System Name: GM Hiding Stone","Missing source-backed claim or alias cleanup needed","Canonical","No","","","","DOC-0037","Resolve in documentation backlog with source traces before relying on player-facing claims.","Documentation truth row: docs/wiki/GM_Hiding_Stone.md"
"DOC-RISK-0043","Unknown","docs/wiki/Goliath_Monsters.md","Goliath Monsters","Missing source-backed claim or alias cleanup needed","Canonical","No","","","","DOC-0038","Resolve in documentation backlog with source traces before relying on player-facing claims.","Documentation truth row: docs/wiki/Goliath_Monsters.md"
"DOC-RISK-0044","Government","docs/wiki/Government_System.md","Government System","Missing source-backed claim or alias cleanup needed","Canonical","No","","","","DOC-0039","Resolve in documentation backlog with source traces before relying on player-facing claims.","Documentation truth row: docs/wiki/Government_System.md"
"DOC-RISK-0045","Crafting Core","docs/wiki/Grave_Robbing_Trade.md","Grave Robbing Trade","Missing source-backed claim or alias cleanup needed","Canonical","No","","","","DOC-0040","Resolve in documentation backlog with source traces before relying on player-facing claims.","Documentation truth row: docs/wiki/Grave_Robbing_Trade.md"
"DOC-RISK-0046","Harvest System","docs/wiki/Grave_Robbing_Trade.md","Grave Robbing Trade","Missing source-backed claim or alias cleanup needed","Canonical","No","","","","DOC-0040","Resolve in documentation backlog with source traces before relying on player-facing claims.","Documentation truth row: docs/wiki/Grave_Robbing_Trade.md"
"DOC-RISK-0047","Unknown","docs/wiki/Guide_To_Adventure_Book.md","Guide To Adventure Book","Missing source-backed claim or alias cleanup needed","Canonical","No","","","","DOC-0041","Resolve in documentation backlog with source traces before relying on player-facing claims.","Documentation truth row: docs/wiki/Guide_To_Adventure_Book.md"
"DOC-RISK-0048","Unknown","docs/wiki/Gump_Framework.md","Gump Framework","Missing source-backed claim or alias cleanup needed","Canonical","No","","","","DOC-0042","Resolve in documentation backlog with source traces before relying on player-facing claims.","Documentation truth row: docs/wiki/Gump_Framework.md"
"DOC-RISK-0049","Harvest System","docs/wiki/Harvest_Resource_System.md","Harvest Resource System","Missing source-backed claim or alias cleanup needed","Canonical","No","","","","DOC-0043","Resolve in documentation backlog with source traces before relying on player-facing claims.","Documentation truth row: docs/wiki/Harvest_Resource_System.md"
"DOC-RISK-0050","Unknown","docs/wiki/Help_Request_System.md","Help Request System","Missing source-backed claim or alias cleanup needed","Canonical","No","","","","DOC-0044","Resolve in documentation backlog with source traces before relying on player-facing claims.","Documentation truth row: docs/wiki/Help_Request_System.md"
"DOC-RISK-0051","Magic Schools","docs/wiki/Holy_Man_Magic.md","Holy Man Magic","Missing source-backed claim or alias cleanup needed","Canonical","No","","","","DOC-0045","Resolve in documentation backlog with source traces before relying on player-facing claims.","Documentation truth row: docs/wiki/Holy_Man_Magic.md"
"DOC-RISK-0052","Homestead","docs/wiki/Homestead_System.md","Homestead System","Missing source-backed claim or alias cleanup needed","Canonical","No","","","","DOC-0046","Resolve in documentation backlog with source traces before relying on player-facing claims.","Documentation truth row: docs/wiki/Homestead_System.md"
"DOC-RISK-0053","Housing","docs/wiki/Housing_System.md","Housing System","Missing source-backed claim or alias cleanup needed","Canonical","No","","","","DOC-0047","Resolve in documentation backlog with source traces before relying on player-facing claims.","Documentation truth row: docs/wiki/Housing_System.md"
"DOC-RISK-0054","Regions","docs/wiki/Housing_System.md","Housing System","Missing source-backed claim or alias cleanup needed","Canonical","No","","","","DOC-0047","Resolve in documentation backlog with source traces before relying on player-facing claims.","Documentation truth row: docs/wiki/Housing_System.md"
"DOC-RISK-0055","Invasion","docs/wiki/Invasion_System.md","Invasion System","Missing source-backed claim or alias cleanup needed","Canonical","No","","","","DOC-0048","Resolve in documentation backlog with source traces before relying on player-facing claims.","Documentation truth row: docs/wiki/Invasion_System.md"
"DOC-RISK-0056","Magic Schools","docs/wiki/Jedi_Magic.md","Jedi Magic","Missing source-backed claim or alias cleanup needed","Canonical","No","","","","DOC-0049","Resolve in documentation backlog with source traces before relying on player-facing claims.","Documentation truth row: docs/wiki/Jedi_Magic.md"
"DOC-RISK-0057","Unknown","docs/wiki/Jester_Magic.md","Jester Magic","Missing source-backed claim or alias cleanup needed","Canonical","No","","","","DOC-0050","Resolve in documentation backlog with source traces before relying on player-facing claims.","Documentation truth row: docs/wiki/Jester_Magic.md"
"DOC-RISK-0058","Unknown","docs/wiki/Knight_Chivalry.md","Knight Chivalry","Missing source-backed claim or alias cleanup needed","Canonical","No","","","","DOC-0051","Resolve in documentation backlog with source traces before relying on player-facing claims.","Documentation truth row: docs/wiki/Knight_Chivalry.md"
"DOC-RISK-0059","Harvest System","docs/wiki/Librarian_Trade.md","Librarian Trade","Missing source-backed claim or alias cleanup needed","Canonical","No","","","","DOC-0052","Resolve in documentation backlog with source traces before relying on player-facing claims.","Documentation truth row: docs/wiki/Librarian_Trade.md"
"DOC-RISK-0060","PlayerMobile Core","docs/wiki/Mage_Spellcasting_Tips.md","Mage Spellcasting Tips","Missing source-backed claim or alias cleanup needed","Canonical","No","","","","DOC-0053","Resolve in documentation backlog with source traces before relying on player-facing claims.","Documentation truth row: docs/wiki/Mage_Spellcasting_Tips.md"
"DOC-RISK-0061","Vendor Core","docs/wiki/Mage_Spellcasting_Tips.md","Mage Spellcasting Tips","Missing source-backed claim or alias cleanup needed","Canonical","No","","","","DOC-0053","Resolve in documentation backlog with source traces before relying on player-facing claims.","Documentation truth row: docs/wiki/Mage_Spellcasting_Tips.md"
"DOC-RISK-0062","Magic Schools","docs/wiki/Magery_Spell_Color_Setting.md","Magery Spell Color Setting","Missing source-backed claim or alias cleanup needed","Canonical","No","","","","DOC-0054","Resolve in documentation backlog with source traces before relying on player-facing claims.","Documentation truth row: docs/wiki/Magery_Spell_Color_Setting.md"
"DOC-RISK-0063","Obsolete Scripts","docs/wiki/Magery_Spell_Color_Setting.md","Magery Spell Color Setting","Missing source-backed claim or alias cleanup needed","Canonical","No","","","","DOC-0054","Resolve in documentation backlog with source traces before relying on player-facing claims.","Documentation truth row: docs/wiki/Magery_Spell_Color_Setting.md"
"DOC-RISK-0064","PlayerMobile Core","docs/wiki/Magery_Spell_Color_Setting.md","Magery Spell Color Setting","Missing source-backed claim or alias cleanup needed","Canonical","No","","","","DOC-0054","Resolve in documentation backlog with source traces before relying on player-facing claims.","Documentation truth row: docs/wiki/Magery_Spell_Color_Setting.md"
"DOC-RISK-0065","Regions","docs/wiki/Magery_Spell_Color_Setting.md","Magery Spell Color Setting","Missing source-backed claim or alias cleanup needed","Canonical","No","","","","DOC-0054","Resolve in documentation backlog with source traces before relying on player-facing claims.","Documentation truth row: docs/wiki/Magery_Spell_Color_Setting.md"
"DOC-RISK-0066","Vendor Core","docs/wiki/Magery_Spell_Color_Setting.md","Magery Spell Color Setting","Missing source-backed claim or alias cleanup needed","Canonical","No","","","","DOC-0054","Resolve in documentation backlog with source traces before relying on player-facing claims.","Documentation truth row: docs/wiki/Magery_Spell_Color_Setting.md"
"DOC-RISK-0067","Unknown","docs/wiki/Magery_Spell_System.md","Magery Spell System","Missing source-backed claim or alias cleanup needed","Canonical","No","","","","DOC-0055","Resolve in documentation backlog with source traces before relying on player-facing claims.","Documentation truth row: docs/wiki/Magery_Spell_System.md"
"DOC-RISK-0068","Magic Schools","docs/wiki/Magic_Toolbars_Guide.md","Magic Toolbars Guide","Missing source-backed claim or alias cleanup needed","Canonical","No","","","","DOC-0056","Resolve in documentation backlog with source traces before relying on player-facing claims.","Documentation truth row: docs/wiki/Magic_Toolbars_Guide.md"
"DOC-RISK-0069","PlayerMobile Core","docs/wiki/Magic_Toolbars_Guide.md","Magic Toolbars Guide","Missing source-backed claim or alias cleanup needed","Canonical","No","","","","DOC-0056","Resolve in documentation backlog with source traces before relying on player-facing claims.","Documentation truth row: docs/wiki/Magic_Toolbars_Guide.md"
"DOC-RISK-0070","Gardening","docs/wiki/Misc_Core_Systems.md","Misc Core Systems","Missing source-backed claim or alias cleanup needed","Canonical","No","","","","DOC-0057","Resolve in documentation backlog with source traces before relying on player-facing claims.","Documentation truth row: docs/wiki/Misc_Core_Systems.md"
"DOC-RISK-0071","OmniAI","docs/wiki/Misc_Magic_Spells.md","Misc Magic Spells","Missing source-backed claim or alias cleanup needed","Canonical","No","","","","DOC-0058","Resolve in documentation backlog with source traces before relying on player-facing claims.","Documentation truth row: docs/wiki/Misc_Magic_Spells.md"
"DOC-RISK-0072","Monster Nests","docs/wiki/Monster_Nest_System.md","System Name: Monster Nest System","Missing source-backed claim or alias cleanup needed","Canonical","No","","","","DOC-0059","Resolve in documentation backlog with source traces before relying on player-facing claims.","Documentation truth row: docs/wiki/Monster_Nest_System.md"
"DOC-RISK-0073","Magic Schools","docs/wiki/Mystic_Magic.md","Mystic Magic","Missing source-backed claim or alias cleanup needed","Canonical","No","","","","DOC-0060","Resolve in documentation backlog with source traces before relying on player-facing claims.","Documentation truth row: docs/wiki/Mystic_Magic.md"
"DOC-RISK-0074","Unknown","docs/wiki/Necromancy.md","Necromancy","Missing source-backed claim or alias cleanup needed","Canonical","No","","","","DOC-0061","Resolve in documentation backlog with source traces before relying on player-facing claims.","Documentation truth row: docs/wiki/Necromancy.md"
"DOC-RISK-0075","Unknown","docs/wiki/Ninjitsu.md","Ninjitsu","Missing source-backed claim or alias cleanup needed","Canonical","No","","","","DOC-0062","Resolve in documentation backlog with source traces before relying on player-facing claims.","Documentation truth row: docs/wiki/Ninjitsu.md"
"DOC-RISK-0076","Unknown","docs/wiki/NPC_Control_Commands.md","NPC Control Commands","Missing source-backed claim or alias cleanup needed","Canonical","No","","","","DOC-0063","Resolve in documentation backlog with source traces before relying on player-facing claims.","Documentation truth row: docs/wiki/NPC_Control_Commands.md"
"DOC-RISK-0077","Vendor Core","docs/wiki/NPC_Mage_Advice.md","NPC Mage Advice","Missing source-backed claim or alias cleanup needed","Canonical","No","","","","DOC-0064","Resolve in documentation backlog with source traces before relying on player-facing claims.","Documentation truth row: docs/wiki/NPC_Mage_Advice.md"
"DOC-RISK-0078","Boats","docs/wiki/NPC_Shipwright_Sailing_Guide.md","NPC Shipwright Sailing Guide","Missing source-backed claim or alias cleanup needed","Canonical","No","","","","DOC-0065","Resolve in documentation backlog with source traces before relying on player-facing claims.","Documentation truth row: docs/wiki/NPC_Shipwright_Sailing_Guide.md"
"DOC-RISK-0079","Vendor Core","docs/wiki/NPC_Shipwright_Sailing_Guide.md","NPC Shipwright Sailing Guide","Missing source-backed claim or alias cleanup needed","Canonical","No","","","","DOC-0065","Resolve in documentation backlog with source traces before relying on player-facing claims.","Documentation truth row: docs/wiki/NPC_Shipwright_Sailing_Guide.md"
"DOC-RISK-0080","Obsolete Scripts","docs/wiki/Obsolete_Script_Collection.md","Obsolete Script Collection","Missing source-backed claim or alias cleanup needed","Canonical","No","","","","DOC-0066","Resolve in documentation backlog with source traces before relying on player-facing claims.","Documentation truth row: docs/wiki/Obsolete_Script_Collection.md"
"DOC-RISK-0081","Homestead","docs/wiki/offline-skill-training.md","System Name: Offline Skill Training","Missing source-backed claim or alias cleanup needed;Stale or Needs Rework marker present","Canonical","No","Contains Needs Rework/TODO/stub markers that require source-backed follow-up.","","","DOC-0067","Resolve in documentation backlog with source traces before relying on player-facing claims.","Documentation truth row: docs/wiki/offline-skill-training.md"
"DOC-RISK-0082","Magic Schools","docs/wiki/offline-skill-training.md","System Name: Offline Skill Training","Missing source-backed claim or alias cleanup needed;Stale or Needs Rework marker present","Canonical","No","Contains Needs Rework/TODO/stub markers that require source-backed follow-up.","","","DOC-0067","Resolve in documentation backlog with source traces before relying on player-facing claims.","Documentation truth row: docs/wiki/offline-skill-training.md"
"DOC-RISK-0083","Offline Skill Training","docs/wiki/offline-skill-training.md","System Name: Offline Skill Training","Missing source-backed claim or alias cleanup needed;Stale or Needs Rework marker present","Canonical","No","Contains Needs Rework/TODO/stub markers that require source-backed follow-up.","","","DOC-0067","Resolve in documentation backlog with source traces before relying on player-facing claims.","Documentation truth row: docs/wiki/offline-skill-training.md"
"DOC-RISK-0084","Vendor Core","docs/wiki/offline-skill-training.md","System Name: Offline Skill Training","Missing source-backed claim or alias cleanup needed;Stale or Needs Rework marker present","Canonical","No","Contains Needs Rework/TODO/stub markers that require source-backed follow-up.","","","DOC-0067","Resolve in documentation backlog with source traces before relying on player-facing claims.","Documentation truth row: docs/wiki/offline-skill-training.md"
"DOC-RISK-0085","OmniAI","docs/wiki/OmniAI.md","OmniAI","Missing source-backed claim or alias cleanup needed","Canonical","No","","","","DOC-0068","Resolve in documentation backlog with source traces before relying on player-facing claims.","Documentation truth row: docs/wiki/OmniAI.md"
"DOC-RISK-0086","Unknown","docs/wiki/Pandoras_Gift_Box.md","Pandora's Gift Box","Missing source-backed claim or alias cleanup needed","Canonical","No","","","","DOC-0069","Resolve in documentation backlog with source traces before relying on player-facing claims.","Documentation truth row: docs/wiki/Pandoras_Gift_Box.md"
"DOC-RISK-0087","Government","docs/wiki/Player_Government_System_Guide.md","Player Government System Guide","Missing source-backed claim or alias cleanup needed","Canonical","No","","","","DOC-0070","Resolve in documentation backlog with source traces before relying on player-facing claims.","Documentation truth row: docs/wiki/Player_Government_System_Guide.md"
"DOC-RISK-0088","Regions","docs/wiki/Player_Government_System_Guide.md","Player Government System Guide","Missing source-backed claim or alias cleanup needed","Canonical","No","","","","DOC-0070","Resolve in documentation backlog with source traces before relying on player-facing claims.","Documentation truth row: docs/wiki/Player_Government_System_Guide.md"
"DOC-RISK-0089","Unknown","docs/wiki/player-range-sensitive-mod.md","System Name: Player Range Sensitive Deactivation","Missing source-backed claim or alias cleanup needed","Canonical","No","","","","DOC-0071","Resolve in documentation backlog with source traces before relying on player-facing claims.","Documentation truth row: docs/wiki/player-range-sensitive-mod.md"
"DOC-RISK-0090","Unknown","docs/wiki/point-command.md","System Name: Point Command","Missing source-backed claim or alias cleanup needed","Canonical","No","","","","DOC-0072","Resolve in documentation backlog with source traces before relying on player-facing claims.","Documentation truth row: docs/wiki/point-command.md"
"DOC-RISK-0091","PlayerMobile Core","docs/wiki/pvp-consent-system.md","Legacy Slug: PvP Consent System","Alias or legacy slug has independent claims;Missing source-backed claim or alias cleanup needed","Alias","No","","","","DOC-0073","Resolve in documentation backlog with source traces before relying on player-facing claims.","Documentation truth row: docs/wiki/pvp-consent-system.md"
"DOC-RISK-0092","PvP Consent","docs/wiki/pvp-consent-system.md","Legacy Slug: PvP Consent System","Alias or legacy slug has independent claims;Missing source-backed claim or alias cleanup needed","Alias","No","","","","DOC-0073","Resolve in documentation backlog with source traces before relying on player-facing claims.","Documentation truth row: docs/wiki/pvp-consent-system.md"
"DOC-RISK-0093","Regions","docs/wiki/pvp-consent-system.md","Legacy Slug: PvP Consent System","Alias or legacy slug has independent claims;Missing source-backed claim or alias cleanup needed","Alias","No","","","","DOC-0073","Resolve in documentation backlog with source traces before relying on player-facing claims.","Documentation truth row: docs/wiki/pvp-consent-system.md"
"DOC-RISK-0094","Magic Schools","docs/wiki/Quest_Framework.md","Quest Framework","Missing source-backed claim or alias cleanup needed","Canonical","No","","","","DOC-0074","Resolve in documentation backlog with source traces before relying on player-facing claims.","Documentation truth row: docs/wiki/Quest_Framework.md"
"DOC-RISK-0095","Obsolete Scripts","docs/wiki/Quest_Framework.md","Quest Framework","Missing source-backed claim or alias cleanup needed","Canonical","No","","","","DOC-0074","Resolve in documentation backlog with source traces before relying on player-facing claims.","Documentation truth row: docs/wiki/Quest_Framework.md"
"DOC-RISK-0096","Regions","docs/wiki/Quest_Framework.md","Quest Framework","Missing source-backed claim or alias cleanup needed","Canonical","No","","","","DOC-0074","Resolve in documentation backlog with source traces before relying on player-facing claims.","Documentation truth row: docs/wiki/Quest_Framework.md"
"DOC-RISK-0097","Vendor Core","docs/wiki/Quest_Framework.md","Quest Framework","Missing source-backed claim or alias cleanup needed","Canonical","No","","","","DOC-0074","Resolve in documentation backlog with source traces before relying on player-facing claims.","Documentation truth row: docs/wiki/Quest_Framework.md"
"DOC-RISK-0098","PlayerMobile Core","docs/wiki/Race_Token_System.md","System Name: Race Token System","Missing source-backed claim or alias cleanup needed","Canonical","No","","","","DOC-0075","Resolve in documentation backlog with source traces before relying on player-facing claims.","Documentation truth row: docs/wiki/Race_Token_System.md"
"DOC-RISK-0099","Character Level","docs/wiki/Random_Encounter_Engine.md","Random Encounter Engine","Missing source-backed claim or alias cleanup needed;Stale or Needs Rework marker present","Canonical","No","Contains Needs Rework/TODO/stub markers that require source-backed follow-up.","","","DOC-0076","Resolve in documentation backlog with source traces before relying on player-facing claims.","Documentation truth row: docs/wiki/Random_Encounter_Engine.md"
"DOC-RISK-0100","Random Encounters","docs/wiki/Random_Encounter_Engine.md","Random Encounter Engine","Missing source-backed claim or alias cleanup needed;Stale or Needs Rework marker present","Canonical","No","Contains Needs Rework/TODO/stub markers that require source-backed follow-up.","","","DOC-0076","Resolve in documentation backlog with source traces before relying on player-facing claims.","Documentation truth row: docs/wiki/Random_Encounter_Engine.md"
"DOC-RISK-0101","Vendor Core","docs/wiki/Ranger_Survival_Training.md","Ranger Survival Training","Missing source-backed claim or alias cleanup needed","Canonical","No","","","","DOC-0077","Resolve in documentation backlog with source traces before relying on player-facing claims.","Documentation truth row: docs/wiki/Ranger_Survival_Training.md"
"DOC-RISK-0102","Housing","docs/wiki/Real_Estate_Broker_Appraisal.md","NPC Real Estate Broker Appraisal","Missing source-backed claim or alias cleanup needed","Canonical","No","","","WIKI-0014","","Resolve in documentation backlog with source traces before relying on player-facing claims.","Documentation truth row: docs/wiki/Real_Estate_Broker_Appraisal.md"
"DOC-RISK-0103","Vendor Core","docs/wiki/Real_Estate_Broker_Appraisal.md","NPC Real Estate Broker Appraisal","Missing source-backed claim or alias cleanup needed","Canonical","No","","","WIKI-0014","","Resolve in documentation backlog with source traces before relying on player-facing claims.","Documentation truth row: docs/wiki/Real_Estate_Broker_Appraisal.md"
"DOC-RISK-0104","Housing","docs/wiki/Region_System.md","Region System","Missing source-backed claim or alias cleanup needed","Canonical","No","","","","DOC-0078","Resolve in documentation backlog with source traces before relying on player-facing claims.","Documentation truth row: docs/wiki/Region_System.md"
"DOC-RISK-0105","Regions","docs/wiki/Region_System.md","Region System","Missing source-backed claim or alias cleanup needed","Canonical","No","","","","DOC-0078","Resolve in documentation backlog with source traces before relying on player-facing claims.","Documentation truth row: docs/wiki/Region_System.md"
"DOC-RISK-0106","Unknown","docs/wiki/Relic_Items.md","Relic Items","Missing source-backed claim or alias cleanup needed","Canonical","No","","","","DOC-0079","Resolve in documentation backlog with source traces before relying on player-facing claims.","Documentation truth row: docs/wiki/Relic_Items.md"
"DOC-RISK-0107","Magic Schools","docs/wiki/Research_Magic.md","Research Magic","Missing source-backed claim or alias cleanup needed","Canonical","No","","","","DOC-0080","Resolve in documentation backlog with source traces before relying on player-facing claims.","Documentation truth row: docs/wiki/Research_Magic.md"
"DOC-RISK-0108","Random Encounters","docs/wiki/Search_System.md","System Name: Search System","Missing source-backed claim or alias cleanup needed","Canonical","No","","","","DOC-0081","Resolve in documentation backlog with source traces before relying on player-facing claims.","Documentation truth row: docs/wiki/Search_System.md"
"DOC-RISK-0109","Unknown","docs/wiki/Shinobi_Magic.md","Shinobi Magic","Missing source-backed claim or alias cleanup needed","Canonical","No","","","","DOC-0082","Resolve in documentation backlog with source traces before relying on player-facing claims.","Documentation truth row: docs/wiki/Shinobi_Magic.md"
"DOC-RISK-0110","Boats","docs/wiki/Shipwright_Sailing_Tutorial.md","Shipwright Sailing Tutorial","Missing source-backed claim or alias cleanup needed","Canonical","No","","","","DOC-0083","Resolve in documentation backlog with source traces before relying on player-facing claims.","Documentation truth row: docs/wiki/Shipwright_Sailing_Tutorial.md"
"DOC-RISK-0111","Vendor Core","docs/wiki/Shipwright_Sailing_Tutorial.md","Shipwright Sailing Tutorial","Missing source-backed claim or alias cleanup needed","Canonical","No","","","","DOC-0083","Resolve in documentation backlog with source traces before relying on player-facing claims.","Documentation truth row: docs/wiki/Shipwright_Sailing_Tutorial.md"
"DOC-RISK-0112","PlayerMobile Core","docs/wiki/Skill_Lists.md","Skill Lists","Missing source-backed claim or alias cleanup needed","Canonical","No","","","","DOC-0084","Resolve in documentation backlog with source traces before relying on player-facing claims.","Documentation truth row: docs/wiki/Skill_Lists.md"
"DOC-RISK-0113","Unknown","docs/wiki/Skill_Scripts.md","Skill Scripts","Missing source-backed claim or alias cleanup needed;Stale or Needs Rework marker present","Canonical","No","Contains Needs Rework/TODO/stub markers that require source-backed follow-up.","","","DOC-0085","Resolve in documentation backlog with source traces before relying on player-facing claims.","Documentation truth row: docs/wiki/Skill_Scripts.md"
"DOC-RISK-0114","Unknown","docs/wiki/skill-stone.md","Skill Stone","Missing source-backed claim or alias cleanup needed;Stale or Needs Rework marker present","Canonical","No","Contains Needs Rework/TODO/stub markers that require source-backed follow-up.","","","DOC-0086","Resolve in documentation backlog with source traces before relying on player-facing claims.","Documentation truth row: docs/wiki/skill-stone.md"
"DOC-RISK-0115","Magic Schools","docs/wiki/Staff_Toolbar.md","Staff Toolbar","Missing source-backed claim or alias cleanup needed;Stale or Needs Rework marker present","Canonical","No","Contains Needs Rework/TODO/stub markers that require source-backed follow-up.","","","DOC-0087","Resolve in documentation backlog with source traces before relying on player-facing claims.","Documentation truth row: docs/wiki/Staff_Toolbar.md"
"DOC-RISK-0116","Staff Toolbar","docs/wiki/Staff_Toolbar.md","Staff Toolbar","Missing source-backed claim or alias cleanup needed;Stale or Needs Rework marker present","Canonical","No","Contains Needs Rework/TODO/stub markers that require source-backed follow-up.","","","DOC-0087","Resolve in documentation backlog with source traces before relying on player-facing claims.","Documentation truth row: docs/wiki/Staff_Toolbar.md"
"DOC-RISK-0117","Crafting Core","docs/wiki/Standard_Crafting.md","Standard Crafting","Stale or Needs Rework marker present","Canonical","Yes","Contains Needs Rework/TODO/stub markers that require source-backed follow-up.","","","DOC-0088","Resolve in documentation backlog with source traces before relying on player-facing claims.","Documentation truth row: docs/wiki/Standard_Crafting.md"
"DOC-RISK-0118","Homestead","docs/wiki/Standard_Crafting.md","Standard Crafting","Stale or Needs Rework marker present","Canonical","Yes","Contains Needs Rework/TODO/stub markers that require source-backed follow-up.","","","DOC-0088","Resolve in documentation backlog with source traces before relying on player-facing claims.","Documentation truth row: docs/wiki/Standard_Crafting.md"
"DOC-RISK-0119","Static Gump Tool","docs/wiki/Static_Gump_Tool.md","Static Gump Tool","Missing source-backed claim or alias cleanup needed","Canonical","No","","","","DOC-0089","Resolve in documentation backlog with source traces before relying on player-facing claims.","Documentation truth row: docs/wiki/Static_Gump_Tool.md"
"DOC-RISK-0120","Crafting Core","docs/wiki/Stonecrafting.md","Stonecrafting","Missing source-backed claim or alias cleanup needed","Canonical","No","","","","DOC-0090","Resolve in documentation backlog with source traces before relying on player-facing claims.","Documentation truth row: docs/wiki/Stonecrafting.md"
"DOC-RISK-0121","Harvest System","docs/wiki/Stonecrafting.md","Stonecrafting","Missing source-backed claim or alias cleanup needed","Canonical","No","","","","DOC-0090","Resolve in documentation backlog with source traces before relying on player-facing claims.","Documentation truth row: docs/wiki/Stonecrafting.md"
"DOC-RISK-0122","Vendor Core","docs/wiki/Stonecrafting.md","Stonecrafting","Missing source-backed claim or alias cleanup needed","Canonical","No","","","","DOC-0090","Resolve in documentation backlog with source traces before relying on player-facing claims.","Documentation truth row: docs/wiki/Stonecrafting.md"
"DOC-RISK-0123","Unknown","docs/wiki/SystemAudit.md","System Audit","Missing source-backed claim or alias cleanup needed;Referenced source path missing;Stale or Needs Rework marker present","Unknown","No","Contains Needs Rework/TODO/stub markers that require source-backed follow-up.; References source paths that do not exist on disk.","Data/Scripts/Custom/BoatNavigationTotem/BoatNavigationTotam.cs) | Code-Verified 2026-05-06; Needs Rework | Low | Command-opened;Data/Scripts/Custom/Player Range Sensitive Mod/setdeactivation.cs) | Code-Verified 2026-05-06; Needs Rework | Low | Runtime AI deactivation delay for player-range-sensitive creatures. [Documentation](wiki/player-range-sensitive-mod.md). Needs C# rework;Data/Scripts/Custom/Access Level Stone [2.0]/AccessLevelStone.cs) | Code-Verified 2026-05-04; Needs Rework | Low | Blessed staff item that toggles its owner between stored staff access and;Data/Scripts/Custom/NPC Control/CloneCommands.cs) | Code-Verified 2026-05-06 | Medium | Counselor-level clone/control and helper staff commands. [Documentation](wiki/NPC_Control_Commands.md). Reworked 2026-05-06: retired unsupported;Data/Scripts/Custom/ClearDeckCommand/ClearDeckCommand.cs) | Code-Verified 2026-05-06; Needs Rework | Low | Player command that deletes NPC corpses and empty player corpses from the boat the caller is standing on. [Documentation](wiki/Clear_Deck_Command.md). Needs C# rework;Data/Scripts/Custom/Character Swap/CharacterSwap.cs) | Code-Verified 2026-05-06; Needs Rework | Low | Administrator;Data/Scripts/Custom/RandomEncounters/EncounterEngine.cs) | Code-Verified 2026-05-05; Needs Rework | High | Dynamic world encounter spawns. [Documentation](wiki/Random_Encounter_Engine.md). Needs C# rework;Data/Scripts/Custom/Invasion System/Sosaria) | Code-Verified 2026-05-05; Needs Rework | High | Multi-map invasion gump with per-city scripted spawners and stone-based cleanup. [Documentation](wiki/Invasion_System.md). Needs C# rework: the Lodor Nu'Jelm button opens the Sosaria gump, every Underworld start script spawns on;Data/Scripts/Custom/XMLSpawner/BaseXmlSpawner.cs) | Code-Verified 2026-05-06; Needs Rework | High | XML spawner, attachment, packet-hook, and quest helper package. [Documentation](wiki/XML_Spawner_Enhancements.md). Needs C# rework;Data/Scripts/Custom/MonsterNest/MonsterNest.cs) | Documented 2026-05-07 | Medium | Item-driven spawner with proxy combat;Data/Scripts/Custom/Government System/PlayerGovernmentSystem.cs) | Code-Verified 2026-05-06; Needs Rework | High | Player city founding, elections, taxes, civic structures, and region rules. [Documentation](wiki/Government_System.md). Needs C# rework;Data/Scripts/Custom/OmniAI/OmniAI Core.cs) | Code-Verified 2026-05-06; Needs Rework | High | Modular combat AI with module-gated Bushido, Knightship, Magery, Necromancy, and Ninjitsu actions. [Documentation](wiki/OmniAI.md). Needs C# rework;Data/Scripts/Custom/Vhaerun's CRL Homestead System [2.0]/) | Code-Verified 2026-05-06; Needs Rework | High | Agriculture, craft menus, wine, beehive, and milk/cheese bundle. [Documentation](wiki/Homestead_System.md). Needs C# rework: many crop classes open;Data/Scripts/Custom/CloneOfflinePlayerCharacters/CloneOfflinePlayerCharacters.cs) | Documented 2026-05-07; Needs Rework | Medium | Event-driven logged-out player clone system with hireable;Data/Scripts/Custom/Champions/Mobiles/Champs-UO/Barracoon.cs) | Code-Verified 2026-05-06; Needs Rework | High | Custom champion boss encounters. [Documentation](wiki/Champion_Spawns.md). Needs C# rework;Data/Scripts/Custom/LOTR - The One Ring/TheOneRing.cs) | Documented 2026-05-07; Needs Rework | Medium | Cursed equip-triggered artifact ring with direct hit loss, stealth, charge use, and duplicated ringwraith spawn rolls. [Documentation](wiki/The_One_Ring.md). Needs C# rework;Data/Scripts/Trades/Apiculture/BeeHiveAddon.cs) | Documented 2026-05-07; Needs Rework | Medium | World-save beehive growth, potion care, honey/raw wax harvest, wax rendering, and Cooking-based wax crafting. [Documentation](wiki/Apiculture_Beekeeping.md). Needs C# rework;Data/Scripts/Trades/Core/Gumps/CraftGump.cs) | Documented 2026-05-07; Needs Rework | High | Shared RunUO craft catalog, per-Mobile context, gumps, resource checks, maker's marks, repair/resmelt/enhance targets, and recipe commands. [Documentation](wiki/Crafting_Core.md). Needs C# rework: stale context indices can throw in;Data/Scripts/Trades/Crafting/DefBlacksmithy.cs) | Documented 2026-05-07; Needs Rework | High | Standard;Data/Scripts/Trades/Gardening/PlantBowl.cs) | Documented 2026-05-07; Needs Rework | Medium | Plant bowl, seed, growth, care, cross-pollination, resource harvest, and green-thorn effects. [Documentation](wiki/Gardening_System.md). Needs C# rework;Data/Scripts/Trades/Grave Robbing/GraveRobbing.cs) | Documented 2026-05-07; Needs Rework | Medium | Forensics-based grave harvest with body-part/reagent drops, ML relic bonuses, awakened undead, criminal witness rolls, and grave chests. [Documentation](wiki/Grave_Robbing_Trade.md). Needs C# rework: undead mobiles are constructed before the spawn roll and left unplaced/undeleted when the roll fails; broad;Data/Scripts/Trades/Guild/EnhancementStoneProcess.cs) | Documented 2026-05-07; Needs Rework | Medium | Guild-only extraordinary tools enhance eligible equipment through a shared attribute gump and gold cost formula. [Documentation](wiki/Trade_Guild_Enhancements.md). Needs C# rework;Data/Scripts/Trades/Harvest/HarvestDefinition.cs) | Documented 2026-05-07; Needs Rework | Medium | Shared;Data/Scripts/Trades/Librarian/Librarian.cs) | Documented 2026-05-07; Needs Rework | Low | Inscribe-based monocle harvest system for dangerous-area library tiles, with scroll/book/relic rewards and shelf bonus rolls. [Documentation](wiki/Librarian_Trade.md). Needs C# rework: library scroll classes all force;Data/Scripts/Trades/Runics/BaseRunicHammer.cs) | Documented 2026-05-07; Needs Rework | Medium | Runic craft tools share;Data/Scripts/Trades/Stone/BaseStatue.cs) | Documented 2026-05-08; Needs Rework | Medium | Masonry;Data/Scripts/Trades/Taxidermy/MountedTrophyHead.cs) | Documented 2026-05-08; Needs Rework | Low | Item-driven taxidermy kit, trophy base, mounting base, stuffing basket, passive skull/heart drops, and corpse reuse flag. [Documentation](wiki/Taxidermy.md). Needs C# rework: legacy;Data/Scripts/Magic/Bushido/BookOfBushido.cs) | Documented 2026-05-08; Needs Rework | High | Samurai spellbook, stance spells, special moves, parry/evasion hooks, and Honor/Perfection integration. [Documentation](wiki/Bushido.md). Needs C# rework: successful;Data/Scripts/Magic/Druidism/HerbalistSpell.cs) | Documented 2026-05-08; Needs Rework | High | Potion-backed Druidism spell line, cauldron brewing recipes, pouch quickbar, and Druidism creature-lore skill. [Documentation](wiki/Druidism.md). Needs C# rework;Data/Scripts/Magic/Elementalism/ElementalCommands.cs) | Documented 2026-05-08; Needs Rework | High | Elemental shrine focus, 32-spell Elementalism spellbook/commands, scrolls, travel, fields, summons, and damage formulas. [Documentation](wiki/Elementalism.md). Needs C# rework;Data/Scripts/Magic/Enchantments/EnchantMagic.cs) | Documented 2026-05-08; Needs Rework | High | Compiled enchantment spell namespace with fourteen spell classes and a;Data/Scripts/Magic/Holy Man/HolyManSpell.cs) | Documented 2026-05-08; Needs Rework | High | Spiritualism/Healing prayer system with piety-charged;Data/Scripts/Magic/Jedi/JediSpell.cs) | Documented 2026-05-08; Needs Rework | High | Datacron-bound Psychology/Swords force powers, holocron learning, karan crystal charges, quick bars, and laser sword construction. [Documentation](wiki/Jedi_Magic.md). Needs C# rework;Data/Scripts/Magic/Jester/JesterSpell.cs) | Documented 2026-05-08; Needs Rework | Medium | Command-and-gump trick line built around;Data/Scripts/Magic/Mystic/MysticSpell.cs) | Documented 2026-05-08; Needs Rework | High | Monk spellbook, pilgrimage scroll learning, ten FistFighting/tithing abilities, robe, and rucksack. [Documentation](wiki/Mystic_Magic.md). Needs C# rework;Data/Scripts/Magic/Ninjitsu/BookOfNinjitsu.cs) | Documented 2026-05-08; Needs Rework | High | Stealth-based combat techniques, animal forms, mirror images, and ninja projectile tools. [Documentation](wiki/Ninjitsu.md). Needs C# rework;Data/Scripts/Magic/Research/AncientSpellBook.cs) | Documented 2026-05-08; Needs Rework | High | Archmage research pack, ancient spellbook, search-discovery, scribing, and 64-spell command suite. [Documentation](wiki/Research_Magic.md). Needs C# rework;Data/Scripts/Magic/Shinobi/ShinobiSpell.cs) | Documented 2026-05-08; Needs Rework | High | Ninjitsu/tithing ability system with owner-bound;Data/Scripts/Magic/Syth/SythSpell.cs) | Documented 2026-05-08; Needs Rework | High | Dark side spellcasting using datacrons, hell shards, mysticron scrolls, quick bars, and laser sword construction. [Documentation](wiki/Syth_Magic.md). Needs C# rework;Data/Scripts/Magic/Witch/UndeadSpell.cs) | Documented 2026-05-08; Needs Rework | High | Witch cauldron brewing, sixteen;Data/Scripts/Magic/Necromancy/AnimateDeadSpell.cs) | Documented 2026-05-08; Needs Rework | High | Necromancy spellbook and 17-spell line with summons, transformations, curses, and area damage. [Documentation](wiki/Necromancy.md). Needs C# rework;Data/Scripts/System/Chat/Jail.cs) | Documented 2026-05-08; Needs Rework | Medium | Channel-based chat with moderation, private mail, filters, IRC, and multi-server relay. [Documentation](wiki/Chat_System.md). Needs C# rework;Data/Scripts/System/Commands/Add.cs) | Documented 2026-05-08; Needs Rework | High | Core command parser, generic command implementors, direct staff/admin utilities, build/export tools, and player convenience commands. [Documentation](wiki/Command_Utilities.md). Needs C# rework: generic conditional;Data/Scripts/System/Gumps/AddGump.cs) | Documented 2026-05-08; Needs Rework | High | Shared server-side gump runtime, response pipeline, Add/CategorizedAdd staff UI, and reusable gump bases. [Documentation](wiki/Gump_Framework.md). Needs C# rework;Data/Scripts/System/Help/Gumps/HelpGump.cs) | Documented 2026-05-08; Needs Rework | Medium | Client help-button/self-service help gump plus staff page queue;Data/Scripts/System/Misc/AutoRestart.cs) | Documented 2026-05-08; Needs Rework | Medium | Auto-restart/autosave timer cluster with restart commands;Data/Scripts/System/Regions/BaseRegion.cs) | Documented 2026-05-08; Needs Rework | High | XML-backed region registry, shared;Data/Scripts/Quests) | Documented 2026-05-09; Needs Rework | High | Compiled quest package with player quest log;Data/Scripts/Mobiles/Base/BaseCreature.cs) | Documented 2026-05-09; Needs Rework | High | Shared creature AI, targeting, pet orders, taming/loyalty, spawn scaling, loot/death hooks, and tactical targeting. [Documentation](wiki/Creature_AI_Core.md). Needs C# rework;Data/Scripts/Mobiles/Base/BaseVendor.cs) | Documented 2026-05-09; Needs Rework | Medium | NPC vendor catalog loading, buy/sell packet flow, restock, drag/drop services, bulk order turn-ins, and persistence. [Documentation](wiki/Vendor_Core_System.md). Needs C# rework: Sage vendors can exceed the byte-sized buy-list packet count, several paths cast;Data/Scripts/Items/Houses/BaseHouse.cs) | Documented 2026-05-09; Needs Rework | High | Base house placement, ownership/access lists, region rules, storage, decay, transfer, and customization. [Documentation](wiki/Housing_System.md). Needs C# rework: placement road exceptions use caller location instead of target tiles;Data/Scripts/Mobiles/Races/BaseRace.cs) | Documented 2026-05-09; Needs Rework | Medium | Player and NPC special-layer race tokens, gypsy potion shelf selector, creature settings, race persistence, and level-scaled attributes. [Documentation](wiki/Race_Token_System.md). Needs C# rework: gump replies can bypass selector gates, and race changes can delete unrelated;Data/Scripts/Items/Boats/BaseBoat.cs) | Code-Verified 2026-05-06; Needs Rework | High | Base boat movement, docking, cabin access, and map-driven navigation across player ships, carpets, and NPC hull variants. [Documentation](wiki/Boat_Core_Mechanics.md). Needs C# rework;Data/Scripts/System/Commands/Player/AutoSheatheWeapon.cs), [HelpGump.cs](../Data/Scripts/System/Help/Gumps/HelpGump.cs) | Documented 2026-05-09; Needs Rework | Low | Player;Data/Scripts/System/Help/Gumps/HelpGump.cs), [PlayBarbaric.cs](../Data/Scripts/System/Commands/Player/PlayBarbaric.cs), [BarbaricSatchel.cs](../Data/Scripts/Items/Special/BarbaricSatchel.cs), [Skills.cs](../Data/System/Source/Skills.cs) | Documented 2026-05-09; Needs Rework | Medium | Player;Data/Scripts/System/Commands/Player/SkillListing.cs), [HelpGump.cs](../Data/Scripts/System/Help/Gumps/HelpGump.cs) | Documented 2026-05-09; Needs Rework | Low | Alternate condensed skill list using;Data/Scripts/Items/Houses/InteriorDecorator.cs), [HelpGump.cs](../Data/Scripts/System/Help/Gumps/HelpGump.cs) | Documented 2026-05-09; Needs Rework | Low | Homeowner Tools;Data/Scripts/Mobiles/Civilized/Vendors/Banker.cs) | Documented 2026-05-09; Needs Rework | Medium | Keyword-driven banker speech for;Data/Scripts/Mobiles/Civilized/Vendors/RealEstateBroker.cs) | Documented 2026-05-09; Needs Rework | Medium | Speech-keyword house deed appraisal and drag/drop broker buyback using hardcoded 80% refund prices. [Documentation](wiki/Real_Estate_Broker_Appraisal.md). Needs C# rework: refund table duplicates;Data/Scripts/System/Help/Gumps/HelpGump.cs), [SpellBarsManage.cs](../Data/Scripts/System/Commands/Player/SpellBarsManage.cs), [SpellBarsDisplay.cs](../Data/Scripts/System/Commands/Player/SpellBarsDisplay.cs), [SpellBarsCommands.cs](../Data/Scripts/System/Commands/Player/SpellBarsCommands.cs), [SpellBarsFunctions.cs](../Data/Scripts/System/Commands/Player/SpellBarsFunctions.cs) | Documented 2026-05-09; Needs Rework | Medium | Help Gump page for configuring, opening, and closing string-backed player magic toolbars. [Documentation](wiki/Magic_Toolbars_Guide.md). Needs C# rework: fresh Ancient/Magery toolbar defaults omit display-option slots, Help Gump/toolbar paths lack;Data/Scripts/System/Help/Gumps/HelpGump.cs), [SpellHue.cs](../Data/Scripts/System/Commands/Player/SpellHue.cs) | Documented 2026-05-09; Needs Rework | Low | Describes customizing spell effect hues. [Documentation](wiki/Magery_Spell_Color_Setting.md). Needs C# rework;Data/Scripts/System/Help/Gumps/HelpGump.cs), [Naming.cs](../Data/Scripts/System/Misc/Naming.cs), [Settings.cs](../Data/Scripts/System/Misc/Settings.cs), [Mobile.cs](../Data/System/Source/Mobile.cs), [PlayerMobile.cs](../Data/Scripts/Mobiles/Base/PlayerMobile.cs) | Documented 2026-05-09; Needs Rework | Low | Help Gump option for setting;Data/Scripts/Mobiles/Civilized/Vendors/RealEstateBroker.cs) | Documented 2026-05-09; Intentional Duplicate; Needs Rework | Low | Accepted duplicate audit row for the real estate broker deed appraisal/buyback flow, kept as a deed-oriented alias of;Data/Scripts/Mobiles/Civilized/Vendors/Ranger.cs), [Talk.cs](../Data/Scripts/System/Misc/Talk.cs), [Kindling.cs](../Data/Scripts/Items/Explorers/Kindling.cs), [CamperTent.cs](../Data/Scripts/Items/Explorers/CamperTent.cs), [TrapKit.cs](../Data/Scripts/Items/Traps/TrapKit.cs) | Documented 2026-05-09; Needs Rework | Medium | Ranger context-menu;Data/Scripts/Mobiles/Civilized/Vendors/Shipwright.cs), [DrunkenPirate.cs](../Data/Scripts/Mobiles/Civilized/Vendors/DrunkenPirate.cs), [Talk.cs](../Data/Scripts/System/Misc/Talk.cs), [BaseBoat.cs](../Data/Scripts/Items/Boats/BaseBoat.cs), [DockingLantern.cs](../Data/Scripts/Items/Boats/DockingLantern.cs) | Documented 2026-05-09; Needs Rework | Medium | Shipwright and drunken-pirate context-menu;Data/Scripts/Mobiles/Civilized/Vendors/Mage.cs), [Talk.cs](../Data/Scripts/System/Misc/Talk.cs), [BaseMagicStaff.cs](../Data/Scripts/Items/Wands/BaseMagicStaff.cs), [SpellBarsManage.cs](../Data/Scripts/System/Commands/Player/SpellBarsManage.cs), [SpellBarsDisplay.cs](../Data/Scripts/System/Commands/Player/SpellBarsDisplay.cs) | Documented 2026-05-09; Needs Rework | Medium | Mage context-menu;Data/Scripts/Mobiles/Races/RacePotions.cs) | Documented 2026-05-09 | High | Shelf text, creature selector, and race token transformation flow. [Documentation](wiki/Creature_Transformation_Guide.md). Needs C# rework: gump replies do not revalidate race availability, response handlers lack stale-state guards;Data/Scripts/System/Help/Gumps/HelpGump.cs) | Documented 2026-05-09; Needs Rework | Medium | Help Gump main-page command guide, navigation buttons, and registered player command families. [Documentation](wiki/In_Game_Command_List.md). Needs C# rework;Data/Scripts/Mobiles/Civilized/Vendors/Banker.cs) | Documented 2026-05-09; Intentional Duplicate; Needs Rework | Low | Accepted duplicate audit row for banker keyword speech (;Data/Scripts/Items/Books/DynamicBook.cs) | Documented 2026-05-09; Needs Rework | Medium |;Data/Scripts/System/Help/Gumps/HelpGump.cs) | Documented 2026-05-10 | Medium | HelpGump main-page guide plus library BasicsGump/Guide to Adventure text, command lists, and dungeon difficulty notes. [Documentation](wiki/World_Basics_Commands.md). Needs C# rework;Data/Scripts/System/Misc/Talk.cs) | Documented 2026-05-10 | Medium | Shipwright/DrunkenPirate context-menu sailing advice, return-to-boat key service, launch/dry-dock gates, dock lantern checks, and tiller navigation. [Documentation](wiki/NPC_Shipwright_Sailing_Guide.md). Needs C# rework: return-to-boat charges gold before travel gates complete, dock checks leak pooled enumerables, and boat speech commands are accepted from any contained mobile because;Data/Scripts/System/Misc/Talk.cs), [Mage.cs](../Data/Scripts/Mobiles/Civilized/Vendors/Mage.cs), [BaseMagicStaff.cs](../Data/Scripts/Items/Wands/BaseMagicStaff.cs) | Documented 2026-05-10; Needs Rework | Medium | Mage context-menu;Data/Scripts/Custom/StaffTools/StaticGumpTool/StaticGump(Alternative).cs) | Documented 2026-05-10; Needs Rework | Low | Game Master static editing gump package with;Data/Scripts/System/Obsolete/Obsolete.cs) | Documented 2026-05-10; Needs Rework | Low | Legacy compatibility scripts under;Data/Scripts/Magic/Base/Spell.cs) | Documented 2026-05-10; Needs Rework | High | Shared spell cast lifecycle, registry, spell metadata, resource/fizzle gates, disturbance handling, delayed damage context, helper APIs, and transient serialization boundary. [Documentation](wiki/Base_Spell_Framework.md). Needs C# rework;Data/Scripts/Magic/Misc/TravelSpell.cs) | Documented 2026-05-10; Needs Rework | Medium | Miscellaneous;Data/Scripts/Items/Technology/LightSword.cs) | Documented 2026-05-10; Needs Rework | Medium | Sci-fi themed weapons, explosives, tools, dyes, records, space junk, and alien egg quest items under;Data/Scripts/Items/Relics/DDRelicArmor.cs) | Documented 2026-05-10; Needs Rework | Medium | Collectible relic loot, appraisal, vendor/henchman turn-in, addon-deed, tablet-clue, and alternate relic-money package under;Data/Scripts/Items/Farming/FarmableCrop.cs) | Documented 2026-05-10; Needs Rework | Medium | Static harvestable crop items for food, textile resources, wheat, and reagent variants. [Documentation](wiki/Farmable_Crops_System.md). Needs C# rework: picked crops remain in the world without unlink/delete cleanup, non-wheat stackable outputs ignore resource-rate and Isles of Dread amount scaling, and;Data/Scripts/Mobiles/Goliaths/OrkDemigod.cs) | Documented 2026-05-10; Needs Rework | Medium | Large humanoid creature families and bosses under","WIKI-0001;WIKI-0002;WIKI-0003;WIKI-0004;WIKI-0005;WIKI-0006;WIKI-0007;WIKI-0008;WIKI-0009;WIKI-0010;WIKI-0011;WIKI-0012;WIKI-0013;WIKI-0014;WIKI-0016;WIKI-0017","","Resolve in documentation backlog with source traces before relying on player-facing claims.","Documentation truth row: docs/wiki/SystemAudit.md"
"DOC-RISK-0124","Magic Schools","docs/wiki/Syth_Magic.md","Syth Magic","Missing source-backed claim or alias cleanup needed","Canonical","No","","","","DOC-0091","Resolve in documentation backlog with source traces before relying on player-facing claims.","Documentation truth row: docs/wiki/Syth_Magic.md"
"DOC-RISK-0125","Bulk Orders","docs/wiki/Taxidermy.md","Taxidermy","Missing source-backed claim or alias cleanup needed","Canonical","No","","","","DOC-0092","Resolve in documentation backlog with source traces before relying on player-facing claims.","Documentation truth row: docs/wiki/Taxidermy.md"
"DOC-RISK-0126","Unknown","docs/wiki/Technology_Items.md","Technology Items","Missing source-backed claim or alias cleanup needed","Canonical","No","","","","DOC-0093","Resolve in documentation backlog with source traces before relying on player-facing claims.","Documentation truth row: docs/wiki/Technology_Items.md"
"DOC-RISK-0127","Unknown","docs/wiki/tell-a-friend.md","System Name: Tell A Friend Referral","Missing source-backed claim or alias cleanup needed","Canonical","No","","","","DOC-0094","Resolve in documentation backlog with source traces before relying on player-facing claims.","Documentation truth row: docs/wiki/tell-a-friend.md"
"DOC-RISK-0128","Unknown","docs/wiki/The_One_Ring.md","The One Ring","Missing source-backed claim or alias cleanup needed","Canonical","No","","","WIKI-0015","","Resolve in documentation backlog with source traces before relying on player-facing claims.","Documentation truth row: docs/wiki/The_One_Ring.md"
"DOC-RISK-0129","Unknown","docs/wiki/Trade_Guild_Enhancements.md","Trade Guild Enhancements","Missing source-backed claim or alias cleanup needed","Canonical","No","","","","DOC-0095","Resolve in documentation backlog with source traces before relying on player-facing claims.","Documentation truth row: docs/wiki/Trade_Guild_Enhancements.md"
"DOC-RISK-0130","Vendor Core","docs/wiki/Vendor_Core_System.md","Vendor Core System","Missing source-backed claim or alias cleanup needed","Canonical","No","","","","DOC-0096","Resolve in documentation backlog with source traces before relying on player-facing claims.","Documentation truth row: docs/wiki/Vendor_Core_System.md"
"DOC-RISK-0131","Unknown","docs/wiki/Voting_Rewards.md","System Name: Voting Rewards","Missing source-backed claim or alias cleanup needed","Canonical","No","","","WIKI-0015","","Resolve in documentation backlog with source traces before relying on player-facing claims.","Documentation truth row: docs/wiki/Voting_Rewards.md"
"DOC-RISK-0132","Unknown","docs/wiki/voting-system.md","Legacy Slug: Voting Rewards","Alias or legacy slug has independent claims;Missing source-backed claim or alias cleanup needed","Alias","No","","","","DOC-0097","Resolve in documentation backlog with source traces before relying on player-facing claims.","Documentation truth row: docs/wiki/voting-system.md"
"DOC-RISK-0133","Unknown","docs/wiki/wikiautomationmemory.md","Wiki Automation Memory","Stale or Needs Rework marker present","Support","No","Contains Needs Rework/TODO/stub markers that require source-backed follow-up.","","","DOC-0098","Resolve in documentation backlog with source traces before relying on player-facing claims.","Documentation truth row: docs/wiki/wikiautomationmemory.md"
"DOC-RISK-0134","Magic Schools","docs/wiki/wikibacklog.md","Wiki Backlog","Missing source-backed claim or alias cleanup needed;Stale or Needs Rework marker present","Support","No","Contains Needs Rework/TODO/stub markers that require source-backed follow-up.","","","DOC-0099","Resolve in documentation backlog with source traces before relying on player-facing claims.","Documentation truth row: docs/wiki/wikibacklog.md"
"DOC-RISK-0135","Obsolete Scripts","docs/wiki/wikibacklog.md","Wiki Backlog","Missing source-backed claim or alias cleanup needed;Stale or Needs Rework marker present","Support","No","Contains Needs Rework/TODO/stub markers that require source-backed follow-up.","","","DOC-0099","Resolve in documentation backlog with source traces before relying on player-facing claims.","Documentation truth row: docs/wiki/wikibacklog.md"
"DOC-RISK-0136","Regions","docs/wiki/wikibacklog.md","Wiki Backlog","Missing source-backed claim or alias cleanup needed;Stale or Needs Rework marker present","Support","No","Contains Needs Rework/TODO/stub markers that require source-backed follow-up.","","","DOC-0099","Resolve in documentation backlog with source traces before relying on player-facing claims.","Documentation truth row: docs/wiki/wikibacklog.md"
"DOC-RISK-0137","Vendor Core","docs/wiki/wikibacklog.md","Wiki Backlog","Missing source-backed claim or alias cleanup needed;Stale or Needs Rework marker present","Support","No","Contains Needs Rework/TODO/stub markers that require source-backed follow-up.","","","DOC-0099","Resolve in documentation backlog with source traces before relying on player-facing claims.","Documentation truth row: docs/wiki/wikibacklog.md"
"DOC-RISK-0138","Unknown","docs/wiki/wikihandoff.md","Wiki Automation Handoff","Stale or Needs Rework marker present","Support","No","Contains Needs Rework/TODO/stub markers that require source-backed follow-up.","","","DOC-0100","Resolve in documentation backlog with source traces before relying on player-facing claims.","Documentation truth row: docs/wiki/wikihandoff.md"
"DOC-RISK-0139","Unknown","docs/wiki/Witchcraft.md","Witchcraft","Missing source-backed claim or alias cleanup needed","Canonical","No","","","","DOC-0101","Resolve in documentation backlog with source traces before relying on player-facing claims.","Documentation truth row: docs/wiki/Witchcraft.md"
"DOC-RISK-0140","Unknown","docs/wiki/World_Basics_Commands.md","World Basics And Commands","Missing source-backed claim or alias cleanup needed","Canonical","No","","","","DOC-0102","Resolve in documentation backlog with source traces before relying on player-facing claims.","Documentation truth row: docs/wiki/World_Basics_Commands.md"
"DOC-RISK-0141","XMLSpawner","docs/wiki/XML_Spawner_Enhancements.md","XML Spawner Enhancements","Missing source-backed claim or alias cleanup needed","Canonical","No","","","","DOC-0103","Resolve in documentation backlog with source traces before relying on player-facing claims.","Documentation truth row: docs/wiki/XML_Spawner_Enhancements.md"
