"BacklogId","SourceId","Category","System","Files","HistoricalStatus","ActiveStatus","PostAuditBatch","ReviewRowId","ReviewStatus","Action","ReviewArtifact","SourceEvidence","Commit","UpdatedAt","Notes"
"RB-03235","P10-F03235","Packet handlers","XMLSpawner","Data/Scripts/Custom/XMLSpawner/PacketHandlerOverrides.cs","Ready","Fixed","POST-BATCH-A","PHA-001","Fixed","Patched XmlTextEntryBook.ContentChange and BaseContentChange to enforce writable/range/accessibility before accepting client page edits.","docs/codebase-audit/outputs/post-batch-a-packet-handler-review.csv","PacketHandlerOverrides.cs:41-57; XmlTextEntryBook.cs:194-317; BaseBook.cs:399-447","3259f43b fix: harden packet handler paths","2026-06-06T16:41:26.8957053-05:00","Active post-audit overlay; canonical Phase 13 repair-backlog.csv is preserved as historical generated evidence."
"RB-03236","P10-F03236","Packet handlers","XMLSpawner","Data/Scripts/Custom/XMLSpawner/PacketHandlerOverrides.cs","Ready","Fixed","POST-BATCH-A","PHA-002","Fixed","Patched XmlAttach.UseReq to restore core NextActionTime update after accepted use requests and core Counselor bypass threshold.","docs/codebase-audit/outputs/post-batch-a-packet-handler-review.csv","PacketHandlerOverrides.cs:59-64; XmlAttach.cs:2463-2567; PacketHandlers.cs:1487-1525","3259f43b fix: harden packet handler paths","2026-06-06T16:41:26.8957053-05:00","Active post-audit overlay; canonical Phase 13 repair-backlog.csv is preserved as historical generated evidence."
"RB-03237","P10-F03237","Packet handlers","XMLSpawner","Data/Scripts/Custom/XMLSpawner/XmlTextEntryBook.cs","Ready","ReviewedNoChange","POST-BATCH-A","PHA-003","ReviewedNoChange","Kept commented registration unchanged; active 0x66 review and fixes are recorded in PHA-001.","docs/codebase-audit/outputs/post-batch-a-packet-handler-review.csv","XmlTextEntryBook.cs:186-194; PacketHandlerOverrides.cs:41-57","3259f43b fix: harden packet handler paths","2026-06-06T16:41:26.8957053-05:00","Active post-audit overlay; canonical Phase 13 repair-backlog.csv is preserved as historical generated evidence."
"RB-03238","P10-F03238","Packet handlers","Items:Books","Data/Scripts/Items/Books/BaseBook.cs","Ready","ReviewedNoChange","POST-BATCH-A","PHA-004","ReviewedNoChange","No source change; guards match the expected BaseBook header edit path.","docs/codebase-audit/outputs/post-batch-a-packet-handler-review.csv","BaseBook.cs:337-397","3259f43b fix: harden packet handler paths","2026-06-06T16:41:26.8957053-05:00","Active post-audit overlay; canonical Phase 13 repair-backlog.csv is preserved as historical generated evidence."
"RB-03239","P10-F03239","Packet handlers","Items:Books","Data/Scripts/Items/Books/BaseBook.cs","Ready","ReviewedNoChange","POST-BATCH-A","PHA-005","ReviewedNoChange","No direct BaseBook source change; XMLSpawner delegate parity is fixed in PHA-001.","docs/codebase-audit/outputs/post-batch-a-packet-handler-review.csv","BaseBook.cs:337-447; PacketHandlerOverrides.cs:41-57","3259f43b fix: harden packet handler paths","2026-06-06T16:41:26.8957053-05:00","Active post-audit overlay; canonical Phase 13 repair-backlog.csv is preserved as historical generated evidence."
"RB-03240","P10-F03240","Packet handlers","Items:Books","Data/Scripts/Items/Books/BaseBook.cs","Ready","ReviewedNoChange","POST-BATCH-A","PHA-006","ReviewedNoChange","No source change; legacy handler has the same core access/range guard shape as HeaderChange.","docs/codebase-audit/outputs/post-batch-a-packet-handler-review.csv","BaseBook.cs:337-364","3259f43b fix: harden packet handler paths","2026-06-06T16:41:26.8957053-05:00","Active post-audit overlay; canonical Phase 13 repair-backlog.csv is preserved as historical generated evidence."
"RB-03241","P10-F03241","Packet handlers","Housing","Data/Scripts/Items/Houses/Monopoly/Misc/GumpResponse.cs","Ready","Fixed","POST-BATCH-A","PHA-007","Fixed","Patched DisplayGumpResponse to save and restore PacketReader position before m_Successor or core fallback. Deferred exact switch/text maximum parity because core Gump.m_Switches and m_TextEntries are internal to ServerCore.","docs/codebase-audit/outputs/post-batch-a-packet-handler-review.csv","GumpResponse.cs:19-101; PacketReader.cs:71-87; PacketHandlers.cs:1267-1365; Gump.cs:35-36","3259f43b fix: harden packet handler paths","2026-06-06T16:41:26.8957053-05:00","Active post-audit overlay; canonical Phase 13 repair-backlog.csv is preserved as historical generated evidence."
"RB-03242","P10-F03242","Packet handlers","Items:Misc","Data/Scripts/Items/Misc/BulletinBoards.cs","Ready","ReviewedNoChange","POST-BATCH-A","PHA-008","ReviewedNoChange","No source change; retained for later broader bulletin-board content/rate-limit review if needed.","docs/codebase-audit/outputs/post-batch-a-packet-handler-review.csv","BulletinBoards.cs:228-344","3259f43b fix: harden packet handler paths","2026-06-06T16:41:26.8957053-05:00","Active post-audit overlay; canonical Phase 13 repair-backlog.csv is preserved as historical generated evidence."
"RB-03243","P10-F03243","Packet handlers","Items:Misc","Data/Scripts/Items/Misc/Games/Mahjong/MahjongPacketHandlers.cs","Ready","ReviewedNoChange","POST-BATCH-A","PHA-009","ReviewedNoChange","No source change; review records game-state authorization as the controlling guard.","docs/codebase-audit/outputs/post-batch-a-packet-handler-review.csv","MahjongPacketHandlers.cs:36-267","3259f43b fix: harden packet handler paths","2026-06-06T16:41:26.8957053-05:00","Active post-audit overlay; canonical Phase 13 repair-backlog.csv is preserved as historical generated evidence."
"RB-03244","P10-F03244","Packet handlers","Items:Trades","Data/Scripts/Items/Trades/Maps/MapItem.cs","Ready","ReviewedNoChange","POST-BATCH-A","PHA-010","ReviewedNoChange","No source change; existing command methods provide the meaningful access/range gates.","docs/codebase-audit/outputs/post-batch-a-packet-handler-review.csv","MapItem.cs:394-435; MapItem.cs:545-585","3259f43b fix: harden packet handler paths","2026-06-06T16:41:26.8957053-05:00","Active post-audit overlay; canonical Phase 13 repair-backlog.csv is preserved as historical generated evidence."
"RB-03245","P10-F03245","Packet handlers","System:Chat","Data/Scripts/System/Chat/General/Chat3Guild.cs","Ready","ReviewedNoChange","POST-BATCH-A","PHA-011","ReviewedNoChange","No source change; downstream Channel.OnChat enforces CanChat for the ASCII guild path.","docs/codebase-audit/outputs/post-batch-a-packet-handler-review.csv","Chat3Guild.cs:15-40; Channel.cs:423-457; Guild.cs:69-79","3259f43b fix: harden packet handler paths","2026-06-06T16:41:26.8957053-05:00","Active post-audit overlay; canonical Phase 13 repair-backlog.csv is preserved as historical generated evidence."
"RB-03246","P10-F03246","Packet handlers","System:Chat","Data/Scripts/System/Chat/General/Chat3Guild.cs","Ready","ReviewedNoChange","POST-BATCH-A","PHA-012","ReviewedNoChange","No source change; explicit CanChat and downstream Channel.OnChat checks both protect guild chat.","docs/codebase-audit/outputs/post-batch-a-packet-handler-review.csv","Chat3Guild.cs:15-123; Channel.cs:423-457; Guild.cs:69-79","3259f43b fix: harden packet handler paths","2026-06-06T16:41:26.8957053-05:00","Active post-audit overlay; canonical Phase 13 repair-backlog.csv is preserved as historical generated evidence."
"RB-03247","P10-F03247","Packet handlers","System:Misc","Data/Scripts/System/Misc/HardwareInfo.cs","Ready","ReviewedNoChange","POST-BATCH-A","PHA-013","ReviewedNoChange","No source change; privacy/access surface is command-gated and broader retention policy is outside this batch.","docs/codebase-audit/outputs/post-batch-a-packet-handler-review.csv","HardwareInfo.cs:195-289","3259f43b fix: harden packet handler paths","2026-06-06T16:41:26.8957053-05:00","Active post-audit overlay; canonical Phase 13 repair-backlog.csv is preserved as historical generated evidence."
"RB-03248","P10-F03248","Packet handlers","System:Misc","Data/Scripts/System/Misc/ProtocolExtensions.cs","Ready","ReviewedNoChange","POST-BATCH-A","PHA-014","ReviewedNoChange","No source change; subhandler ingame gate is explicit in DecodeBundledPacket.","docs/codebase-audit/outputs/post-batch-a-packet-handler-review.csv","ProtocolExtensions.cs:13-73","3259f43b fix: harden packet handler paths","2026-06-06T16:41:26.8957053-05:00","Active post-audit overlay; canonical Phase 13 repair-backlog.csv is preserved as historical generated evidence."
"RB-03249","P10-F03249","Packet handlers","System:Misc","Data/Scripts/System/Misc/Remote.cs","Ready","ReviewedNoChange","POST-BATCH-A","PHA-015","ReviewedNoChange","No source change; recorded as a later design/security-policy review candidate rather than changing remote admin protocol in the packet batch.","docs/codebase-audit/outputs/post-batch-a-packet-handler-review.csv","Remote.cs:21-203","3259f43b fix: harden packet handler paths","2026-06-06T16:41:26.8957053-05:00","Active post-audit overlay; canonical Phase 13 repair-backlog.csv is preserved as historical generated evidence."
"RB-03250","P10-F03250","Packet handlers","Regions","Data/Scripts/System/Obsolete/Obsolete.cs","Ready","ReviewedNoChange","POST-BATCH-A","PHA-016","ReviewedNoChange","No source change; legacy chat policy remains for a later chat-system review.","docs/codebase-audit/outputs/post-batch-a-packet-handler-review.csv","Obsolete.cs:5983-6089","3259f43b fix: harden packet handler paths","2026-06-06T16:41:26.8957053-05:00","Active post-audit overlay; canonical Phase 13 repair-backlog.csv is preserved as historical generated evidence."
"RB-03251","P10-F03251","Packet handlers","Regions","Data/Scripts/System/Obsolete/Obsolete.cs","Ready","ReviewedNoChange","POST-BATCH-A","PHA-017","ReviewedNoChange","No source change; broad legacy chat behavior remains deferred to chat-system review after P0 packet pass.","docs/codebase-audit/outputs/post-batch-a-packet-handler-review.csv","Obsolete.cs:6101-6153","3259f43b fix: harden packet handler paths","2026-06-06T16:41:26.8957053-05:00","Active post-audit overlay; canonical Phase 13 repair-backlog.csv is preserved as historical generated evidence."
"RB-00303","SERIAL-0242","Save compatibility","Custom:XMLSpawner","Data/Scripts/Custom/XMLSpawner/BaseXmlSpawner.cs","Ready","FalsePositive","POST-BATCH-B-02A","SERIAL-0242","FalsePositive","No source change; KeywordTag is a helper serializer with no base serializer, and version 1 writes and reads Flags, spawner item, type, serial, and conditional timer fields in source-aligned order.","docs/codebase-audit/outputs/post-batch-b-save-compatibility-triage.csv","Data/Scripts/Custom/XMLSpawner/BaseXmlSpawner.cs:813-864","Recorded by current POST-BATCH-B-02A audit artifact commit","2026-06-06T20:36:35.7380312-05:00","Active post-audit overlay; canonical Phase 13 repair-backlog.csv is preserved as historical generated evidence."
"RB-00308","SERIAL-0247","Save compatibility","Custom:XMLSpawner","Data/Scripts/Custom/XMLSpawner/XmlAttach/XmlAttachment.cs","Ready","FalsePositive","POST-BATCH-B-02A","SERIAL-0247","FalsePositive","No source change; XmlAttachment is the root attachment helper implementation and has no base serializer to call.","docs/codebase-audit/outputs/post-batch-b-save-compatibility-triage.csv","Data/Scripts/Custom/XMLSpawner/XmlAttach/XmlAttachment.cs:116-125; Data/Scripts/Custom/XMLSpawner/XmlAttach/XmlAttachment.cs:510-579","Recorded by current POST-BATCH-B-02A audit artifact commit","2026-06-06T20:36:35.7380312-05:00","Active post-audit overlay; canonical Phase 13 repair-backlog.csv is preserved as historical generated evidence."
"RB-00309","SERIAL-0248","Save compatibility","Custom:XMLSpawner","Data/Scripts/Custom/XMLSpawner/XmlAttach/XmlAttachment.cs","Ready","SafeNoChange","POST-BATCH-B-02A","SERIAL-0248","SafeNoChange","No source change; version 2 writes AttachedBy, owned-object discriminator and reference, Name, expiration, remaining timer, and creation time in the same order consumed by Deserialize.","docs/codebase-audit/outputs/post-batch-b-save-compatibility-triage.csv","Data/Scripts/Custom/XMLSpawner/XmlAttach/XmlAttachment.cs:510-579","Recorded by current POST-BATCH-B-02A audit artifact commit","2026-06-06T20:36:35.7380312-05:00","Active post-audit overlay; canonical Phase 13 repair-backlog.csv is preserved as historical generated evidence."
"RB-00311","SERIAL-0250","Save compatibility","Custom:XMLSpawner","Data/Scripts/Custom/XMLSpawner/XmlAttach/XmlAttachment.cs","Ready","FalsePositive","POST-BATCH-B-02A","SERIAL-0250","FalsePositive","No source change; generated Unknown class row comes from the IXmlAttachment method declarations and duplicates the real XmlAttachment serializer evidence.","docs/codebase-audit/outputs/post-batch-b-save-compatibility-triage.csv","Data/Scripts/Custom/XMLSpawner/XmlAttach/XmlAttachment.cs:111-116; Data/Scripts/Custom/XMLSpawner/XmlAttach/XmlAttachment.cs:510-579","Recorded by current POST-BATCH-B-02A audit artifact commit","2026-06-06T20:36:35.7380312-05:00","Active post-audit overlay; canonical Phase 13 repair-backlog.csv is preserved as historical generated evidence."
"RB-00312","SERIAL-0251","Save compatibility","Custom:XMLSpawner","Data/Scripts/Custom/XMLSpawner/XmlAttach/XmlAttachment.cs","Ready","FalsePositive","POST-BATCH-B-02A","SERIAL-0251","FalsePositive","No source change; generated Unknown class row duplicates the reviewed XmlAttachment write/read pair and is an extractor artifact.","docs/codebase-audit/outputs/post-batch-b-save-compatibility-triage.csv","Data/Scripts/Custom/XMLSpawner/XmlAttach/XmlAttachment.cs:111-116; Data/Scripts/Custom/XMLSpawner/XmlAttach/XmlAttachment.cs:510-579","Recorded by current POST-BATCH-B-02A audit artifact commit","2026-06-06T20:36:35.7380312-05:00","Active post-audit overlay; canonical Phase 13 repair-backlog.csv is preserved as historical generated evidence."
"RB-00366","SERIAL-0305","Save compatibility","Custom:XMLSpawner","Data/Scripts/Custom/XMLSpawner/XmlQuest/XmlQuestPoints.cs","Ready","FalsePositive","POST-BATCH-B-02A","SERIAL-0305","FalsePositive","No source change; QuestEntry is a nested quest-history helper with no base serializer, and its version 0 fields are source-aligned.","docs/codebase-audit/outputs/post-batch-b-save-compatibility-triage.csv","Data/Scripts/Custom/XMLSpawner/XmlQuest/XmlQuestPoints.cs:86-129","Recorded by current POST-BATCH-B-02A audit artifact commit","2026-06-06T20:36:35.7380312-05:00","Active post-audit overlay; canonical Phase 13 repair-backlog.csv is preserved as historical generated evidence."
"RB-00368","SERIAL-0307","Save compatibility","Custom:XMLSpawner","Data/Scripts/Custom/XMLSpawner/XmlQuest/XmlQuestPoints.cs","Ready","SafeNoChange","POST-BATCH-B-02A","SERIAL-0307","SafeNoChange","No source change; XmlQuestPoints calls base first, then reads and writes points, credits, completion stats, rank fields, quest-entry list, and owner mobile in source-aligned order.","docs/codebase-audit/outputs/post-batch-b-save-compatibility-triage.csv","Data/Scripts/Custom/XMLSpawner/XmlQuest/XmlQuestPoints.cs:325-402; Data/Scripts/Custom/XMLSpawner/XmlQuest/XmlQuestPoints.cs:100-129","Recorded by current POST-BATCH-B-02A audit artifact commit","2026-06-06T20:36:35.7380312-05:00","Active post-audit overlay; canonical Phase 13 repair-backlog.csv is preserved as historical generated evidence."
"RB-00372","SERIAL-0311","Save compatibility","Custom:XMLSpawner","Data/Scripts/Custom/XMLSpawner/XmlSpawner2.cs","Ready","FalsePositive","POST-BATCH-B-02A","SERIAL-0311","FalsePositive","No source change; SpawnObject is a helper record serialized by XmlSpawner, not an Item/Mobile override with a base serializer.","docs/codebase-audit/outputs/post-batch-b-save-compatibility-triage.csv","Data/Scripts/Custom/XMLSpawner/XmlSpawner2.cs:15444-15618; Data/Scripts/Custom/XMLSpawner/XmlSpawner2.cs:15644-15718","Recorded by current POST-BATCH-B-02A audit artifact commit","2026-06-06T20:36:35.7380312-05:00","Active post-audit overlay; canonical Phase 13 repair-backlog.csv is preserved as historical generated evidence."
"RB-00374","SERIAL-0313","Save compatibility","Custom:XMLSpawner","Data/Scripts/Custom/XMLSpawner/XmlSpawner2.cs","Ready","SafeNoChange","POST-BATCH-B-02A","SERIAL-0313","SafeNoChange","No source change; SpawnObject.Serialize and SpawnObject.Deserialize consume type name, counts, subgroup/reset/kill settings, delay/range/surface flags, and spawned object serials in matching order.","docs/codebase-audit/outputs/post-batch-b-save-compatibility-triage.csv","Data/Scripts/Custom/XMLSpawner/XmlSpawner2.cs:15644-15718","Recorded by current POST-BATCH-B-02A audit artifact commit","2026-06-06T20:36:35.7380312-05:00","Active post-audit overlay; canonical Phase 13 repair-backlog.csv is preserved as historical generated evidence."
"RB-00375","SERIAL-0314","Save compatibility","Custom:XMLSpawner","Data/Scripts/Custom/XMLSpawner/XmlSpawner2.cs","Ready","SafeNoChange","POST-BATCH-B-02A","SERIAL-0314","SafeNoChange","No source change; current XmlSpawner version 31 calls base first and its reader consumes the current fields and SpawnObject helper records in source-aligned order.","docs/codebase-audit/outputs/post-batch-b-save-compatibility-triage.csv","Data/Scripts/Custom/XMLSpawner/XmlSpawner2.cs:14774-14908; Data/Scripts/Custom/XMLSpawner/XmlSpawner2.cs:14910-15313; Data/Scripts/Custom/XMLSpawner/XmlSpawner2.cs:15644-15718","Recorded by current POST-BATCH-B-02A audit artifact commit","2026-06-06T20:36:35.7380312-05:00","Active post-audit overlay; canonical Phase 13 repair-backlog.csv is preserved as historical generated evidence."
"RB-00322","SERIAL-0261","Save compatibility","Custom:XMLSpawner","Data/Scripts/Custom/XMLSpawner/XmlAttachments/XmlDialog.cs","Ready","SafeNoChange","POST-BATCH-B-02B","SERIAL-0261","SafeNoChange","No source change; XmlDialog version 9 writes ResetRange, speech-entry extension blocks, carried triggers, timer state, and version 0 fields in the same order consumed by Deserialize.","docs/codebase-audit/outputs/post-batch-b-save-compatibility-triage.csv","Data/Scripts/Custom/XMLSpawner/XmlAttachments/XmlDialog.cs:2052-2187; Data/Scripts/Custom/XMLSpawner/XmlAttachments/XmlDialog.cs:2189-2404","Recorded by current POST-BATCH-B-02B audit artifact commit","2026-06-06T21:22:25.1666821-05:00","Active post-audit overlay; canonical Phase 13 repair-backlog.csv is preserved as historical generated evidence."
"RB-00335","SERIAL-0274","Save compatibility","Custom:XMLSpawner","Data/Scripts/Custom/XMLSpawner/XmlAttachments/XmlMorph.cs","Ready","SafeNoChange","POST-BATCH-B-02B","SERIAL-0274","SafeNoChange","No source change; XmlMorph writes version 1 range data followed by version 0 morph state, and Deserialize reads the same sequence with a version 1 fall-through.","docs/codebase-audit/outputs/post-batch-b-save-compatibility-triage.csv","Data/Scripts/Custom/XMLSpawner/XmlAttachments/XmlMorph.cs:82-124","Recorded by current POST-BATCH-B-02B audit artifact commit","2026-06-06T21:22:25.1666821-05:00","Active post-audit overlay; canonical Phase 13 repair-backlog.csv is preserved as historical generated evidence."
"RB-00337","SERIAL-0276","Save compatibility","Custom:XMLSpawner","Data/Scripts/Custom/XMLSpawner/XmlAttachments/XmlPoints.cs","Ready","SafeNoChange","POST-BATCH-B-02B","SERIAL-0276","SafeNoChange","No source change; XmlPoints version 8 writes starting location/map, language, challenge references, timer, rank, credits, broadcast, point totals, kill list, and owner mobile in the same order consumed by Deserialize.","docs/codebase-audit/outputs/post-batch-b-save-compatibility-triage.csv","Data/Scripts/Custom/XMLSpawner/XmlAttachments/XmlPoints.cs:1932-2015; Data/Scripts/Custom/XMLSpawner/XmlAttachments/XmlPoints.cs:2017-2110","Recorded by current POST-BATCH-B-02B audit artifact commit","2026-06-06T21:22:25.1666821-05:00","Active post-audit overlay; canonical Phase 13 repair-backlog.csv is preserved as historical generated evidence."
"RB-00339","SERIAL-0278","Save compatibility","Custom:XMLSpawner","Data/Scripts/Custom/XMLSpawner/XmlAttachments/XmlSaveItem.cs","Ready","SafeNoChange","POST-BATCH-B-02B","SERIAL-0278","SafeNoChange","No source change; XmlSaveItem version 0 writes and reads saved item, owning mobile, and container in matching order.","docs/codebase-audit/outputs/post-batch-b-save-compatibility-triage.csv","Data/Scripts/Custom/XMLSpawner/XmlAttachments/XmlSaveItem.cs:207-235","Recorded by current POST-BATCH-B-02B audit artifact commit","2026-06-06T21:22:25.1666821-05:00","Active post-audit overlay; canonical Phase 13 repair-backlog.csv is preserved as historical generated evidence."
"RB-00346","SERIAL-0285","Save compatibility","Custom:XMLSpawner","Data/Scripts/Custom/XMLSpawner/XmlItems/QuestNote.cs","Ready","IntentionalLegacy","POST-BATCH-B-02B","SERIAL-0285","IntentionalLegacy","No source change; OriginalQuestNote currently writes version 1 color/size fields and retains version 0 reads for old NoteString and TitleString payloads.","docs/codebase-audit/outputs/post-batch-b-save-compatibility-triage.csv","Data/Scripts/Custom/XMLSpawner/XmlItems/QuestNote.cs:155-192","Recorded by current POST-BATCH-B-02B audit artifact commit","2026-06-06T21:22:25.1666821-05:00","Active post-audit overlay; canonical Phase 13 repair-backlog.csv is preserved as historical generated evidence."
"RB-00347","SERIAL-0286","Save compatibility","Custom:XMLSpawner","Data/Scripts/Custom/XMLSpawner/XmlItems/QuestNote.cs","Ready","IntentionalLegacy","POST-BATCH-B-02B","SERIAL-0286","IntentionalLegacy","No source change; QuestNote version 2 intentionally writes no custom fields while retaining reads that consume discarded version 1 and version 0 payloads.","docs/codebase-audit/outputs/post-batch-b-save-compatibility-triage.csv","Data/Scripts/Custom/XMLSpawner/XmlItems/QuestNote.cs:40-90","Recorded by current POST-BATCH-B-02B audit artifact commit","2026-06-06T21:22:25.1666821-05:00","Active post-audit overlay; canonical Phase 13 repair-backlog.csv is preserved as historical generated evidence."
"RB-00348","SERIAL-0287","Save compatibility","Custom:XMLSpawner","Data/Scripts/Custom/XMLSpawner/XmlMobiles/TalkingBaseCreature.cs","Ready","IntentionalLegacy","POST-BATCH-B-02B","SERIAL-0287","IntentionalLegacy","No source change; TalkingBaseCreature version 7 writes only current effect and TalkText fields, while older dialog state is consumed for versions before the XmlDialog attachment split.","docs/codebase-audit/outputs/post-batch-b-save-compatibility-triage.csv","Data/Scripts/Custom/XMLSpawner/XmlMobiles/TalkingBaseCreature.cs:819-864; Data/Scripts/Custom/XMLSpawner/XmlMobiles/TalkingBaseCreature.cs:866-986","Recorded by current POST-BATCH-B-02B audit artifact commit","2026-06-06T21:22:25.1666821-05:00","Active post-audit overlay; canonical Phase 13 repair-backlog.csv is preserved as historical generated evidence."
"RB-00349","SERIAL-0288","Save compatibility","Custom:XMLSpawner","Data/Scripts/Custom/XMLSpawner/XmlMobiles/TalkingBaseVendor.cs","Ready","IntentionalLegacy","POST-BATCH-B-02B","SERIAL-0288","IntentionalLegacy","No source change; TalkingBaseVendor version 7 writes current effect and TalkText fields, while older dialog state is consumed for pre-attachment saves.","docs/codebase-audit/outputs/post-batch-b-save-compatibility-triage.csv","Data/Scripts/Custom/XMLSpawner/XmlMobiles/TalkingBaseVendor.cs:760-805; Data/Scripts/Custom/XMLSpawner/XmlMobiles/TalkingBaseVendor.cs:807-927","Recorded by current POST-BATCH-B-02B audit artifact commit","2026-06-06T21:22:25.1666821-05:00","Active post-audit overlay; canonical Phase 13 repair-backlog.csv is preserved as historical generated evidence."
"RB-00350","SERIAL-0289","Save compatibility","Custom:XMLSpawner","Data/Scripts/Custom/XMLSpawner/XmlPoints PvP/ChallengeGames/CTF.cs","Ready","SafeNoChange","POST-BATCH-B-02B","SERIAL-0289","SafeNoChange","No source change; CTFGauntlet version 0 writes and reads home bases, challenge state, match timing, and participant entries in matching order.","docs/codebase-audit/outputs/post-batch-b-save-compatibility-triage.csv","Data/Scripts/Custom/XMLSpawner/XmlPoints PvP/ChallengeGames/CTF.cs:1046-1161","Recorded by current POST-BATCH-B-02B audit artifact commit","2026-06-06T21:22:25.1666821-05:00","Active post-audit overlay; canonical Phase 13 repair-backlog.csv is preserved as historical generated evidence."
"RB-00351","SERIAL-0290","Save compatibility","Custom:XMLSpawner","Data/Scripts/Custom/XMLSpawner/XmlPoints PvP/ChallengeGames/DeathBallGauntlet.cs","Ready","SafeNoChange","POST-BATCH-B-02B","SERIAL-0290","SafeNoChange","No source change; DeathBallGauntlet version 0 writes and reads challenge state, winner, target score, deathball item, and participant entries in matching order.","docs/codebase-audit/outputs/post-batch-b-save-compatibility-triage.csv","Data/Scripts/Custom/XMLSpawner/XmlPoints PvP/ChallengeGames/DeathBallGauntlet.cs:634-707","Recorded by current POST-BATCH-B-02B audit artifact commit","2026-06-06T21:22:25.1666821-05:00","Active post-audit overlay; canonical Phase 13 repair-backlog.csv is preserved as historical generated evidence."
"RB-00352","SERIAL-0291","Save compatibility","Custom:XMLSpawner","Data/Scripts/Custom/XMLSpawner/XmlPoints PvP/ChallengeGames/DeathmatchGauntlet.cs","Ready","SafeNoChange","POST-BATCH-B-02B","SERIAL-0291","SafeNoChange","No source change; DeathmatchGauntlet version 0 writes and reads challenge state, match length/timer, and participant entries in matching order.","docs/codebase-audit/outputs/post-batch-b-save-compatibility-triage.csv","Data/Scripts/Custom/XMLSpawner/XmlPoints PvP/ChallengeGames/DeathmatchGauntlet.cs:561-650","Recorded by current POST-BATCH-B-02B audit artifact commit","2026-06-06T21:22:25.1666821-05:00","Active post-audit overlay; canonical Phase 13 repair-backlog.csv is preserved as historical generated evidence."
"RB-00353","SERIAL-0292","Save compatibility","Custom:XMLSpawner","Data/Scripts/Custom/XMLSpawner/XmlPoints PvP/ChallengeGames/KingOfTheHillGauntlet.cs","Ready","SafeNoChange","POST-BATCH-B-02B","SERIAL-0292","SafeNoChange","No source change; KingOfTheHillGauntlet version 0 writes and reads challenge state, winner, target score, and participant entries in matching order.","docs/codebase-audit/outputs/post-batch-b-save-compatibility-triage.csv","Data/Scripts/Custom/XMLSpawner/XmlPoints PvP/ChallengeGames/KingOfTheHillGauntlet.cs:522-593","Recorded by current POST-BATCH-B-02B audit artifact commit","2026-06-06T21:22:25.1666821-05:00","Active post-audit overlay; canonical Phase 13 repair-backlog.csv is preserved as historical generated evidence."
"RB-00354","SERIAL-0293","Save compatibility","Custom:XMLSpawner","Data/Scripts/Custom/XMLSpawner/XmlPoints PvP/ChallengeGames/LastManStandingGauntlet.cs","Ready","SafeNoChange","POST-BATCH-B-02B","SERIAL-0293","SafeNoChange","No source change; LastManStandingGauntlet version 0 writes and reads challenge state, winner, and participant entries in matching order.","docs/codebase-audit/outputs/post-batch-b-save-compatibility-triage.csv","Data/Scripts/Custom/XMLSpawner/XmlPoints PvP/ChallengeGames/LastManStandingGauntlet.cs:448-515","Recorded by current POST-BATCH-B-02B audit artifact commit","2026-06-06T21:22:25.1666821-05:00","Active post-audit overlay; canonical Phase 13 repair-backlog.csv is preserved as historical generated evidence."
"RB-00355","SERIAL-0294","Save compatibility","Custom:XMLSpawner","Data/Scripts/Custom/XMLSpawner/XmlPoints PvP/ChallengeGames/TeamDeathballGauntlet.cs","Ready","SafeNoChange","POST-BATCH-B-02B","SERIAL-0294","SafeNoChange","No source change; TeamDeathballGauntlet version 0 writes and reads challenge state, target score, deathball item, and participant/team entries in matching order.","docs/codebase-audit/outputs/post-batch-b-save-compatibility-triage.csv","Data/Scripts/Custom/XMLSpawner/XmlPoints PvP/ChallengeGames/TeamDeathballGauntlet.cs:623-698","Recorded by current POST-BATCH-B-02B audit artifact commit","2026-06-06T21:22:25.1666821-05:00","Active post-audit overlay; canonical Phase 13 repair-backlog.csv is preserved as historical generated evidence."
"RB-00356","SERIAL-0295","Save compatibility","Custom:XMLSpawner","Data/Scripts/Custom/XMLSpawner/XmlPoints PvP/ChallengeGames/TeamDeathmatchGauntlet.cs","Ready","SafeNoChange","POST-BATCH-B-02B","SERIAL-0295","SafeNoChange","No source change; TeamDeathmatchGauntlet version 0 writes and reads challenge state, match length/timer, and participant/team entries in matching order.","docs/codebase-audit/outputs/post-batch-b-save-compatibility-triage.csv","Data/Scripts/Custom/XMLSpawner/XmlPoints PvP/ChallengeGames/TeamDeathmatchGauntlet.cs:627-718","Recorded by current POST-BATCH-B-02B audit artifact commit","2026-06-06T21:22:25.1666821-05:00","Active post-audit overlay; canonical Phase 13 repair-backlog.csv is preserved as historical generated evidence."
"RB-00357","SERIAL-0296","Save compatibility","Custom:XMLSpawner","Data/Scripts/Custom/XMLSpawner/XmlPoints PvP/ChallengeGames/TeamKotHGauntlet.cs","Ready","SafeNoChange","POST-BATCH-B-02B","SERIAL-0296","SafeNoChange","No source change; TeamKotHGauntlet version 0 writes and reads challenge state, target score, and participant/team entries in matching order.","docs/codebase-audit/outputs/post-batch-b-save-compatibility-triage.csv","Data/Scripts/Custom/XMLSpawner/XmlPoints PvP/ChallengeGames/TeamKotHGauntlet.cs:607-680","Recorded by current POST-BATCH-B-02B audit artifact commit","2026-06-06T21:22:25.1666821-05:00","Active post-audit overlay; canonical Phase 13 repair-backlog.csv is preserved as historical generated evidence."
"RB-00358","SERIAL-0297","Save compatibility","Custom:XMLSpawner","Data/Scripts/Custom/XMLSpawner/XmlPoints PvP/ChallengeGames/TeamLMSGauntlet.cs","Ready","SafeNoChange","POST-BATCH-B-02B","SERIAL-0297","SafeNoChange","No source change; TeamLMSGauntlet version 0 writes and reads challenge state, winner team, and participant/team entries in matching order.","docs/codebase-audit/outputs/post-batch-b-save-compatibility-triage.csv","Data/Scripts/Custom/XMLSpawner/XmlPoints PvP/ChallengeGames/TeamLMSGauntlet.cs:466-535","Recorded by current POST-BATCH-B-02B audit artifact commit","2026-06-06T21:22:25.1666821-05:00","Active post-audit overlay; canonical Phase 13 repair-backlog.csv is preserved as historical generated evidence."
"RB-00359","SERIAL-0298","Save compatibility","Custom:XMLSpawner","Data/Scripts/Custom/XMLSpawner/XmlPoints PvP/ChallengeRegionStone.cs","Ready","IntentionalLegacy","POST-BATCH-B-02B","SERIAL-0298","IntentionalLegacy","No source change; ChallengeRegionStone version 2 writes 3D region coordinates and retains legacy version reads that consume old 2D region data.","docs/codebase-audit/outputs/post-batch-b-save-compatibility-triage.csv","Data/Scripts/Custom/XMLSpawner/XmlPoints PvP/ChallengeRegionStone.cs:175-220; Data/Scripts/Custom/XMLSpawner/XmlPoints PvP/ChallengeRegionStone.cs:229-294","Recorded by current POST-BATCH-B-02B audit artifact commit","2026-06-06T21:22:25.1666821-05:00","Active post-audit overlay; canonical Phase 13 repair-backlog.csv is preserved as historical generated evidence."
"RB-00361","SERIAL-0300","Save compatibility","Custom:XMLSpawner","Data/Scripts/Custom/XMLSpawner/XmlQuest/XmlQuestHolder.cs","Ready","SafeNoChange","POST-BATCH-B-02B","SERIAL-0300","SafeNoChange","No source change; XmlQuestHolder version 6 writes journal, repeatability, difficulty, attachment, reward, description, state, objective, and completion fields in the same order consumed by Deserialize.","docs/codebase-audit/outputs/post-batch-b-save-compatibility-triage.csv","Data/Scripts/Custom/XMLSpawner/XmlQuest/XmlQuestHolder.cs:95-168; Data/Scripts/Custom/XMLSpawner/XmlQuest/XmlQuestHolder.cs:171-258","Recorded by current POST-BATCH-B-02B audit artifact commit","2026-06-06T21:22:25.1666821-05:00","Active post-audit overlay; canonical Phase 13 repair-backlog.csv is preserved as historical generated evidence."
"RB-00369","SERIAL-0308","Save compatibility","Custom:XMLSpawner","Data/Scripts/Custom/XMLSpawner/XmlQuest/XmlQuestToken.cs","Ready","SafeNoChange","POST-BATCH-B-02B","SERIAL-0308","SafeNoChange","No source change; XmlQuestToken version 14 writes journal, repeatability, difficulty, attachment, reward, description, state, objective, and completion fields in the same order consumed by Deserialize.","docs/codebase-audit/outputs/post-batch-b-save-compatibility-triage.csv","Data/Scripts/Custom/XMLSpawner/XmlQuest/XmlQuestToken.cs:257-342; Data/Scripts/Custom/XMLSpawner/XmlQuest/XmlQuestToken.cs:345-461","Recorded by current POST-BATCH-B-02B audit artifact commit","2026-06-06T21:22:25.1666821-05:00","Active post-audit overlay; canonical Phase 13 repair-backlog.csv is preserved as historical generated evidence."
"RB-01476","SERIAL-1415","Save compatibility","System:Obsolete","Data/Scripts/System/Obsolete/Obsolete.cs","Ready","IntentionalLegacy","POST-BATCH-B-02C","SERIAL-1415","IntentionalLegacy","No source change; BasePigmentsOfIslesDread version 1 writes uses, while version 0 consumes the old Item-derived pigment type and uses shape through InheritsItem compatibility.","docs/codebase-audit/outputs/post-batch-b-save-compatibility-triage.csv","Data/Scripts/System/Obsolete/Obsolete.cs:3074-3112","Recorded by current POST-BATCH-B-02C audit artifact commit","2026-06-06T22:07:09.5100825-05:00","Active post-audit overlay; canonical Phase 13 repair-backlog.csv is preserved as historical generated evidence."
"RB-01480","SERIAL-1419","Save compatibility","System:Obsolete","Data/Scripts/System/Obsolete/Obsolete.cs","Ready","FalsePositive","POST-BATCH-B-02C","SERIAL-1419","FalsePositive","No source change; Candidate is a helper serializer with no base serializer requirement, and its GenericReader constructor is paired with Serialize.","docs/codebase-audit/outputs/post-batch-b-save-compatibility-triage.csv","Data/Scripts/System/Obsolete/Obsolete.cs:8944-8992","Recorded by current POST-BATCH-B-02C audit artifact commit","2026-06-06T22:07:09.5100825-05:00","Active post-audit overlay; canonical Phase 13 repair-backlog.csv is preserved as historical generated evidence."
"RB-01482","SERIAL-1421","Save compatibility","System:Obsolete","Data/Scripts/System/Obsolete/Obsolete.cs","Ready","IntentionalLegacy","POST-BATCH-B-02C","SERIAL-1421","IntentionalLegacy","No source change; Candidate version 1 writes Voter helper records, while version 0 consumes the old Mobile list shape and converts it to Voter entries.","docs/codebase-audit/outputs/post-batch-b-save-compatibility-triage.csv","Data/Scripts/System/Obsolete/Obsolete.cs:8944-8992","Recorded by current POST-BATCH-B-02C audit artifact commit","2026-06-06T22:07:09.5100825-05:00","Active post-audit overlay; canonical Phase 13 repair-backlog.csv is preserved as historical generated evidence."
"RB-01489","SERIAL-1428","Save compatibility","System:Obsolete","Data/Scripts/System/Obsolete/Obsolete.cs","Ready","FalsePositive","POST-BATCH-B-02C","SERIAL-1428","FalsePositive","No source change; Election is a helper serializer with no base serializer requirement, and its GenericReader constructor is paired with Serialize.","docs/codebase-audit/outputs/post-batch-b-save-compatibility-triage.csv","Data/Scripts/System/Obsolete/Obsolete.cs:8515-8560","Recorded by current POST-BATCH-B-02C audit artifact commit","2026-06-06T22:07:09.5100825-05:00","Active post-audit overlay; canonical Phase 13 repair-backlog.csv is preserved as historical generated evidence."
"RB-01491","SERIAL-1430","Save compatibility","System:Obsolete","Data/Scripts/System/Obsolete/Obsolete.cs","Ready","SafeNoChange","POST-BATCH-B-02C","SERIAL-1430","SafeNoChange","No source change; Election writes faction, last state time, state, and candidates in the same order its GenericReader constructor consumes them.","docs/codebase-audit/outputs/post-batch-b-save-compatibility-triage.csv","Data/Scripts/System/Obsolete/Obsolete.cs:8515-8560","Recorded by current POST-BATCH-B-02C audit artifact commit","2026-06-06T22:07:09.5100825-05:00","Active post-audit overlay; canonical Phase 13 repair-backlog.csv is preserved as historical generated evidence."
"RB-01493","SERIAL-1432","Save compatibility","System:Obsolete","Data/Scripts/System/Obsolete/Obsolete.cs","Ready","FalsePositive","POST-BATCH-B-02C","SERIAL-1432","FalsePositive","No source change; Ethic is a helper serializer with no base serializer requirement, and Deserialize/Serialize use the same encoded version and player list layout.","docs/codebase-audit/outputs/post-batch-b-save-compatibility-triage.csv","Data/Scripts/System/Obsolete/Obsolete.cs:10024-10055","Recorded by current POST-BATCH-B-02C audit artifact commit","2026-06-06T22:07:09.5100825-05:00","Active post-audit overlay; canonical Phase 13 repair-backlog.csv is preserved as historical generated evidence."
"RB-01497","SERIAL-1436","Save compatibility","System:Obsolete","Data/Scripts/System/Obsolete/Obsolete.cs","Ready","FalsePositive","POST-BATCH-B-02C","SERIAL-1436","FalsePositive","No source change; FactionItem is a helper serializer with no base serializer requirement, and its GenericReader constructor is paired with Serialize.","docs/codebase-audit/outputs/post-batch-b-save-compatibility-triage.csv","Data/Scripts/System/Obsolete/Obsolete.cs:12919-12942","Recorded by current POST-BATCH-B-02C audit artifact commit","2026-06-06T22:07:09.5100825-05:00","Active post-audit overlay; canonical Phase 13 repair-backlog.csv is preserved as historical generated evidence."
"RB-01499","SERIAL-1438","Save compatibility","System:Obsolete","Data/Scripts/System/Obsolete/Obsolete.cs","Ready","SafeNoChange","POST-BATCH-B-02C","SERIAL-1438","SafeNoChange","No source change; FactionItem writes item and expiration in the same order its GenericReader constructor consumes them.","docs/codebase-audit/outputs/post-batch-b-save-compatibility-triage.csv","Data/Scripts/System/Obsolete/Obsolete.cs:12919-12942","Recorded by current POST-BATCH-B-02C audit artifact commit","2026-06-06T22:07:09.5100825-05:00","Active post-audit overlay; canonical Phase 13 repair-backlog.csv is preserved as historical generated evidence."
"RB-01500","SERIAL-1439","Save compatibility","System:Obsolete","Data/Scripts/System/Obsolete/Obsolete.cs","Ready","SafeNoChange","POST-BATCH-B-02C","SERIAL-1439","SafeNoChange","No source change; FactionPersistance calls base first, writes version 0 and tagged faction/town persistence records, and Deserialize consumes the same tagged sequence until Terminator.","docs/codebase-audit/outputs/post-batch-b-save-compatibility-triage.csv","Data/Scripts/System/Obsolete/Obsolete.cs:24209-24264","Recorded by current POST-BATCH-B-02C audit artifact commit","2026-06-06T22:07:09.5100825-05:00","Active post-audit overlay; canonical Phase 13 repair-backlog.csv is preserved as historical generated evidence."
"RB-01503","SERIAL-1442","Save compatibility","System:Obsolete","Data/Scripts/System/Obsolete/Obsolete.cs","Ready","FalsePositive","POST-BATCH-B-02C","SERIAL-1442","FalsePositive","No source change; FactionState is a helper serializer with no base serializer requirement, and its GenericReader constructor is paired with Serialize.","docs/codebase-audit/outputs/post-batch-b-save-compatibility-triage.csv","Data/Scripts/System/Obsolete/Obsolete.cs:13986-14144","Recorded by current POST-BATCH-B-02C audit artifact commit","2026-06-06T22:07:09.5100825-05:00","Active post-audit overlay; canonical Phase 13 repair-backlog.csv is preserved as historical generated evidence."
"RB-01505","SERIAL-1444","Save compatibility","System:Obsolete","Data/Scripts/System/Obsolete/Obsolete.cs","Ready","SafeNoChange","POST-BATCH-B-02C","SERIAL-1444","SafeNoChange","No source change; FactionState version 5 writes atrophy, broadcasts, election, faction, commander, treasury, members, items, and traps in the same version-gated order consumed by its reader.","docs/codebase-audit/outputs/post-batch-b-save-compatibility-triage.csv","Data/Scripts/System/Obsolete/Obsolete.cs:13986-14144","Recorded by current POST-BATCH-B-02C audit artifact commit","2026-06-06T22:07:09.5100825-05:00","Active post-audit overlay; canonical Phase 13 repair-backlog.csv is preserved as historical generated evidence."
"RB-01508","SERIAL-1447","Save compatibility","System:Obsolete","Data/Scripts/System/Obsolete/Obsolete.cs","Ready","IntentionalLegacy","POST-BATCH-B-02C","SERIAL-1447","IntentionalLegacy","No source change; LesserPigmentsOfIslesDread writes the current subclass version/type while intentionally bypassing the subclass version read for old Item-derived saves already consumed by the base InheritsItem path.","docs/codebase-audit/outputs/post-batch-b-save-compatibility-triage.csv","Data/Scripts/System/Obsolete/Obsolete.cs:21672-21695; Data/Scripts/System/Obsolete/Obsolete.cs:3074-3112","Recorded by current POST-BATCH-B-02C audit artifact commit","2026-06-06T22:07:09.5100825-05:00","Active post-audit overlay; canonical Phase 13 repair-backlog.csv is preserved as historical generated evidence."
"RB-01511","SERIAL-1450","Save compatibility","System:Obsolete","Data/Scripts/System/Obsolete/Obsolete.cs","Ready","IntentionalLegacy","POST-BATCH-B-02C","SERIAL-1450","IntentionalLegacy","No source change; MetalPigmentsOfIslesDread writes current version 0 and intentionally skips the subclass version read for old Item-derived saves already consumed by the base InheritsItem path.","docs/codebase-audit/outputs/post-batch-b-save-compatibility-triage.csv","Data/Scripts/System/Obsolete/Obsolete.cs:21720-21732; Data/Scripts/System/Obsolete/Obsolete.cs:3074-3112","Recorded by current POST-BATCH-B-02C audit artifact commit","2026-06-06T22:07:09.5100825-05:00","Active post-audit overlay; canonical Phase 13 repair-backlog.csv is preserved as historical generated evidence."
"RB-01514","SERIAL-1453","Save compatibility","System:Obsolete","Data/Scripts/System/Obsolete/Obsolete.cs","Ready","FalsePositive","POST-BATCH-B-02C","SERIAL-1453","FalsePositive","No source change; Orders is a helper serializer with no base serializer requirement, and its GenericReader constructor is paired with Serialize.","docs/codebase-audit/outputs/post-batch-b-save-compatibility-triage.csv","Data/Scripts/System/Obsolete/Obsolete.cs:24071-24111","Recorded by current POST-BATCH-B-02C audit artifact commit","2026-06-06T22:07:09.5100825-05:00","Active post-audit overlay; canonical Phase 13 repair-backlog.csv is preserved as historical generated evidence."
"RB-01516","SERIAL-1455","Save compatibility","System:Obsolete","Data/Scripts/System/Obsolete/Obsolete.cs","Ready","SafeNoChange","POST-BATCH-B-02C","SERIAL-1455","SafeNoChange","No source change; Orders version 1 writes follow target, reactions, and movement in the same version-gated order consumed by its reader.","docs/codebase-audit/outputs/post-batch-b-save-compatibility-triage.csv","Data/Scripts/System/Obsolete/Obsolete.cs:24071-24111","Recorded by current POST-BATCH-B-02C audit artifact commit","2026-06-06T22:07:09.5100825-05:00","Active post-audit overlay; canonical Phase 13 repair-backlog.csv is preserved as historical generated evidence."
"RB-01518","SERIAL-1457","Save compatibility","System:Obsolete","Data/Scripts/System/Obsolete/Obsolete.cs","Ready","IntentionalLegacy","POST-BATCH-B-02C","SERIAL-1457","IntentionalLegacy","No source change; PigmentsOfIslesDread writes the current subclass version/type while intentionally bypassing the subclass version read for old Item-derived saves already consumed by the base InheritsItem path.","docs/codebase-audit/outputs/post-batch-b-save-compatibility-triage.csv","Data/Scripts/System/Obsolete/Obsolete.cs:16523-16545; Data/Scripts/System/Obsolete/Obsolete.cs:3074-3112","Recorded by current POST-BATCH-B-02C audit artifact commit","2026-06-06T22:07:09.5100825-05:00","Active post-audit overlay; canonical Phase 13 repair-backlog.csv is preserved as historical generated evidence."
"RB-01521","SERIAL-1460","Save compatibility","System:Obsolete","Data/Scripts/System/Obsolete/Obsolete.cs","Ready","FalsePositive","POST-BATCH-B-02C","SERIAL-1460","FalsePositive","No source change; Player is a helper serializer with no base serializer requirement, and its GenericReader constructor is paired with Serialize.","docs/codebase-audit/outputs/post-batch-b-save-compatibility-triage.csv","Data/Scripts/System/Obsolete/Obsolete.cs:24485-24523","Recorded by current POST-BATCH-B-02C audit artifact commit","2026-06-06T22:07:09.5100825-05:00","Active post-audit overlay; canonical Phase 13 repair-backlog.csv is preserved as historical generated evidence."
"RB-01523","SERIAL-1462","Save compatibility","System:Obsolete","Data/Scripts/System/Obsolete/Obsolete.cs","Ready","SafeNoChange","POST-BATCH-B-02C","SERIAL-1462","SafeNoChange","No source change; Ethics Player writes mobile, power, history, steed, familiar, and shield delta in the same order its reader consumes them.","docs/codebase-audit/outputs/post-batch-b-save-compatibility-triage.csv","Data/Scripts/System/Obsolete/Obsolete.cs:24485-24523","Recorded by current POST-BATCH-B-02C audit artifact commit","2026-06-06T22:07:09.5100825-05:00","Active post-audit overlay; canonical Phase 13 repair-backlog.csv is preserved as historical generated evidence."
"RB-01526","SERIAL-1465","Save compatibility","System:Obsolete","Data/Scripts/System/Obsolete/Obsolete.cs","Ready","FalsePositive","POST-BATCH-B-02C","SERIAL-1465","FalsePositive","No source change; PlayerState is a helper serializer with no base serializer requirement, and its GenericReader constructor is paired with Serialize.","docs/codebase-audit/outputs/post-batch-b-save-compatibility-triage.csv","Data/Scripts/System/Obsolete/Obsolete.cs:24801-24845","Recorded by current POST-BATCH-B-02C audit artifact commit","2026-06-06T22:07:09.5100825-05:00","Active post-audit overlay; canonical Phase 13 repair-backlog.csv is preserved as historical generated evidence."
"RB-01528","SERIAL-1467","Save compatibility","System:Obsolete","Data/Scripts/System/Obsolete/Obsolete.cs","Ready","SafeNoChange","POST-BATCH-B-02C","SERIAL-1467","SafeNoChange","No source change; PlayerState version 1 writes active state, honor time, mobile, kill points, title, and leaving state in the same version-gated order consumed by its reader.","docs/codebase-audit/outputs/post-batch-b-save-compatibility-triage.csv","Data/Scripts/System/Obsolete/Obsolete.cs:24801-24845","Recorded by current POST-BATCH-B-02C audit artifact commit","2026-06-06T22:07:09.5100825-05:00","Active post-audit overlay; canonical Phase 13 repair-backlog.csv is preserved as historical generated evidence."
"RB-01531","SERIAL-1470","Save compatibility","System:Obsolete","Data/Scripts/System/Obsolete/Obsolete.cs","Ready","FalsePositive","POST-BATCH-B-02C","SERIAL-1470","FalsePositive","No source change; Reaction is a helper serializer with no base serializer requirement, and its GenericReader constructor is paired with Serialize.","docs/codebase-audit/outputs/post-batch-b-save-compatibility-triage.csv","Data/Scripts/System/Obsolete/Obsolete.cs:23985-24007","Recorded by current POST-BATCH-B-02C audit artifact commit","2026-06-06T22:07:09.5100825-05:00","Active post-audit overlay; canonical Phase 13 repair-backlog.csv is preserved as historical generated evidence."
"RB-01533","SERIAL-1472","Save compatibility","System:Obsolete","Data/Scripts/System/Obsolete/Obsolete.cs","Ready","SafeNoChange","POST-BATCH-B-02C","SERIAL-1472","SafeNoChange","No source change; Reaction writes faction and reaction type in the same order its GenericReader constructor consumes them.","docs/codebase-audit/outputs/post-batch-b-save-compatibility-triage.csv","Data/Scripts/System/Obsolete/Obsolete.cs:23985-24007","Recorded by current POST-BATCH-B-02C audit artifact commit","2026-06-06T22:07:09.5100825-05:00","Active post-audit overlay; canonical Phase 13 repair-backlog.csv is preserved as historical generated evidence."
"RB-01536","SERIAL-1475","Save compatibility","System:Obsolete","Data/Scripts/System/Obsolete/Obsolete.cs","Ready","FalsePositive","POST-BATCH-B-02C","SERIAL-1475","FalsePositive","No source change; Reflector is a static type serializer helper with no base serializer requirement.","docs/codebase-audit/outputs/post-batch-b-save-compatibility-triage.csv","Data/Scripts/System/Obsolete/Obsolete.cs:27270-27301","Recorded by current POST-BATCH-B-02C audit artifact commit","2026-06-06T22:07:09.5100825-05:00","Active post-audit overlay; canonical Phase 13 repair-backlog.csv is preserved as historical generated evidence."
"RB-01538","SERIAL-1477","Save compatibility","System:Obsolete","Data/Scripts/System/Obsolete/Obsolete.cs","Ready","SafeNoChange","POST-BATCH-B-02C","SERIAL-1477","SafeNoChange","No source change; Reflector writes either a known type index or full type name and Deserialize consumes the same index/name cache format.","docs/codebase-audit/outputs/post-batch-b-save-compatibility-triage.csv","Data/Scripts/System/Obsolete/Obsolete.cs:27270-27301","Recorded by current POST-BATCH-B-02C audit artifact commit","2026-06-06T22:07:09.5100825-05:00","Active post-audit overlay; canonical Phase 13 repair-backlog.csv is preserved as historical generated evidence."
"RB-01543","SERIAL-1482","Save compatibility","System:Obsolete","Data/Scripts/System/Obsolete/Obsolete.cs","Ready","FalsePositive","POST-BATCH-B-02C","SERIAL-1482","FalsePositive","No source change; TownState is a helper serializer with no base serializer requirement, and its GenericReader constructor is paired with Serialize.","docs/codebase-audit/outputs/post-batch-b-save-compatibility-triage.csv","Data/Scripts/System/Obsolete/Obsolete.cs:32591-32647","Recorded by current POST-BATCH-B-02C audit artifact commit","2026-06-06T22:07:09.5100825-05:00","Active post-audit overlay; canonical Phase 13 repair-backlog.csv is preserved as historical generated evidence."
"RB-01545","SERIAL-1484","Save compatibility","System:Obsolete","Data/Scripts/System/Obsolete/Obsolete.cs","Ready","SafeNoChange","POST-BATCH-B-02C","SERIAL-1484","SafeNoChange","No source change; TownState version 3 writes income, tax, silver, town, faction, sheriff, and finance minister in the same version-gated order consumed by its reader.","docs/codebase-audit/outputs/post-batch-b-save-compatibility-triage.csv","Data/Scripts/System/Obsolete/Obsolete.cs:32591-32647","Recorded by current POST-BATCH-B-02C audit artifact commit","2026-06-06T22:07:09.5100825-05:00","Active post-audit overlay; canonical Phase 13 repair-backlog.csv is preserved as historical generated evidence."
"RB-01548","SERIAL-1487","Save compatibility","System:Obsolete","Data/Scripts/System/Obsolete/Obsolete.cs","Ready","FalsePositive","POST-BATCH-B-02C","SERIAL-1487","FalsePositive","No source change; Voter is a helper serializer with no base serializer requirement, and its GenericReader constructor is paired with Serialize.","docs/codebase-audit/outputs/post-batch-b-save-compatibility-triage.csv","Data/Scripts/System/Obsolete/Obsolete.cs:8879-8905","Recorded by current POST-BATCH-B-02C audit artifact commit","2026-06-06T22:07:09.5100825-05:00","Active post-audit overlay; canonical Phase 13 repair-backlog.csv is preserved as historical generated evidence."
"RB-01550","SERIAL-1489","Save compatibility","System:Obsolete","Data/Scripts/System/Obsolete/Obsolete.cs","Ready","SafeNoChange","POST-BATCH-B-02C","SERIAL-1489","SafeNoChange","No source change; Voter writes mobile, IP address, and timestamp in the same order its GenericReader constructor consumes them.","docs/codebase-audit/outputs/post-batch-b-save-compatibility-triage.csv","Data/Scripts/System/Obsolete/Obsolete.cs:8879-8905","Recorded by current POST-BATCH-B-02C audit artifact commit","2026-06-06T22:07:09.5100825-05:00","Active post-audit overlay; canonical Phase 13 repair-backlog.csv is preserved as historical generated evidence."
"RB-00101","SERIAL-0040","Save compatibility","Custom:Mobiles","Data/Scripts/Custom/Mobiles/Civilized/GraveRobber.cs","Ready","SafeNoChange","POST-BATCH-B-03A","SERIAL-0040","SafeNoChange","No source change; GraveRobber calls base Serialize/Deserialize, writes version 0, reads the same version integer, and has no custom serialized fields.","docs/codebase-audit/outputs/post-batch-b-save-compatibility-triage.csv","Data/Scripts/Custom/Mobiles/Civilized/GraveRobber.cs:47-57","Recorded by current POST-BATCH-B-03A audit artifact commit","2026-06-06T22:11:27.3221361-05:00","Active post-audit overlay; canonical Phase 13 repair-backlog.csv is preserved as historical generated evidence."
"RB-00103","SERIAL-0042","Save compatibility","Custom:Mobiles","Data/Scripts/Custom/Mobiles/Civilized/Malachi.cs","Ready","SafeNoChange","POST-BATCH-B-03A","SERIAL-0042","SafeNoChange","No source change; Malachi calls base Serialize/Deserialize, writes version 0, reads the same version integer, and has no custom serialized fields.","docs/codebase-audit/outputs/post-batch-b-save-compatibility-triage.csv","Data/Scripts/Custom/Mobiles/Civilized/Malachi.cs:38-47","Recorded by current POST-BATCH-B-03A audit artifact commit","2026-06-06T22:11:27.3221361-05:00","Active post-audit overlay; canonical Phase 13 repair-backlog.csv is preserved as historical generated evidence."
"RB-00105","SERIAL-0044","Save compatibility","Custom:Mobiles","Data/Scripts/Custom/Mobiles/Civilized/RangerOfTheBritainMilitia.cs","Ready","SafeNoChange","POST-BATCH-B-03A","SERIAL-0044","SafeNoChange","No source change; RangerOfTheBritainMilitia calls base Serialize/Deserialize, writes version 0, reads the same version integer, and has no custom serialized fields.","docs/codebase-audit/outputs/post-batch-b-save-compatibility-triage.csv","Data/Scripts/Custom/Mobiles/Civilized/RangerOfTheBritainMilitia.cs:33-42","Recorded by current POST-BATCH-B-03A audit artifact commit","2026-06-06T22:11:27.3221361-05:00","Active post-audit overlay; canonical Phase 13 repair-backlog.csv is preserved as historical generated evidence."
"RB-00107","SERIAL-0046","Save compatibility","Custom:Mobiles","Data/Scripts/Custom/Mobiles/Constructs/CursedAdventurer.cs","Ready","SafeNoChange","POST-BATCH-B-03B","SERIAL-0046","SafeNoChange","No source change; CursedAdventurer calls base Serialize/Deserialize, writes version 0, reads the same version integer, and has no custom serialized fields.","docs/codebase-audit/outputs/post-batch-b-save-compatibility-triage.csv","Data/Scripts/Custom/Mobiles/Constructs/CursedAdventurer.cs:40-49","Recorded by current POST-BATCH-B-03B audit artifact commit","2026-06-06T22:14:54.4566522-05:00","Active post-audit overlay; canonical Phase 13 repair-backlog.csv is preserved as historical generated evidence."
"RB-00109","SERIAL-0048","Save compatibility","Custom:Mobiles","Data/Scripts/Custom/Mobiles/Constructs/DiosMonster.cs","Ready","SafeNoChange","POST-BATCH-B-03B","SERIAL-0048","SafeNoChange","No source change; DiosMonster calls base Serialize/Deserialize, writes version 0, reads the same version integer, and has no custom serialized fields.","docs/codebase-audit/outputs/post-batch-b-save-compatibility-triage.csv","Data/Scripts/Custom/Mobiles/Constructs/DiosMonster.cs:41-50","Recorded by current POST-BATCH-B-03B audit artifact commit","2026-06-06T22:14:54.4566522-05:00","Active post-audit overlay; canonical Phase 13 repair-backlog.csv is preserved as historical generated evidence."
"RB-00111","SERIAL-0050","Save compatibility","Custom:Mobiles","Data/Scripts/Custom/Mobiles/Constructs/FinalExodus.cs","Ready","SafeNoChange","POST-BATCH-B-03B","SERIAL-0050","SafeNoChange","No source change; FinalExodus calls base Serialize/Deserialize, writes version 0, reads the same version integer, and has no custom serialized fields.","docs/codebase-audit/outputs/post-batch-b-save-compatibility-triage.csv","Data/Scripts/Custom/Mobiles/Constructs/FinalExodus.cs:61-70","Recorded by current POST-BATCH-B-03B audit artifact commit","2026-06-06T22:14:54.4566522-05:00","Active post-audit overlay; canonical Phase 13 repair-backlog.csv is preserved as historical generated evidence."
"RB-00113","SERIAL-0052","Save compatibility","Custom:Mobiles","Data/Scripts/Custom/Mobiles/Constructs/ManaGolem.cs","Ready","SafeNoChange","POST-BATCH-B-03B","SERIAL-0052","SafeNoChange","No source change; ManaGolem calls base Serialize/Deserialize, writes version 0, reads the same version integer, and has no custom serialized fields.","docs/codebase-audit/outputs/post-batch-b-save-compatibility-triage.csv","Data/Scripts/Custom/Mobiles/Constructs/ManaGolem.cs:38-47","Recorded by current POST-BATCH-B-03B audit artifact commit","2026-06-06T22:14:54.4566522-05:00","Active post-audit overlay; canonical Phase 13 repair-backlog.csv is preserved as historical generated evidence."
"RB-00115","SERIAL-0054","Save compatibility","Custom:Mobiles","Data/Scripts/Custom/Mobiles/Constructs/TombWarden.cs","Ready","SafeNoChange","POST-BATCH-B-03B","SERIAL-0054","SafeNoChange","No source change; TombWarden calls base Serialize/Deserialize, writes version 0, reads the same version integer, and has no custom serialized fields.","docs/codebase-audit/outputs/post-batch-b-save-compatibility-triage.csv","Data/Scripts/Custom/Mobiles/Constructs/TombWarden.cs:39-48","Recorded by current POST-BATCH-B-03B audit artifact commit","2026-06-06T22:14:54.4566522-05:00","Active post-audit overlay; canonical Phase 13 repair-backlog.csv is preserved as historical generated evidence."
"RB-00117","SERIAL-0056","Save compatibility","Custom:Mobiles","Data/Scripts/Custom/Mobiles/Cultists/DarkCultist.cs","Ready","SafeNoChange","POST-BATCH-B-03C","SERIAL-0056","SafeNoChange","No source change; DarkCultist calls base Serialize/Deserialize, writes version 0, reads the same version integer, and has no custom serialized fields.","docs/codebase-audit/outputs/post-batch-b-save-compatibility-triage.csv","Data/Scripts/Custom/Mobiles/Cultists/DarkCultist.cs:37-46","Recorded by current POST-BATCH-B-03C audit artifact commit","2026-06-06T22:17:42.8375164-05:00","Active post-audit overlay; canonical Phase 13 repair-backlog.csv is preserved as historical generated evidence."
"RB-00119","SERIAL-0058","Save compatibility","Custom:Mobiles","Data/Scripts/Custom/Mobiles/Cultists/DarkCultistApprentice.cs","Ready","SafeNoChange","POST-BATCH-B-03C","SERIAL-0058","SafeNoChange","No source change; DarkCultistApprentice calls base Serialize/Deserialize, writes version 0, reads the same version integer, and has no custom serialized fields.","docs/codebase-audit/outputs/post-batch-b-save-compatibility-triage.csv","Data/Scripts/Custom/Mobiles/Cultists/DarkCultistApprentice.cs:37-46","Recorded by current POST-BATCH-B-03C audit artifact commit","2026-06-06T22:17:42.8375164-05:00","Active post-audit overlay; canonical Phase 13 repair-backlog.csv is preserved as historical generated evidence."
"RB-00121","SERIAL-0060","Save compatibility","Custom:Mobiles","Data/Scripts/Custom/Mobiles/Cultists/DarkDragonCultist.cs","Ready","SafeNoChange","POST-BATCH-B-03C","SERIAL-0060","SafeNoChange","No source change; DarkDragonCultist calls base Serialize/Deserialize, writes version 0, reads the same version integer, and has no custom serialized fields.","docs/codebase-audit/outputs/post-batch-b-save-compatibility-triage.csv","Data/Scripts/Custom/Mobiles/Cultists/DarkDragonCultist.cs:38-47","Recorded by current POST-BATCH-B-03C audit artifact commit","2026-06-06T22:17:42.8375164-05:00","Active post-audit overlay; canonical Phase 13 repair-backlog.csv is preserved as historical generated evidence."
"RB-00123","SERIAL-0062","Save compatibility","Custom:Mobiles","Data/Scripts/Custom/Mobiles/Daemons/FallenAngel.cs","Ready","SafeNoChange","POST-BATCH-B-03D","SERIAL-0062","SafeNoChange","No source change; FallenAngel calls base Serialize/Deserialize, writes version 0, reads the same version integer, and has no custom serialized fields.","docs/codebase-audit/outputs/post-batch-b-save-compatibility-triage.csv","Data/Scripts/Custom/Mobiles/Daemons/FallenAngel.cs:47-56","Recorded by current POST-BATCH-B-03D audit artifact commit","2026-06-06T22:20:46.5157459-05:00","Active post-audit overlay; canonical Phase 13 repair-backlog.csv is preserved as historical generated evidence."
"RB-00125","SERIAL-0064","Save compatibility","Custom:Mobiles","Data/Scripts/Custom/Mobiles/Daemons/GuardianOfTheUnderworld.cs","Ready","SafeNoChange","POST-BATCH-B-03D","SERIAL-0064","SafeNoChange","No source change; GuardianOfTheUnderworld calls base Serialize/Deserialize, writes version 0, reads the same version integer, and has no custom serialized fields.","docs/codebase-audit/outputs/post-batch-b-save-compatibility-triage.csv","Data/Scripts/Custom/Mobiles/Daemons/GuardianOfTheUnderworld.cs:38-47","Recorded by current POST-BATCH-B-03D audit artifact commit","2026-06-06T22:20:46.5157459-05:00","Active post-audit overlay; canonical Phase 13 repair-backlog.csv is preserved as historical generated evidence."
"RB-00127","SERIAL-0066","Save compatibility","Custom:Mobiles","Data/Scripts/Custom/Mobiles/Daemons/PlagueGod.cs","Ready","SafeNoChange","POST-BATCH-B-03D","SERIAL-0066","SafeNoChange","No source change; PlagueGod calls base Serialize/Deserialize, writes version 0, reads the same version integer, and has no custom serialized fields.","docs/codebase-audit/outputs/post-batch-b-save-compatibility-triage.csv","Data/Scripts/Custom/Mobiles/Daemons/PlagueGod.cs:46-55","Recorded by current POST-BATCH-B-03D audit artifact commit","2026-06-06T22:20:46.5157459-05:00","Active post-audit overlay; canonical Phase 13 repair-backlog.csv is preserved as historical generated evidence."
"RB-00129","SERIAL-0068","Save compatibility","Custom:Mobiles","Data/Scripts/Custom/Mobiles/Daemons/TombPest.cs","Ready","SafeNoChange","POST-BATCH-B-03D","SERIAL-0068","SafeNoChange","No source change; TombPest calls base Serialize/Deserialize, writes version 0, reads the same version integer, and has no custom serialized fields.","docs/codebase-audit/outputs/post-batch-b-save-compatibility-triage.csv","Data/Scripts/Custom/Mobiles/Daemons/TombPest.cs:47-56","Recorded by current POST-BATCH-B-03D audit artifact commit","2026-06-06T22:20:46.5157459-05:00","Active post-audit overlay; canonical Phase 13 repair-backlog.csv is preserved as historical generated evidence."
"RB-00131","SERIAL-0070","Save compatibility","Custom:Mobiles","Data/Scripts/Custom/Mobiles/Dragons/DarkDragonAvatar.cs","Ready","SafeNoChange","POST-BATCH-B-03E","SERIAL-0070","SafeNoChange","No source change; DarkDragonAvatar calls base Serialize/Deserialize, writes version 0, reads the same version integer, and has no custom serialized fields.","docs/codebase-audit/outputs/post-batch-b-save-compatibility-triage.csv","Data/Scripts/Custom/Mobiles/Dragons/DarkDragonAvatar.cs:66-75","Recorded by current POST-BATCH-B-03E audit artifact commit","2026-06-06T22:24:25.5078831-05:00","Active post-audit overlay; canonical Phase 13 repair-backlog.csv is preserved as historical generated evidence."
"RB-00133","SERIAL-0072","Save compatibility","Custom:Mobiles","Data/Scripts/Custom/Mobiles/Dragons/DragonHydra.cs","Ready","SafeNoChange","POST-BATCH-B-03E","SERIAL-0072","SafeNoChange","No source change; DragonHydra calls base Serialize/Deserialize, writes version 0, reads the same version integer, and has no custom serialized fields.","docs/codebase-audit/outputs/post-batch-b-save-compatibility-triage.csv","Data/Scripts/Custom/Mobiles/Dragons/DragonHydra.cs:44-53","Recorded by current POST-BATCH-B-03E audit artifact commit","2026-06-06T22:24:25.5078831-05:00","Active post-audit overlay; canonical Phase 13 repair-backlog.csv is preserved as historical generated evidence."
"RB-00135","SERIAL-0074","Save compatibility","Custom:Mobiles","Data/Scripts/Custom/Mobiles/Dragons/DragonIllusion.cs","Ready","SafeNoChange","POST-BATCH-B-03E","SERIAL-0074","SafeNoChange","No source change; DragonIllusion calls base Serialize/Deserialize, writes version 0, reads the same version integer, and has no custom serialized fields.","docs/codebase-audit/outputs/post-batch-b-save-compatibility-triage.csv","Data/Scripts/Custom/Mobiles/Dragons/DragonIllusion.cs:38-47","Recorded by current POST-BATCH-B-03E audit artifact commit","2026-06-06T22:24:25.5078831-05:00","Active post-audit overlay; canonical Phase 13 repair-backlog.csv is preserved as historical generated evidence."
"RB-00137","SERIAL-0076","Save compatibility","Custom:Mobiles","Data/Scripts/Custom/Mobiles/Dragons/Wyrmling.cs","Ready","SafeNoChange","POST-BATCH-B-03E","SERIAL-0076","SafeNoChange","No source change; Wyrmling calls base Serialize/Deserialize, writes version 0, reads the same version integer, and has no custom serialized fields.","docs/codebase-audit/outputs/post-batch-b-save-compatibility-triage.csv","Data/Scripts/Custom/Mobiles/Dragons/Wyrmling.cs:36-45","Recorded by current POST-BATCH-B-03E audit artifact commit","2026-06-06T22:24:25.5078831-05:00","Active post-audit overlay; canonical Phase 13 repair-backlog.csv is preserved as historical generated evidence."
"RB-00139","SERIAL-0078","Save compatibility","Custom:Mobiles","Data/Scripts/Custom/Mobiles/Elementals/FireIllusion.cs","Ready","SafeNoChange","POST-BATCH-B-03F","SERIAL-0078","SafeNoChange","No source change; FireIllusion calls base Serialize/Deserialize, writes version 0, reads the same version integer, and has no custom serialized fields.","docs/codebase-audit/outputs/post-batch-b-save-compatibility-triage.csv","Data/Scripts/Custom/Mobiles/Elementals/FireIllusion.cs:38-47","Recorded by current POST-BATCH-B-03F audit artifact commit","2026-06-06T22:28:51.5387682-05:00","Active post-audit overlay; canonical Phase 13 repair-backlog.csv is preserved as historical generated evidence."
"RB-00141","SERIAL-0080","Save compatibility","Custom:Mobiles","Data/Scripts/Custom/Mobiles/Elementals/FireKing.cs","Ready","SafeNoChange","POST-BATCH-B-03F","SERIAL-0080","SafeNoChange","No source change; FireKing calls base Serialize/Deserialize, writes version 0, reads the same version integer, and has no custom serialized fields.","docs/codebase-audit/outputs/post-batch-b-save-compatibility-triage.csv","Data/Scripts/Custom/Mobiles/Elementals/FireKing.cs:41-50","Recorded by current POST-BATCH-B-03F audit artifact commit","2026-06-06T22:28:51.5387682-05:00","Active post-audit overlay; canonical Phase 13 repair-backlog.csv is preserved as historical generated evidence."
"RB-00143","SERIAL-0082","Save compatibility","Custom:Mobiles","Data/Scripts/Custom/Mobiles/Elementals/FireServant.cs","Ready","SafeNoChange","POST-BATCH-B-03F","SERIAL-0082","SafeNoChange","No source change; FireServant calls base Serialize/Deserialize, writes version 0, reads the same version integer, and has no custom serialized fields.","docs/codebase-audit/outputs/post-batch-b-save-compatibility-triage.csv","Data/Scripts/Custom/Mobiles/Elementals/FireServant.cs:36-45","Recorded by current POST-BATCH-B-03F audit artifact commit","2026-06-06T22:28:51.5387682-05:00","Active post-audit overlay; canonical Phase 13 repair-backlog.csv is preserved as historical generated evidence."
"RB-00145","SERIAL-0084","Save compatibility","Custom:Mobiles","Data/Scripts/Custom/Mobiles/Elementals/FireSpirit.cs","Ready","SafeNoChange","POST-BATCH-B-03F","SERIAL-0084","SafeNoChange","No source change; FireSpirit calls base Serialize/Deserialize, writes version 0, reads the same version integer, and has no custom serialized fields.","docs/codebase-audit/outputs/post-batch-b-save-compatibility-triage.csv","Data/Scripts/Custom/Mobiles/Elementals/FireSpirit.cs:37-46","Recorded by current POST-BATCH-B-03F audit artifact commit","2026-06-06T22:28:51.5387682-05:00","Active post-audit overlay; canonical Phase 13 repair-backlog.csv is preserved as historical generated evidence."
"RB-00147","SERIAL-0086","Save compatibility","Custom:Mobiles","Data/Scripts/Custom/Mobiles/Elementals/Geode.cs","Ready","SafeNoChange","POST-BATCH-B-03F","SERIAL-0086","SafeNoChange","No source change; Geode calls base Serialize/Deserialize, writes version 0, reads the same version integer, and has no custom serialized fields.","docs/codebase-audit/outputs/post-batch-b-save-compatibility-triage.csv","Data/Scripts/Custom/Mobiles/Elementals/Geode.cs:39-48","Recorded by current POST-BATCH-B-03F audit artifact commit","2026-06-06T22:28:51.5387682-05:00","Active post-audit overlay; canonical Phase 13 repair-backlog.csv is preserved as historical generated evidence."
"RB-00149","SERIAL-0088","Save compatibility","Custom:Mobiles","Data/Scripts/Custom/Mobiles/Elementals/GrumpyEarthSpirit.cs","Ready","SafeNoChange","POST-BATCH-B-03F","SERIAL-0088","SafeNoChange","No source change; GrumpyEarthSpirit calls base Serialize/Deserialize, writes version 0, reads the same version integer, and has no custom serialized fields.","docs/codebase-audit/outputs/post-batch-b-save-compatibility-triage.csv","Data/Scripts/Custom/Mobiles/Elementals/GrumpyEarthSpirit.cs:36-45","Recorded by current POST-BATCH-B-03F audit artifact commit","2026-06-06T22:28:51.5387682-05:00","Active post-audit overlay; canonical Phase 13 repair-backlog.csv is preserved as historical generated evidence."
"RB-00151","SERIAL-0090","Save compatibility","Custom:Mobiles","Data/Scripts/Custom/Mobiles/Elementals/SkySpirit.cs","Ready","SafeNoChange","POST-BATCH-B-03F","SERIAL-0090","SafeNoChange","No source change; SkySpirit calls base Serialize/Deserialize, writes version 0, reads the same version integer, and has no custom serialized fields.","docs/codebase-audit/outputs/post-batch-b-save-compatibility-triage.csv","Data/Scripts/Custom/Mobiles/Elementals/SkySpirit.cs:42-51","Recorded by current POST-BATCH-B-03F audit artifact commit","2026-06-06T22:28:51.5387682-05:00","Active post-audit overlay; canonical Phase 13 repair-backlog.csv is preserved as historical generated evidence."
"RB-00153","SERIAL-0092","Save compatibility","Custom:Mobiles","Data/Scripts/Custom/Mobiles/Goliaths/Atlas.cs","Ready","SafeNoChange","POST-BATCH-B-03G","SERIAL-0092","SafeNoChange","No source change; Atlas calls base Serialize/Deserialize, writes version 0, reads the same version integer, and has no custom serialized fields.","docs/codebase-audit/outputs/post-batch-b-save-compatibility-triage.csv","Data/Scripts/Custom/Mobiles/Goliaths/Atlas.cs:38-47","Recorded by current POST-BATCH-B-03G audit artifact commit","2026-06-06T22:32:41.2393702-05:00","Active post-audit overlay; canonical Phase 13 repair-backlog.csv is preserved as historical generated evidence."
"RB-00155","SERIAL-0094","Save compatibility","Custom:Mobiles","Data/Scripts/Custom/Mobiles/Goliaths/CyclopsIntruder.cs","Ready","SafeNoChange","POST-BATCH-B-03G","SERIAL-0094","SafeNoChange","No source change; CyclopsIntruder calls base Serialize/Deserialize, writes version 0, reads the same version integer, and has no custom serialized fields.","docs/codebase-audit/outputs/post-batch-b-save-compatibility-triage.csv","Data/Scripts/Custom/Mobiles/Goliaths/CyclopsIntruder.cs:34-43","Recorded by current POST-BATCH-B-03G audit artifact commit","2026-06-06T22:32:41.2393702-05:00","Active post-audit overlay; canonical Phase 13 repair-backlog.csv is preserved as historical generated evidence."
"RB-00157","SERIAL-0096","Save compatibility","Custom:Mobiles","Data/Scripts/Custom/Mobiles/Goliaths/TwoFace.cs","Ready","SafeNoChange","POST-BATCH-B-03G","SERIAL-0096","SafeNoChange","No source change; TwoFace calls base Serialize/Deserialize, writes version 0, reads the same version integer, and has no custom serialized fields.","docs/codebase-audit/outputs/post-batch-b-save-compatibility-triage.csv","Data/Scripts/Custom/Mobiles/Goliaths/TwoFace.cs:44-53","Recorded by current POST-BATCH-B-03G audit artifact commit","2026-06-06T22:32:41.2393702-05:00","Active post-audit overlay; canonical Phase 13 repair-backlog.csv is preserved as historical generated evidence."
"RB-00159","SERIAL-0098","Save compatibility","Custom:Mobiles","Data/Scripts/Custom/Mobiles/Kobolds/KoboldChief.cs","Ready","SafeNoChange","POST-BATCH-B-03H","SERIAL-0098","SafeNoChange","No source change; KoboldChief calls base Serialize/Deserialize, writes version 0, reads the same version integer, and has no custom serialized fields.","docs/codebase-audit/outputs/post-batch-b-save-compatibility-triage.csv","Data/Scripts/Custom/Mobiles/Kobolds/KoboldChief.cs:33-42","Recorded by current POST-BATCH-B-03H audit artifact commit","2026-06-06T22:36:58.6200354-05:00","Active post-audit overlay; canonical Phase 13 repair-backlog.csv is preserved as historical generated evidence."
"RB-00161","SERIAL-0100","Save compatibility","Custom:Mobiles","Data/Scripts/Custom/Mobiles/Kobolds/KoboldFootSoldier.cs","Ready","SafeNoChange","POST-BATCH-B-03H","SERIAL-0100","SafeNoChange","No source change; KoboldFootSoldier calls base Serialize/Deserialize, writes version 0, reads the same version integer, and has no custom serialized fields.","docs/codebase-audit/outputs/post-batch-b-save-compatibility-triage.csv","Data/Scripts/Custom/Mobiles/Kobolds/KoboldFootSoldier.cs:35-44","Recorded by current POST-BATCH-B-03H audit artifact commit","2026-06-06T22:36:58.6200354-05:00","Active post-audit overlay; canonical Phase 13 repair-backlog.csv is preserved as historical generated evidence."
"RB-00163","SERIAL-0102","Save compatibility","Custom:Mobiles","Data/Scripts/Custom/Mobiles/Kobolds/KoboldRingleader.cs","Ready","SafeNoChange","POST-BATCH-B-03H","SERIAL-0102","SafeNoChange","No source change; KoboldRingleader calls base Serialize/Deserialize, writes version 0, reads the same version integer, and has no custom serialized fields.","docs/codebase-audit/outputs/post-batch-b-save-compatibility-triage.csv","Data/Scripts/Custom/Mobiles/Kobolds/KoboldRingleader.cs:45-54","Recorded by current POST-BATCH-B-03H audit artifact commit","2026-06-06T22:36:58.6200354-05:00","Active post-audit overlay; canonical Phase 13 repair-backlog.csv is preserved as historical generated evidence."
