"BatchId","ReviewRowId","BacklogId","SourceId","Priority","Category","System","Files","Line","UsageKind","OriginalEvidence","Decision","SourceEvidence","Method","Action","Verification","ReviewedByBatch","ReviewedAt","Notes"
"POST-BATCH-D-01A","PHD-001","RB-04689","P10-F04689","P1","Pooled enumerables","Custom:Champions","Data/Scripts/Custom/Champions/Mobiles/Champs-UO/Barracoon.cs","201","DirectForeachRangeScan","L201:foreach (Mobile m in this.GetMobilesInRange(10)); FreeCallPresentInFile=No; UsageKind=DirectForeachRangeScan","Fixed","Data/Scripts/Custom/Champions/Mobiles/Champs-UO/Barracoon.cs:201-213","Barracoon.SpawnRatmen","Replaced direct foreach over this.GetMobilesInRange(10) with IPooledEnumerable eable plus try/finally Free while preserving rat count logic.","Passed: targeted Custom:Champions scan found no remaining direct foreach range scans; Server.csproj Debug/x86 build passed with Visual Studio MSBuild; .\ConficturaServer.exe -compileonly -nocache exited 0 and printed no Listening output; generated root executable artifacts restored.","POST-BATCH-D-01A","2026-06-08T16:38:18.0434300-05:00","Confirmed pooled enumerable ownership leak; fixed with try/finally Free and no behavior, serialization, namespace, type, or file-location changes."
"POST-BATCH-D-01A","PHD-002","RB-04690","P10-F04690","P1","Pooled enumerables","Custom:Champions","Data/Scripts/Custom/Champions/Mobiles/Champs-UO/Ilhenir.cs","320","DirectForeachRangeScan","L320:foreach (Item item in Map.GetItemsInRange(p, 0)); FreeCallPresentInFile=No; UsageKind=DirectForeachRangeScan","Fixed","Data/Scripts/Custom/Champions/Mobiles/Champs-UO/Ilhenir.cs:320-335","Ilhenir.DropOoze","Replaced direct foreach over Map.GetItemsInRange(p, 0) with IPooledEnumerable eable plus try/finally Free while preserving StainedOoze detection and break behavior.","Passed: targeted Custom:Champions scan found no remaining direct foreach range scans; Server.csproj Debug/x86 build passed with Visual Studio MSBuild; .\ConficturaServer.exe -compileonly -nocache exited 0 and printed no Listening output; generated root executable artifacts restored.","POST-BATCH-D-01A","2026-06-08T16:38:18.0434300-05:00","Confirmed pooled enumerable ownership leak; fixed with try/finally Free and no behavior, serialization, namespace, type, or file-location changes."
"POST-BATCH-D-01A","PHD-003","RB-04691","P10-F04691","P1","Pooled enumerables","Custom:Champions","Data/Scripts/Custom/Champions/Mobiles/Champs-UO/Ilhenir.cs","408","DirectForeachRangeScan","L408:foreach (Mobile m in GetMobilesInRange(0)); FreeCallPresentInFile=No; UsageKind=DirectForeachRangeScan","Fixed","Data/Scripts/Custom/Champions/Mobiles/Champs-UO/Ilhenir.cs:419-443","StainedOoze.OnTick","Replaced direct foreach over GetMobilesInRange(0) with IPooledEnumerable eable plus try/finally Free while preserving filtering and damage target collection.","Passed: targeted Custom:Champions scan found no remaining direct foreach range scans; Server.csproj Debug/x86 build passed with Visual Studio MSBuild; .\ConficturaServer.exe -compileonly -nocache exited 0 and printed no Listening output; generated root executable artifacts restored.","POST-BATCH-D-01A","2026-06-08T16:38:18.0434300-05:00","Confirmed pooled enumerable ownership leak; fixed with try/finally Free and no behavior, serialization, namespace, type, or file-location changes."
"POST-BATCH-D-01A","PHD-004","RB-04692","P10-F04692","P1","Pooled enumerables","Custom:Champions","Data/Scripts/Custom/Champions/Mobiles/Champs-UO/Rikktor.cs","129","DirectForeachRangeScan","L129:foreach (Mobile m in this.GetMobilesInRange(8)); FreeCallPresentInFile=No; UsageKind=DirectForeachRangeScan","Fixed","Data/Scripts/Custom/Champions/Mobiles/Champs-UO/Rikktor.cs:129-153","Rikktor.Earthquake","Replaced direct foreach over this.GetMobilesInRange(8) with IPooledEnumerable eable plus try/finally Free while preserving target selection.","Passed: targeted Custom:Champions scan found no remaining direct foreach range scans; Server.csproj Debug/x86 build passed with Visual Studio MSBuild; .\ConficturaServer.exe -compileonly -nocache exited 0 and printed no Listening output; generated root executable artifacts restored.","POST-BATCH-D-01A","2026-06-08T16:38:18.0434300-05:00","Confirmed pooled enumerable ownership leak; fixed with try/finally Free and no behavior, serialization, namespace, type, or file-location changes."
"POST-BATCH-D-01A","PHD-005","RB-04693","P10-F04693","P1","Pooled enumerables","Custom:Champions","Data/Scripts/Custom/Champions/Mobiles/Champs-UO/Semidar.cs","114","DirectForeachRangeScan","L114:foreach (Mobile m in this.GetMobilesInRange(2)); FreeCallPresentInFile=No; UsageKind=DirectForeachRangeScan","Fixed","Data/Scripts/Custom/Champions/Mobiles/Champs-UO/Semidar.cs:114-138","Semidar.DrainLife","Replaced direct foreach over this.GetMobilesInRange(2) with IPooledEnumerable eable plus try/finally Free while preserving target selection.","Passed: targeted Custom:Champions scan found no remaining direct foreach range scans; Server.csproj Debug/x86 build passed with Visual Studio MSBuild; .\ConficturaServer.exe -compileonly -nocache exited 0 and printed no Listening output; generated root executable artifacts restored.","POST-BATCH-D-01A","2026-06-08T16:38:18.0434300-05:00","Confirmed pooled enumerable ownership leak; fixed with try/finally Free and no behavior, serialization, namespace, type, or file-location changes."
"POST-BATCH-D-01A","PHD-006","RB-04694","P10-F04694","P1","Pooled enumerables","Custom:Champions","Data/Scripts/Custom/Champions/Mobiles/Champs-UO/Serado.cs","190","DirectForeachRangeScan","L190:foreach (Mobile m in target.GetMobilesInRange(8)); FreeCallPresentInFile=No; UsageKind=DirectForeachRangeScan","Fixed","Data/Scripts/Custom/Champions/Mobiles/Champs-UO/Serado.cs:190-214","Serado.OnDamagedBySpell","Replaced direct foreach over target.GetMobilesInRange(8) with IPooledEnumerable eable plus try/finally Free while preserving counterattack target selection.","Passed: targeted Custom:Champions scan found no remaining direct foreach range scans; Server.csproj Debug/x86 build passed with Visual Studio MSBuild; .\ConficturaServer.exe -compileonly -nocache exited 0 and printed no Listening output; generated root executable artifacts restored.","POST-BATCH-D-01A","2026-06-08T16:38:18.0434300-05:00","Confirmed pooled enumerable ownership leak; fixed with try/finally Free and no behavior, serialization, namespace, type, or file-location changes."
"POST-BATCH-D-01A","PHD-007","RB-04695","P10-F04695","P1","Pooled enumerables","Custom:Champions","Data/Scripts/Custom/Champions/Mobiles/Minions/InterredGrizzle .cs","132","DirectForeachRangeScan","L132:foreach (Item item in Map.GetItemsInRange(p, 0)); FreeCallPresentInFile=No; UsageKind=DirectForeachRangeScan","Fixed","Data/Scripts/Custom/Champions/Mobiles/Minions/InterredGrizzle .cs:132-147","InterredGrizzle.DropOoze","Replaced direct foreach over Map.GetItemsInRange(p, 0) with IPooledEnumerable eable plus try/finally Free while preserving StainedOoze detection and break behavior.","Passed: targeted Custom:Champions scan found no remaining direct foreach range scans; Server.csproj Debug/x86 build passed with Visual Studio MSBuild; .\ConficturaServer.exe -compileonly -nocache exited 0 and printed no Listening output; generated root executable artifacts restored.","POST-BATCH-D-01A","2026-06-08T16:38:18.0434300-05:00","Confirmed pooled enumerable ownership leak; fixed with try/finally Free and no behavior, serialization, namespace, type, or file-location changes."
"POST-BATCH-D-01A","PHD-008","RB-04696","P10-F04696","P1","Pooled enumerables","Custom:Champions","Data/Scripts/Custom/Champions/Mobiles/Minions/PlagueBeastLord.cs","232","DirectForeachRangeScan","L232:foreach (NetState state in GetClientsInRange(12)); FreeCallPresentInFile=No; UsageKind=DirectForeachRangeScan","Fixed","Data/Scripts/Custom/Champions/Mobiles/Minions/PlagueBeastLord.cs:232-252","PlagueBeastLord.Carve","Replaced direct foreach over GetClientsInRange(12) with IPooledEnumerable eable plus try/finally Free while preserving overhead-message delivery.","Passed: targeted Custom:Champions scan found no remaining direct foreach range scans; Server.csproj Debug/x86 build passed with Visual Studio MSBuild; .\ConficturaServer.exe -compileonly -nocache exited 0 and printed no Listening output; generated root executable artifacts restored.","POST-BATCH-D-01A","2026-06-08T16:38:18.0434300-05:00","Confirmed pooled enumerable ownership leak; fixed with try/finally Free and no behavior, serialization, namespace, type, or file-location changes."
"POST-BATCH-D-02A","PHD-009","RB-04697","P10-F04697","P1","Pooled enumerables","Custom:ClearDeckCommand","Data/Scripts/Custom/ClearDeckCommand/ClearDeckCommand.cs","38","DirectForeachRangeScan","L38:foreach (Item item in playerBoat.GetItemsInRange(18)) // Assuming 18 is the max range of a boat; FreeCallPresentInFile=No; UsageKind=DirectForeachRangeScan","Fixed","Data/Scripts/Custom/ClearDeckCommand/ClearDeckCommand.cs:38-65","ClearDeckCommand.ClearDeck_OnCommand","Replaced direct foreach over playerBoat.GetItemsInRange(18) with IPooledEnumerable eable plus try/finally Free while preserving corpse collection and deletion behavior.","Passed: targeted ClearDeckCommand direct range-scan check returned no matches; Server.csproj Debug/x86 build passed with Visual Studio MSBuild; .\ConficturaServer.exe -compileonly -nocache exited 0 and printed no Listening output; generated root executable artifacts restored.","POST-BATCH-D-02A","2026-06-08T16:42:46.5194703-05:00","Confirmed pooled enumerable ownership leak; fixed with try/finally Free and no behavior, serialization, namespace, type, or file-location changes."
"POST-BATCH-D-03A","PHD-010","RB-04698","P10-F04698","P1","Pooled enumerables","Custom:Government System","Data/Scripts/Custom/Government System/Items/Deeds/CityDeed.cs","3129","DirectForeachRangeScan","L3129:foreach (Mobile m in spwn.GetMobilesInRange(0)); FreeCallPresentInFile=No; UsageKind=DirectForeachRangeScan","Fixed","Data/Scripts/Custom/Government System/Items/Deeds/CityDeed.cs:3129-3146","CityDeed.FinishPlacement","Replaced direct foreach over spwn.GetMobilesInRange(0) with IPooledEnumerable spawnerMobiles plus try/finally Free while preserving landlord lookup, initialization, and break behavior.","Passed: targeted Custom:Government System direct range-scan check returned no matches; Server.csproj Debug/x86 build passed with Visual Studio MSBuild; .\ConficturaServer.exe -compileonly -nocache exited 0 and printed no Listening output; generated root executable artifacts restored.","POST-BATCH-D-03A","2026-06-08T16:50:54.6607029-05:00","Confirmed pooled enumerable ownership leak; fixed with try/finally Free and no behavior, serialization, namespace, type, or file-location changes."
"POST-BATCH-D-03A","PHD-011","RB-04699","P10-F04699","P1","Pooled enumerables","Custom:Government System","Data/Scripts/Custom/Government System/Items/Deeds/CityDeed.cs","3184","DirectForeachRangeScan","L3184:foreach (Mobile m in spwn.GetMobilesInRange(0)); FreeCallPresentInFile=No; UsageKind=DirectForeachRangeScan","Fixed","Data/Scripts/Custom/Government System/Items/Deeds/CityDeed.cs:3193-3210","CityDeed.FinishPlacement","Replaced direct foreach over spwn.GetMobilesInRange(0) with IPooledEnumerable spawnerMobiles plus try/finally Free while preserving landlord lookup, initialization, and break behavior.","Passed: targeted Custom:Government System direct range-scan check returned no matches; Server.csproj Debug/x86 build passed with Visual Studio MSBuild; .\ConficturaServer.exe -compileonly -nocache exited 0 and printed no Listening output; generated root executable artifacts restored.","POST-BATCH-D-03A","2026-06-08T16:50:54.6607029-05:00","Confirmed pooled enumerable ownership leak; fixed with try/finally Free and no behavior, serialization, namespace, type, or file-location changes."
"POST-BATCH-D-03A","PHD-012","RB-04700","P10-F04700","P1","Pooled enumerables","Custom:Government System","Data/Scripts/Custom/Government System/Items/Deeds/CityDeed.cs","3239","DirectForeachRangeScan","L3239:foreach (Mobile m in spwn.GetMobilesInRange(0)); FreeCallPresentInFile=No; UsageKind=DirectForeachRangeScan","Fixed","Data/Scripts/Custom/Government System/Items/Deeds/CityDeed.cs:3257-3274","CityDeed.FinishPlacement","Replaced direct foreach over spwn.GetMobilesInRange(0) with IPooledEnumerable spawnerMobiles plus try/finally Free while preserving landlord lookup, initialization, and break behavior.","Passed: targeted Custom:Government System direct range-scan check returned no matches; Server.csproj Debug/x86 build passed with Visual Studio MSBuild; .\ConficturaServer.exe -compileonly -nocache exited 0 and printed no Listening output; generated root executable artifacts restored.","POST-BATCH-D-03A","2026-06-08T16:50:54.6607029-05:00","Confirmed pooled enumerable ownership leak; fixed with try/finally Free and no behavior, serialization, namespace, type, or file-location changes."
"POST-BATCH-D-03A","PHD-013","RB-04701","P10-F04701","P1","Pooled enumerables","Custom:Government System","Data/Scripts/Custom/Government System/Items/Deeds/CityDeed.cs","3294","DirectForeachRangeScan","L3294:foreach (Mobile m in spwn.GetMobilesInRange(0)); FreeCallPresentInFile=No; UsageKind=DirectForeachRangeScan","Fixed","Data/Scripts/Custom/Government System/Items/Deeds/CityDeed.cs:3321-3338","CityDeed.FinishPlacement","Replaced direct foreach over spwn.GetMobilesInRange(0) with IPooledEnumerable spawnerMobiles plus try/finally Free while preserving landlord lookup, initialization, and break behavior.","Passed: targeted Custom:Government System direct range-scan check returned no matches; Server.csproj Debug/x86 build passed with Visual Studio MSBuild; .\ConficturaServer.exe -compileonly -nocache exited 0 and printed no Listening output; generated root executable artifacts restored.","POST-BATCH-D-03A","2026-06-08T16:50:54.6607029-05:00","Confirmed pooled enumerable ownership leak; fixed with try/finally Free and no behavior, serialization, namespace, type, or file-location changes."
"POST-BATCH-D-03A","PHD-014","RB-04702","P10-F04702","P1","Pooled enumerables","Custom:Government System","Data/Scripts/Custom/Government System/Items/Deeds/CityDeed.cs","3349","DirectForeachRangeScan","L3349:foreach (Mobile m in spwn.GetMobilesInRange(0)); FreeCallPresentInFile=No; UsageKind=DirectForeachRangeScan","Fixed","Data/Scripts/Custom/Government System/Items/Deeds/CityDeed.cs:3385-3402","CityDeed.FinishPlacement","Replaced direct foreach over spwn.GetMobilesInRange(0) with IPooledEnumerable spawnerMobiles plus try/finally Free while preserving landlord lookup, initialization, and break behavior.","Passed: targeted Custom:Government System direct range-scan check returned no matches; Server.csproj Debug/x86 build passed with Visual Studio MSBuild; .\ConficturaServer.exe -compileonly -nocache exited 0 and printed no Listening output; generated root executable artifacts restored.","POST-BATCH-D-03A","2026-06-08T16:50:54.6607029-05:00","Confirmed pooled enumerable ownership leak; fixed with try/finally Free and no behavior, serialization, namespace, type, or file-location changes."
"POST-BATCH-D-03A","PHD-015","RB-04703","P10-F04703","P1","Pooled enumerables","Custom:Government System","Data/Scripts/Custom/Government System/Items/Deeds/CityDeed.cs","3404","DirectForeachRangeScan","L3404:foreach (Mobile m in spwn.GetMobilesInRange(0)); FreeCallPresentInFile=No; UsageKind=DirectForeachRangeScan","Fixed","Data/Scripts/Custom/Government System/Items/Deeds/CityDeed.cs:3449-3466","CityDeed.FinishPlacement","Replaced direct foreach over spwn.GetMobilesInRange(0) with IPooledEnumerable spawnerMobiles plus try/finally Free while preserving landlord lookup, initialization, and break behavior.","Passed: targeted Custom:Government System direct range-scan check returned no matches; Server.csproj Debug/x86 build passed with Visual Studio MSBuild; .\ConficturaServer.exe -compileonly -nocache exited 0 and printed no Listening output; generated root executable artifacts restored.","POST-BATCH-D-03A","2026-06-08T16:50:54.6607029-05:00","Confirmed pooled enumerable ownership leak; fixed with try/finally Free and no behavior, serialization, namespace, type, or file-location changes."
"POST-BATCH-D-03A","PHD-016","RB-04704","P10-F04704","P1","Pooled enumerables","Custom:Government System","Data/Scripts/Custom/Government System/Items/Deeds/CityDeed.cs","3459","DirectForeachRangeScan","L3459:foreach (Mobile m in spwn.GetMobilesInRange(0)); FreeCallPresentInFile=No; UsageKind=DirectForeachRangeScan","Fixed","Data/Scripts/Custom/Government System/Items/Deeds/CityDeed.cs:3513-3530","CityDeed.FinishPlacement","Replaced direct foreach over spwn.GetMobilesInRange(0) with IPooledEnumerable spawnerMobiles plus try/finally Free while preserving landlord lookup, initialization, and break behavior.","Passed: targeted Custom:Government System direct range-scan check returned no matches; Server.csproj Debug/x86 build passed with Visual Studio MSBuild; .\ConficturaServer.exe -compileonly -nocache exited 0 and printed no Listening output; generated root executable artifacts restored.","POST-BATCH-D-03A","2026-06-08T16:50:54.6607029-05:00","Confirmed pooled enumerable ownership leak; fixed with try/finally Free and no behavior, serialization, namespace, type, or file-location changes."
"POST-BATCH-D-03A","PHD-017","RB-04705","P10-F04705","P1","Pooled enumerables","Custom:Government System","Data/Scripts/Custom/Government System/Items/Deeds/CityDeed.cs","3514","DirectForeachRangeScan","L3514:foreach (Mobile m in spwn.GetMobilesInRange(0)); FreeCallPresentInFile=No; UsageKind=DirectForeachRangeScan","Fixed","Data/Scripts/Custom/Government System/Items/Deeds/CityDeed.cs:3577-3594","CityDeed.FinishPlacement","Replaced direct foreach over spwn.GetMobilesInRange(0) with IPooledEnumerable spawnerMobiles plus try/finally Free while preserving landlord lookup, initialization, and break behavior.","Passed: targeted Custom:Government System direct range-scan check returned no matches; Server.csproj Debug/x86 build passed with Visual Studio MSBuild; .\ConficturaServer.exe -compileonly -nocache exited 0 and printed no Listening output; generated root executable artifacts restored.","POST-BATCH-D-03A","2026-06-08T16:50:54.6607029-05:00","Confirmed pooled enumerable ownership leak; fixed with try/finally Free and no behavior, serialization, namespace, type, or file-location changes."
"POST-BATCH-D-03A","PHD-018","RB-04706","P10-F04706","P1","Pooled enumerables","Custom:Government System","Data/Scripts/Custom/Government System/Vendor/CityLandLord.cs","237","DirectForeachRangeScan","L237:foreach (Mobile m in sp1.GetMobilesInRange(0)); FreeCallPresentInFile=No; UsageKind=DirectForeachRangeScan","Fixed","Data/Scripts/Custom/Government System/Vendor/CityLandLord.cs:237-249","CityLandLord.CreateRandomVendors","Replaced direct foreach over sp1.GetMobilesInRange(0) with IPooledEnumerable sp1Mobiles plus try/finally Free while preserving vendor freeze and direction behavior.","Passed: targeted Custom:Government System direct range-scan check returned no matches; Server.csproj Debug/x86 build passed with Visual Studio MSBuild; .\ConficturaServer.exe -compileonly -nocache exited 0 and printed no Listening output; generated root executable artifacts restored.","POST-BATCH-D-03A","2026-06-08T16:50:54.6607029-05:00","Confirmed pooled enumerable ownership leak; fixed with try/finally Free and no behavior, serialization, namespace, type, or file-location changes."
"POST-BATCH-D-03A","PHD-019","RB-04707","P10-F04707","P1","Pooled enumerables","Custom:Government System","Data/Scripts/Custom/Government System/Vendor/CityLandLord.cs","243","DirectForeachRangeScan","L243:foreach (Mobile m in sp2.GetMobilesInRange(0)); FreeCallPresentInFile=No; UsageKind=DirectForeachRangeScan","Fixed","Data/Scripts/Custom/Government System/Vendor/CityLandLord.cs:252-264","CityLandLord.CreateRandomVendors","Replaced direct foreach over sp2.GetMobilesInRange(0) with IPooledEnumerable sp2Mobiles plus try/finally Free while preserving vendor freeze and direction behavior.","Passed: targeted Custom:Government System direct range-scan check returned no matches; Server.csproj Debug/x86 build passed with Visual Studio MSBuild; .\ConficturaServer.exe -compileonly -nocache exited 0 and printed no Listening output; generated root executable artifacts restored.","POST-BATCH-D-03A","2026-06-08T16:50:54.6607029-05:00","Confirmed pooled enumerable ownership leak; fixed with try/finally Free and no behavior, serialization, namespace, type, or file-location changes."
"POST-BATCH-D-03A","PHD-020","RB-04708","P10-F04708","P1","Pooled enumerables","Custom:Government System","Data/Scripts/Custom/Government System/Vendor/CityLandLord.cs","297","DirectForeachRangeScan","L297:foreach (Mobile m in sp.GetMobilesInRange(0)); FreeCallPresentInFile=No; UsageKind=DirectForeachRangeScan","Fixed","Data/Scripts/Custom/Government System/Vendor/CityLandLord.cs:315-327","CityLandLord.Deserialize","Replaced direct foreach over sp.GetMobilesInRange(0) with IPooledEnumerable vendorMobiles plus try/finally Free while preserving respawn vendor freeze and direction behavior.","Passed: targeted Custom:Government System direct range-scan check returned no matches; Server.csproj Debug/x86 build passed with Visual Studio MSBuild; .\ConficturaServer.exe -compileonly -nocache exited 0 and printed no Listening output; generated root executable artifacts restored.","POST-BATCH-D-03A","2026-06-08T16:50:54.6607029-05:00","Confirmed pooled enumerable ownership leak; fixed with try/finally Free and no behavior, serialization, namespace, type, or file-location changes."
"POST-BATCH-D-04A","PHD-021","RB-04709","P10-F04709","P1","Pooled enumerables","Custom:Invasion System","Data/Scripts/Custom/Invasion System/Add Ins/BaseSpecialCreature.cs","607","DirectForeachRangeScan","L607:foreach (Mobile m in this.GetMobilesInRange(6)); FreeCallPresentInFile=No; UsageKind=DirectForeachRangeScan","Fixed","Data/Scripts/Custom/Invasion System/Add Ins/BaseSpecialCreature.cs:607-633","BaseSpecialCreature.Earthquake","Replaced direct foreach over this.GetMobilesInRange(6) with IPooledEnumerable eable plus try/finally Free while preserving earthquake target collection.","Passed: targeted BaseSpecialCreature direct range-scan check returned no matches; Server.csproj Debug/x86 build passed with Visual Studio MSBuild; .\ConficturaServer.exe -compileonly -nocache exited 0 and printed no Listening output; generated root executable artifacts restored.","POST-BATCH-D-04A","2026-06-08T16:54:57.9847310-05:00","Confirmed pooled enumerable ownership leak; fixed with try/finally Free and no behavior, serialization, namespace, type, or file-location changes."
"POST-BATCH-D-04A","PHD-022","RB-04710","P10-F04710","P1","Pooled enumerables","Custom:Invasion System","Data/Scripts/Custom/Invasion System/Add Ins/BaseSpecialCreature.cs","660","DirectForeachRangeScan","L660:foreach (Mobile m in target.Map.GetMobilesInRange(target.Location, BreathMaxRange)); FreeCallPresentInFile=No; UsageKind=DirectForeachRangeScan","Fixed","Data/Scripts/Custom/Invasion System/Add Ins/BaseSpecialCreature.cs:669-690","BaseSpecialCreature.BreathStart","Replaced direct foreach over target.Map.GetMobilesInRange(target.Location, BreathMaxRange) with IPooledEnumerable eable plus try/finally Free while preserving multi-breath target collection.","Passed: targeted BaseSpecialCreature direct range-scan check returned no matches; Server.csproj Debug/x86 build passed with Visual Studio MSBuild; .\ConficturaServer.exe -compileonly -nocache exited 0 and printed no Listening output; generated root executable artifacts restored.","POST-BATCH-D-04A","2026-06-08T16:54:57.9847310-05:00","Confirmed pooled enumerable ownership leak; fixed with try/finally Free and no behavior, serialization, namespace, type, or file-location changes."
"POST-BATCH-D-04A","PHD-023","RB-04711","P10-F04711","P1","Pooled enumerables","Custom:Invasion System","Data/Scripts/Custom/Invasion System/Add Ins/BaseSpecialCreature.cs","924","DirectForeachRangeScan","L924:foreach (Mobile m in target.GetMobilesInRange(8)); FreeCallPresentInFile=No; UsageKind=DirectForeachRangeScan","Fixed","Data/Scripts/Custom/Invasion System/Add Ins/BaseSpecialCreature.cs:944-970","BaseSpecialCreature.OnDamagedBySpell","Replaced direct foreach over target.GetMobilesInRange(8) with IPooledEnumerable eable plus try/finally Free while preserving retaliation target collection.","Passed: targeted BaseSpecialCreature direct range-scan check returned no matches; Server.csproj Debug/x86 build passed with Visual Studio MSBuild; .\ConficturaServer.exe -compileonly -nocache exited 0 and printed no Listening output; generated root executable artifacts restored.","POST-BATCH-D-04A","2026-06-08T16:54:57.9847310-05:00","Confirmed pooled enumerable ownership leak; fixed with try/finally Free and no behavior, serialization, namespace, type, or file-location changes."
"POST-BATCH-D-05A","PHD-024","RB-04712","P10-F04712","P1","Pooled enumerables","Custom:Invasion System","Data/Scripts/Custom/Invasion System/Add Ins/Lord BlackThorn Clone.cs","126","DirectForeachRangeScan","L126:foreach (Mobile m in this.GetMobilesInRange(10)); FreeCallPresentInFile=No; UsageKind=DirectForeachRangeScan","Fixed","Data/Scripts/Custom/Invasion System/Add Ins/Lord BlackThorn Clone.cs:126-139","BlackthornClone.SpawnMech","Replaced direct foreach over this.GetMobilesInRange(10) with IPooledEnumerable eable plus try/finally Free while preserving RunicGolemInvader count behavior.","Passed: targeted Lord BlackThorn Clone.cs direct range-scan check returned no matches; Server.csproj Debug/x86 build passed with Visual Studio MSBuild; .\ConficturaServer.exe -compileonly -nocache exited 0 and printed no Listening output; generated root executable artifacts restored.","POST-BATCH-D-05A","2026-06-08T16:57:40.7346174-05:00","Confirmed pooled enumerable ownership leak; fixed with try/finally Free and no behavior, serialization, namespace, type, or file-location changes."
"POST-BATCH-D-06A","PHD-025","RB-04713","P10-F04713","P1","Pooled enumerables","Custom:Invasion System","Data/Scripts/Custom/Invasion System/Add Ins/MobileFeatures.cs","212","DirectForeachRangeScan","L212:foreach (Mobile m in mobile.GetMobilesInRange(15)); FreeCallPresentInFile=No; UsageKind=DirectForeachRangeScan","Fixed","Data/Scripts/Custom/Invasion System/Add Ins/MobileFeatures.cs:212-238","MobileFeatures.DoMassPeace","Replaced direct foreach over mobile.GetMobilesInRange(15) with IPooledEnumerable eable plus try/finally Free while preserving mass-peace target collection.","Passed: targeted MobileFeatures.cs direct range-scan check returned no matches; Server.csproj Debug/x86 build passed with Visual Studio MSBuild; .\ConficturaServer.exe -compileonly -nocache exited 0 and printed no Listening output; generated root executable artifacts restored.","POST-BATCH-D-06A","2026-06-08T17:01:35.0112916-05:00","Confirmed pooled enumerable ownership leak; fixed with try/finally Free and no behavior, serialization, namespace, type, or file-location changes."
"POST-BATCH-D-06A","PHD-026","RB-04714","P10-F04714","P1","Pooled enumerables","Custom:Invasion System","Data/Scripts/Custom/Invasion System/Add Ins/MobileFeatures.cs","247","DirectForeachRangeScan","L247:foreach (Mobile m in mobile.GetMobilesInRange(15)); FreeCallPresentInFile=No; UsageKind=DirectForeachRangeScan","Fixed","Data/Scripts/Custom/Invasion System/Add Ins/MobileFeatures.cs:256-274","MobileFeatures.DoMassProvoke","Replaced direct foreach over mobile.GetMobilesInRange(15) with IPooledEnumerable eable plus try/finally Free while preserving mass-provoke target collection.","Passed: targeted MobileFeatures.cs direct range-scan check returned no matches; Server.csproj Debug/x86 build passed with Visual Studio MSBuild; .\ConficturaServer.exe -compileonly -nocache exited 0 and printed no Listening output; generated root executable artifacts restored.","POST-BATCH-D-06A","2026-06-08T17:01:35.0112916-05:00","Confirmed pooled enumerable ownership leak; fixed with try/finally Free and no behavior, serialization, namespace, type, or file-location changes."
"POST-BATCH-D-06A","PHD-027","RB-04715","P10-F04715","P1","Pooled enumerables","Custom:Invasion System","Data/Scripts/Custom/Invasion System/Add Ins/MobileFeatures.cs","283","DirectForeachRangeScan","L283:foreach (Mobile m in mobile.GetMobilesInRange(10)); FreeCallPresentInFile=No; UsageKind=DirectForeachRangeScan","Fixed","Data/Scripts/Custom/Invasion System/Add Ins/MobileFeatures.cs:301-314","MobileFeatures.DoRobotReveal","Replaced direct foreach over mobile.GetMobilesInRange(10) with IPooledEnumerable eable plus try/finally Free while preserving robot reveal behavior.","Passed: targeted MobileFeatures.cs direct range-scan check returned no matches; Server.csproj Debug/x86 build passed with Visual Studio MSBuild; .\ConficturaServer.exe -compileonly -nocache exited 0 and printed no Listening output; generated root executable artifacts restored.","POST-BATCH-D-06A","2026-06-08T17:01:35.0112916-05:00","Confirmed pooled enumerable ownership leak; fixed with try/finally Free and no behavior, serialization, namespace, type, or file-location changes."
"POST-BATCH-D-06A","PHD-028","RB-04716","P10-F04716","P1","Pooled enumerables","Custom:Invasion System","Data/Scripts/Custom/Invasion System/Add Ins/MobileFeatures.cs","330","DirectForeachRangeScan","L330:foreach (Mobile m in mobile.GetMobilesInRange(10)); FreeCallPresentInFile=No; UsageKind=DirectForeachRangeScan","Fixed","Data/Scripts/Custom/Invasion System/Add Ins/MobileFeatures.cs:359-372","MobileFeatures.DoHumanReveal","Replaced direct foreach over mobile.GetMobilesInRange(10) with IPooledEnumerable eable plus try/finally Free while preserving human reveal behavior.","Passed: targeted MobileFeatures.cs direct range-scan check returned no matches; Server.csproj Debug/x86 build passed with Visual Studio MSBuild; .\ConficturaServer.exe -compileonly -nocache exited 0 and printed no Listening output; generated root executable artifacts restored.","POST-BATCH-D-06A","2026-06-08T17:01:35.0112916-05:00","Confirmed pooled enumerable ownership leak; fixed with try/finally Free and no behavior, serialization, namespace, type, or file-location changes."
"POST-BATCH-D-06A","PHD-029","RB-04717","P10-F04717","P1","Pooled enumerables","Custom:Invasion System","Data/Scripts/Custom/Invasion System/Add Ins/MobileFeatures.cs","370","DirectForeachRangeScan","L370:foreach (Mobile m in mobile.GetMobilesInRange(10)); FreeCallPresentInFile=No; UsageKind=DirectForeachRangeScan","Fixed","Data/Scripts/Custom/Invasion System/Add Ins/MobileFeatures.cs:410-436","MobileFeatures.DoFireAreaAttack","Replaced direct foreach over mobile.GetMobilesInRange(10) with IPooledEnumerable eable plus try/finally Free while preserving fire area target collection.","Passed: targeted MobileFeatures.cs direct range-scan check returned no matches; Server.csproj Debug/x86 build passed with Visual Studio MSBuild; .\ConficturaServer.exe -compileonly -nocache exited 0 and printed no Listening output; generated root executable artifacts restored.","POST-BATCH-D-06A","2026-06-08T17:01:35.0112916-05:00","Confirmed pooled enumerable ownership leak; fixed with try/finally Free and no behavior, serialization, namespace, type, or file-location changes."
"POST-BATCH-D-06A","PHD-030","RB-04718","P10-F04718","P1","Pooled enumerables","Custom:Invasion System","Data/Scripts/Custom/Invasion System/Add Ins/MobileFeatures.cs","420","DirectForeachRangeScan","L420:foreach (Mobile m in mobile.GetMobilesInRange(10)); FreeCallPresentInFile=No; UsageKind=DirectForeachRangeScan","Fixed","Data/Scripts/Custom/Invasion System/Add Ins/MobileFeatures.cs:469-495","MobileFeatures.DoWaterAreaAttack","Replaced direct foreach over mobile.GetMobilesInRange(10) with IPooledEnumerable eable plus try/finally Free while preserving water area target collection.","Passed: targeted MobileFeatures.cs direct range-scan check returned no matches; Server.csproj Debug/x86 build passed with Visual Studio MSBuild; .\ConficturaServer.exe -compileonly -nocache exited 0 and printed no Listening output; generated root executable artifacts restored.","POST-BATCH-D-06A","2026-06-08T17:01:35.0112916-05:00","Confirmed pooled enumerable ownership leak; fixed with try/finally Free and no behavior, serialization, namespace, type, or file-location changes."
"POST-BATCH-D-06A","PHD-031","RB-04719","P10-F04719","P1","Pooled enumerables","Custom:Invasion System","Data/Scripts/Custom/Invasion System/Add Ins/MobileFeatures.cs","463","DirectForeachRangeScan","L463:foreach (Mobile m in mobile.GetMobilesInRange(10)); FreeCallPresentInFile=No; UsageKind=DirectForeachRangeScan","Fixed","Data/Scripts/Custom/Invasion System/Add Ins/MobileFeatures.cs:521-547","MobileFeatures.DoAirAreaAttack","Replaced direct foreach over mobile.GetMobilesInRange(10) with IPooledEnumerable eable plus try/finally Free while preserving air area target collection.","Passed: targeted MobileFeatures.cs direct range-scan check returned no matches; Server.csproj Debug/x86 build passed with Visual Studio MSBuild; .\ConficturaServer.exe -compileonly -nocache exited 0 and printed no Listening output; generated root executable artifacts restored.","POST-BATCH-D-06A","2026-06-08T17:01:35.0112916-05:00","Confirmed pooled enumerable ownership leak; fixed with try/finally Free and no behavior, serialization, namespace, type, or file-location changes."
"POST-BATCH-D-06A","PHD-032","RB-04720","P10-F04720","P1","Pooled enumerables","Custom:Invasion System","Data/Scripts/Custom/Invasion System/Add Ins/MobileFeatures.cs","502","DirectForeachRangeScan","L502:foreach (Mobile m in mobile.GetMobilesInRange(3)); FreeCallPresentInFile=No; UsageKind=DirectForeachRangeScan","Fixed","Data/Scripts/Custom/Invasion System/Add Ins/MobileFeatures.cs:569-582","MobileFeatures.DoHitsDrainAttack","Replaced direct foreach over mobile.GetMobilesInRange(3) with IPooledEnumerable eable plus try/finally Free while preserving hits-drain behavior.","Passed: targeted MobileFeatures.cs direct range-scan check returned no matches; Server.csproj Debug/x86 build passed with Visual Studio MSBuild; .\ConficturaServer.exe -compileonly -nocache exited 0 and printed no Listening output; generated root executable artifacts restored.","POST-BATCH-D-06A","2026-06-08T17:01:35.0112916-05:00","Confirmed pooled enumerable ownership leak; fixed with try/finally Free and no behavior, serialization, namespace, type, or file-location changes."
"POST-BATCH-D-06A","PHD-033","RB-04721","P10-F04721","P1","Pooled enumerables","Custom:Invasion System","Data/Scripts/Custom/Invasion System/Add Ins/MobileFeatures.cs","513","DirectForeachRangeScan","L513:foreach (Mobile m in mobile.GetMobilesInRange(3)); FreeCallPresentInFile=No; UsageKind=DirectForeachRangeScan","Fixed","Data/Scripts/Custom/Invasion System/Add Ins/MobileFeatures.cs:591-604","MobileFeatures.DoStamDrainAttack","Replaced direct foreach over mobile.GetMobilesInRange(3) with IPooledEnumerable eable plus try/finally Free while preserving stamina-drain behavior.","Passed: targeted MobileFeatures.cs direct range-scan check returned no matches; Server.csproj Debug/x86 build passed with Visual Studio MSBuild; .\ConficturaServer.exe -compileonly -nocache exited 0 and printed no Listening output; generated root executable artifacts restored.","POST-BATCH-D-06A","2026-06-08T17:01:35.0112916-05:00","Confirmed pooled enumerable ownership leak; fixed with try/finally Free and no behavior, serialization, namespace, type, or file-location changes."
"POST-BATCH-D-06A","PHD-034","RB-04722","P10-F04722","P1","Pooled enumerables","Custom:Invasion System","Data/Scripts/Custom/Invasion System/Add Ins/MobileFeatures.cs","524","DirectForeachRangeScan","L524:foreach (Mobile m in mobile.GetMobilesInRange(3)); FreeCallPresentInFile=No; UsageKind=DirectForeachRangeScan","Fixed","Data/Scripts/Custom/Invasion System/Add Ins/MobileFeatures.cs:613-626","MobileFeatures.DoManaDrainAttack","Replaced direct foreach over mobile.GetMobilesInRange(3) with IPooledEnumerable eable plus try/finally Free while preserving mana-drain behavior.","Passed: targeted MobileFeatures.cs direct range-scan check returned no matches; Server.csproj Debug/x86 build passed with Visual Studio MSBuild; .\ConficturaServer.exe -compileonly -nocache exited 0 and printed no Listening output; generated root executable artifacts restored.","POST-BATCH-D-06A","2026-06-08T17:01:35.0112916-05:00","Confirmed pooled enumerable ownership leak; fixed with try/finally Free and no behavior, serialization, namespace, type, or file-location changes."
