"BatchId","ReviewRowId","BacklogId","SourceId","Priority","Category","System","Files","Line","HookKind","OriginalEvidence","Decision","SourceEvidence","Handler","Action","Verification","ReviewedByBatch","ReviewedAt","Notes"
"POST-BATCH-E-01A","PHE-001","RB-01729","P10-F01729","P1","Runtime hooks","Boats","Data/Scripts/Items/Boats/BaseBoat.cs","2881","Event","Event:L2881:EventSink.WorldSave += new WorldSaveEventHandler(EventSink_WorldSave);; guards=AccessGuard;BoundsGuard;DeletedGuard;MapGuard;NullGuard;PacketReadGuard;RangeGuard;StateGuard","ReviewedNoChange","Data/Scripts/Items/Boats/BaseBoat.cs:2905-2914","BaseBoat.Initialize/EventSink_WorldSave","Kept WorldSave registration unchanged; handler only starts deferred component update timer and has no player trust boundary.","Passed: targeted Boats hook/gump guard rg confirmed null/deleted guards and existing event/speech registrations; Visual Studio MSBuild Data/System/Source/Server.csproj Debug/x86 passed; .\ConficturaServer.exe -compileonly -nocache exited 0 and printed no Listening output; generated root executable artifacts restored.","POST-BATCH-E-01A","2026-06-09T08:32:38.4260374-05:00","Duplicate WorldSave evidence with RB-02172; source review found no guard defect requiring source change."
"POST-BATCH-E-01A","PHE-002","RB-01938","P10-F01938","P1","Runtime hooks","Boats","Data/Scripts/Items/Boats/BaseBoat.cs","2030","Speech","Speech:L2030:public override void OnSpeech(SpeechEventArgs e); guards=AccessGuard;BoundsGuard;DeletedGuard;MapGuard;NullGuard;PacketReadGuard;RangeGuard;StateGuard","ReviewedNoChange","Data/Scripts/Items/Boats/BaseBoat.cs:2052-2065; Data/Scripts/Items/Boats/BaseBoat.cs:1586-1630","BaseBoat.OnSpeech","Kept boat speech hook unchanged; speech command path checks decay, command authority, boat containment, and action-specific owner/alive state before mutating boat state.","Passed: targeted Boats hook/gump guard rg confirmed null/deleted guards and existing event/speech registrations; Visual Studio MSBuild Data/System/Source/Server.csproj Debug/x86 passed; .\ConficturaServer.exe -compileonly -nocache exited 0 and printed no Listening output; generated root executable artifacts restored.","POST-BATCH-E-01A","2026-06-09T08:32:38.4260374-05:00","No source change required for the marker-derived speech row."
"POST-BATCH-E-01A","PHE-003","RB-02172","P10-F02172","P1","Runtime hooks","Boats","Data/Scripts/Items/Boats/BaseBoat.cs","2881","WorldSave","WorldSave:L2881:EventSink.WorldSave += new WorldSaveEventHandler(EventSink_WorldSave);; guards=AccessGuard;BoundsGuard;DeletedGuard;MapGuard;NullGuard;PacketReadGuard;RangeGuard;StateGuard","ReviewedNoChange","Data/Scripts/Items/Boats/BaseBoat.cs:2905-2914","BaseBoat.EventSink_WorldSave","Kept WorldSave handler unchanged; it schedules UpdateAllComponents through a timer and does not process user input.","Passed: targeted Boats hook/gump guard rg confirmed null/deleted guards and existing event/speech registrations; Visual Studio MSBuild Data/System/Source/Server.csproj Debug/x86 passed; .\ConficturaServer.exe -compileonly -nocache exited 0 and printed no Listening output; generated root executable artifacts restored.","POST-BATCH-E-01A","2026-06-09T08:32:38.4260374-05:00","Duplicate WorldSave evidence with RB-01729; source review found no guard defect requiring source change."
"POST-BATCH-E-01A","PHE-004","RB-02281","P10-F02281","P1","Runtime hooks","Boats","Data/Scripts/Items/Boats/CarpetBuild.cs","193","Gump","Gump:L193:public override void OnResponse(NetState state, RelayInfo info); guards=AccessGuard;NullGuard;PacketReadGuard;RangeGuard;StateGuard","Fixed","Data/Scripts/Items/Boats/CarpetBuild.cs:202-208","RugGump.OnResponse","Added null/deleted Mobile guard before playing the passive close sound.","Passed: targeted Boats hook/gump guard rg confirmed null/deleted guards and existing event/speech registrations; Visual Studio MSBuild Data/System/Source/Server.csproj Debug/x86 passed; .\ConficturaServer.exe -compileonly -nocache exited 0 and printed no Listening output; generated root executable artifacts restored.","POST-BATCH-E-01A","2026-06-09T08:32:38.4260374-05:00","No serialization, namespace, type, API, or file-location change."
"POST-BATCH-E-01A","PHE-005","RB-02829","P10-F02829","P1","Runtime hooks","Boats","Data/Scripts/Items/Boats/CarpetBuild.cs","82","Gump","Gump:L82:from.SendGump(new RugGump(from, HaveGold, HaveCloth));; guards=AccessGuard;NullGuard;PacketReadGuard;RangeGuard;StateGuard","ReviewedNoChange","Data/Scripts/Items/Boats/CarpetBuild.cs:70-82; Data/Scripts/Items/Boats/CarpetBuild.cs:202-208","CarpetBuild.OnDoubleClick/RugGump.OnResponse","Kept SendGump site unchanged; source review confirmed the response path is passive and now guards stale/null Mobile state.","Passed: targeted Boats hook/gump guard rg confirmed null/deleted guards and existing event/speech registrations; Visual Studio MSBuild Data/System/Source/Server.csproj Debug/x86 passed; .\ConficturaServer.exe -compileonly -nocache exited 0 and printed no Listening output; generated root executable artifacts restored.","POST-BATCH-E-01A","2026-06-09T08:32:38.4260374-05:00","Reviewed with RB-02281 response guard fix."
"POST-BATCH-E-01A","PHE-006","RB-02830","P10-F02830","P1","Runtime hooks","Boats","Data/Scripts/Items/Boats/CarpetBuild.cs","107","Gump","Gump:L107:from.SendGump(new RugGump(from, HaveGold, HaveCloth));; guards=AccessGuard;NullGuard;PacketReadGuard;RangeGuard;StateGuard","ReviewedNoChange","Data/Scripts/Items/Boats/CarpetBuild.cs:111-117; Data/Scripts/Items/Boats/CarpetBuild.cs:202-208","CarpetBuild.OnDoubleClick/RugGump.OnResponse","Kept retry SendGump site unchanged; source review confirmed the response path is passive and now guards stale/null Mobile state.","Passed: targeted Boats hook/gump guard rg confirmed null/deleted guards and existing event/speech registrations; Visual Studio MSBuild Data/System/Source/Server.csproj Debug/x86 passed; .\ConficturaServer.exe -compileonly -nocache exited 0 and printed no Listening output; generated root executable artifacts restored.","POST-BATCH-E-01A","2026-06-09T08:32:38.4260374-05:00","Reviewed with RB-02281 response guard fix."
"POST-BATCH-E-01A","PHE-007","RB-02284","P10-F02284","P1","Runtime hooks","Boats","Data/Scripts/Items/Boats/Gumps/ConfirmDryDockGump.cs","70","Gump","Gump:L70:public override void OnResponse(NetState state, RelayInfo info); guards=BoundsGuard;StateGuard","Fixed","Data/Scripts/Items/Boats/Gumps/ConfirmDryDockGump.cs:70-80; Data/Scripts/Items/Boats/BaseBoat.cs:1735-1765","ConfirmDryDockGump.OnResponse/BaseBoat.EndDryDock","Added stale/null/deleted/mobile-mismatch guards before dry-dock action and moved DockedBoat null check before Hue assignment.","Passed: targeted Boats hook/gump guard rg confirmed null/deleted guards and existing event/speech registrations; Visual Studio MSBuild Data/System/Source/Server.csproj Debug/x86 passed; .\ConficturaServer.exe -compileonly -nocache exited 0 and printed no Listening output; generated root executable artifacts restored.","POST-BATCH-E-01A","2026-06-09T08:32:38.4260374-05:00","Dry-dock action still revalidates key, anchored, contents, map, and boat state in EndDryDock."
"POST-BATCH-E-01A","PHE-008","RB-02282","P10-F02282","P1","Runtime hooks","Boats","Data/Scripts/Items/Boats/PirateBounty.cs","132","Gump","Gump:L132:public override void OnResponse(NetState state, RelayInfo info); guards=AccessGuard;PacketReadGuard;RangeGuard;StateGuard","Fixed","Data/Scripts/Items/Boats/PirateBounty.cs:132-140","BountyGump.OnResponse","Added null/deleted Mobile guard before playing the passive close sound.","Passed: targeted Boats hook/gump guard rg confirmed null/deleted guards and existing event/speech registrations; Visual Studio MSBuild Data/System/Source/Server.csproj Debug/x86 passed; .\ConficturaServer.exe -compileonly -nocache exited 0 and printed no Listening output; generated root executable artifacts restored.","POST-BATCH-E-01A","2026-06-09T08:32:38.4260374-05:00","No serialization, namespace, type, API, or file-location change."
"POST-BATCH-E-01A","PHE-009","RB-02831","P10-F02831","P1","Runtime hooks","Boats","Data/Scripts/Items/Boats/PirateBounty.cs","60","Gump","Gump:L60:from.SendGump(new BountyGump(from, this));; guards=AccessGuard;PacketReadGuard;RangeGuard;StateGuard","ReviewedNoChange","Data/Scripts/Items/Boats/PirateBounty.cs:55-61; Data/Scripts/Items/Boats/PirateBounty.cs:132-140","PirateBounty.OnDoubleClick/BountyGump.OnResponse","Kept SendGump site unchanged; source review confirmed range-gated open path and passive response path now guards stale/null Mobile state.","Passed: targeted Boats hook/gump guard rg confirmed null/deleted guards and existing event/speech registrations; Visual Studio MSBuild Data/System/Source/Server.csproj Debug/x86 passed; .\ConficturaServer.exe -compileonly -nocache exited 0 and printed no Listening output; generated root executable artifacts restored.","POST-BATCH-E-01A","2026-06-09T08:32:38.4260374-05:00","Reviewed with RB-02282 response guard fix."
"POST-BATCH-E-01A","PHE-010","RB-02283","P10-F02283","P1","Runtime hooks","Boats","Data/Scripts/Items/Boats/RenameBoatPrompt.cs","16","Gump","Gump:L16:public override void OnResponse(Mobile from, string text); guards=StateGuard","Fixed","Data/Scripts/Items/Boats/RenameBoatPrompt.cs:16-26; Data/Scripts/Items/Boats/BaseBoat.cs:1605-1630","RenameBoatPrompt.OnResponse/BaseBoat.EndRename","Added null/deleted Mobile and boat guards plus null text normalization before delegating to EndRename.","Passed: targeted Boats hook/gump guard rg confirmed null/deleted guards and existing event/speech registrations; Visual Studio MSBuild Data/System/Source/Server.csproj Debug/x86 passed; .\ConficturaServer.exe -compileonly -nocache exited 0 and printed no Listening output; generated root executable artifacts restored.","POST-BATCH-E-01A","2026-06-09T08:32:38.4260374-05:00","EndRename keeps owner/alive checks and existing rename behavior."
"POST-BATCH-E-01A","PHE-011","RB-01730","P10-F01730","P1","Runtime hooks","Boats","Data/Scripts/Items/Boats/Strandedness.cs","105","Event","Event:L105:EventSink.Login += new LoginEventHandler(EventSink_Login);; guards=BoundsGuard;MapGuard;NullGuard;RangeGuard;StateGuard","ReviewedNoChange","Data/Scripts/Items/Boats/Strandedness.cs:103-147; Data/Scripts/Items/Boats/Strandedness.cs:150-227","Strandedness.EventSink_Login","Kept login strandedness hook unchanged; source review confirmed login Mobile path checks map before teleport calculation and only relocates when a spawnable point is found.","Passed: targeted Boats hook/gump guard rg confirmed null/deleted guards and existing event/speech registrations; Visual Studio MSBuild Data/System/Source/Server.csproj Debug/x86 passed; .\ConficturaServer.exe -compileonly -nocache exited 0 and printed no Listening output; generated root executable artifacts restored.","POST-BATCH-E-01A","2026-06-09T08:32:38.4260374-05:00","No source change required for the marker-derived login row."
"POST-BATCH-E-01A","PHE-012","RB-03325","P10-F03325","P1","Gump guards","Boats","Data/Scripts/Items/Boats/CarpetBuild.cs","193","L193","L193:public override void OnResponse(NetState state, RelayInfo info); guards=AccessGuard;NullGuard;PacketReadGuard;RangeGuard;StateGuard; review=bounds/button review","Fixed","Data/Scripts/Items/Boats/CarpetBuild.cs:202-208","RugGump.OnResponse","Added null/deleted Mobile guard before playing the passive close sound.","Passed: targeted Boats hook/gump guard rg confirmed null/deleted guards and existing event/speech registrations; Visual Studio MSBuild Data/System/Source/Server.csproj Debug/x86 passed; .\ConficturaServer.exe -compileonly -nocache exited 0 and printed no Listening output; generated root executable artifacts restored.","POST-BATCH-E-01A","2026-06-09T08:32:38.4260374-05:00","Duplicate gump-guard row for RB-02281 response path."
"POST-BATCH-E-01A","PHE-013","RB-03784","P10-F03784","P1","Gump guards","Boats","Data/Scripts/Items/Boats/CarpetBuild.cs","82","L82","L82:from.SendGump(new RugGump(from, HaveGold, HaveCloth));; guards=AccessGuard;NullGuard;PacketReadGuard;RangeGuard;StateGuard; review=bounds/button review","ReviewedNoChange","Data/Scripts/Items/Boats/CarpetBuild.cs:70-82; Data/Scripts/Items/Boats/CarpetBuild.cs:202-208","CarpetBuild.OnDoubleClick/RugGump.OnResponse","Kept SendGump site unchanged; source review confirmed passive response path now guards stale/null Mobile state.","Passed: targeted Boats hook/gump guard rg confirmed null/deleted guards and existing event/speech registrations; Visual Studio MSBuild Data/System/Source/Server.csproj Debug/x86 passed; .\ConficturaServer.exe -compileonly -nocache exited 0 and printed no Listening output; generated root executable artifacts restored.","POST-BATCH-E-01A","2026-06-09T08:32:38.4260374-05:00","Reviewed with RB-02281 response guard fix."
"POST-BATCH-E-01A","PHE-014","RB-03785","P10-F03785","P1","Gump guards","Boats","Data/Scripts/Items/Boats/CarpetBuild.cs","107","L107","L107:from.SendGump(new RugGump(from, HaveGold, HaveCloth));; guards=AccessGuard;NullGuard;PacketReadGuard;RangeGuard;StateGuard; review=bounds/button review","ReviewedNoChange","Data/Scripts/Items/Boats/CarpetBuild.cs:111-117; Data/Scripts/Items/Boats/CarpetBuild.cs:202-208","CarpetBuild.OnDoubleClick/RugGump.OnResponse","Kept retry SendGump site unchanged; source review confirmed passive response path now guards stale/null Mobile state.","Passed: targeted Boats hook/gump guard rg confirmed null/deleted guards and existing event/speech registrations; Visual Studio MSBuild Data/System/Source/Server.csproj Debug/x86 passed; .\ConficturaServer.exe -compileonly -nocache exited 0 and printed no Listening output; generated root executable artifacts restored.","POST-BATCH-E-01A","2026-06-09T08:32:38.4260374-05:00","Reviewed with RB-02281 response guard fix."
"POST-BATCH-E-01A","PHE-015","RB-03328","P10-F03328","P1","Gump guards","Boats","Data/Scripts/Items/Boats/Gumps/ConfirmDryDockGump.cs","70","L70","L70:public override void OnResponse(NetState state, RelayInfo info); guards=BoundsGuard;StateGuard; review=high-risk gump response path","Fixed","Data/Scripts/Items/Boats/Gumps/ConfirmDryDockGump.cs:70-80; Data/Scripts/Items/Boats/BaseBoat.cs:1735-1765","ConfirmDryDockGump.OnResponse/BaseBoat.EndDryDock","Added stale/null/deleted/mobile-mismatch guards before dry-dock action and moved DockedBoat null check before Hue assignment.","Passed: targeted Boats hook/gump guard rg confirmed null/deleted guards and existing event/speech registrations; Visual Studio MSBuild Data/System/Source/Server.csproj Debug/x86 passed; .\ConficturaServer.exe -compileonly -nocache exited 0 and printed no Listening output; generated root executable artifacts restored.","POST-BATCH-E-01A","2026-06-09T08:32:38.4260374-05:00","Duplicate gump-guard row for RB-02284 response path."
"POST-BATCH-E-01A","PHE-016","RB-03326","P10-F03326","P1","Gump guards","Boats","Data/Scripts/Items/Boats/PirateBounty.cs","132","L132","L132:public override void OnResponse(NetState state, RelayInfo info); guards=AccessGuard;PacketReadGuard;RangeGuard;StateGuard; review=bounds/button review","Fixed","Data/Scripts/Items/Boats/PirateBounty.cs:132-140","BountyGump.OnResponse","Added null/deleted Mobile guard before playing the passive close sound.","Passed: targeted Boats hook/gump guard rg confirmed null/deleted guards and existing event/speech registrations; Visual Studio MSBuild Data/System/Source/Server.csproj Debug/x86 passed; .\ConficturaServer.exe -compileonly -nocache exited 0 and printed no Listening output; generated root executable artifacts restored.","POST-BATCH-E-01A","2026-06-09T08:32:38.4260374-05:00","Duplicate gump-guard row for RB-02282 response path."
"POST-BATCH-E-01A","PHE-017","RB-03786","P10-F03786","P1","Gump guards","Boats","Data/Scripts/Items/Boats/PirateBounty.cs","60","L60","L60:from.SendGump(new BountyGump(from, this));; guards=AccessGuard;PacketReadGuard;RangeGuard;StateGuard; review=bounds/button review","ReviewedNoChange","Data/Scripts/Items/Boats/PirateBounty.cs:55-61; Data/Scripts/Items/Boats/PirateBounty.cs:132-140","PirateBounty.OnDoubleClick/BountyGump.OnResponse","Kept SendGump site unchanged; source review confirmed range-gated open path and passive response path now guards stale/null Mobile state.","Passed: targeted Boats hook/gump guard rg confirmed null/deleted guards and existing event/speech registrations; Visual Studio MSBuild Data/System/Source/Server.csproj Debug/x86 passed; .\ConficturaServer.exe -compileonly -nocache exited 0 and printed no Listening output; generated root executable artifacts restored.","POST-BATCH-E-01A","2026-06-09T08:32:38.4260374-05:00","Reviewed with RB-02282 response guard fix."
"POST-BATCH-E-01A","PHE-018","RB-03327","P10-F03327","P1","Gump guards","Boats","Data/Scripts/Items/Boats/RenameBoatPrompt.cs","16","L16","L16:public override void OnResponse(Mobile from, string text); guards=StateGuard; review=bounds/button review","Fixed","Data/Scripts/Items/Boats/RenameBoatPrompt.cs:16-26; Data/Scripts/Items/Boats/BaseBoat.cs:1605-1630","RenameBoatPrompt.OnResponse/BaseBoat.EndRename","Added null/deleted Mobile and boat guards plus null text normalization before delegating to EndRename.","Passed: targeted Boats hook/gump guard rg confirmed null/deleted guards and existing event/speech registrations; Visual Studio MSBuild Data/System/Source/Server.csproj Debug/x86 passed; .\ConficturaServer.exe -compileonly -nocache exited 0 and printed no Listening output; generated root executable artifacts restored.","POST-BATCH-E-01A","2026-06-09T08:32:38.4260374-05:00","Duplicate gump-guard row for RB-02283 prompt response path."
"POST-BATCH-E-02A","PHE-019","RB-01894","P10-F01894","P1","Runtime hooks","Bulk Orders","Data/Scripts/Custom/AnimalSystem/ShapeShiftStones/DragonShapeChangeStone-body.cs","73","Speech","Speech:L73:public override void OnSpeech(SpeechEventArgs e); guards=AccessGuard;BoundsGuard;PacketReadGuard;StateGuard","Fixed","Data/Scripts/Custom/AnimalSystem/ShapeShiftStones/DragonShapeChangeStone-body.cs:73-109","DragonShapeShiftStone.OnSpeech","Added Mobile null/deleted and Backpack null guards before speech keyword handling, then reused the guarded Mobile for transform/untransform actions.","Passed: targeted DragonShapeChangeStone-body guard rg confirmed speech/gump/context-menu null and stale-state guards; Visual Studio MSBuild Data/System/Source/Server.csproj Debug/x86 passed; .\ConficturaServer.exe -compileonly -nocache exited 0 and printed no Listening output; generated root executable artifacts restored.","POST-BATCH-E-02A","2026-06-09T08:38:52.6232757-05:00","No serialization, namespace, type, API, or file-location change."
"POST-BATCH-E-02A","PHE-020","RB-01895","P10-F01895","P1","Runtime hooks","Bulk Orders","Data/Scripts/Custom/AnimalSystem/ShapeShiftStones/DragonShapeChangeStone-body.cs","101","Speech","Speech:L101:base.OnSpeech(e);; guards=AccessGuard;BoundsGuard;PacketReadGuard;StateGuard","Fixed","Data/Scripts/Custom/AnimalSystem/ShapeShiftStones/DragonShapeChangeStone-body.cs:73-109","DragonShapeShiftStone.OnSpeech/base.OnSpeech","Kept base.OnSpeech delegation while adding early stale Mobile/Backpack guards before local speech handling.","Passed: targeted DragonShapeChangeStone-body guard rg confirmed speech/gump/context-menu null and stale-state guards; Visual Studio MSBuild Data/System/Source/Server.csproj Debug/x86 passed; .\ConficturaServer.exe -compileonly -nocache exited 0 and printed no Listening output; generated root executable artifacts restored.","POST-BATCH-E-02A","2026-06-09T08:38:52.6232757-05:00","Duplicate speech marker row covered by the same source guard fix."
"POST-BATCH-E-02A","PHE-021","RB-02208","P10-F02208","P1","Runtime hooks","Bulk Orders","Data/Scripts/Custom/AnimalSystem/ShapeShiftStones/DragonShapeChangeStone-body.cs","182","Gump","Gump:L182:public override void OnResponse(NetState sender, RelayInfo info); guards=AccessGuard;BoundsGuard;PacketReadGuard;StateGuard","Fixed","Data/Scripts/Custom/AnimalSystem/ShapeShiftStones/DragonShapeChangeStone-body.cs:196-211","BodyValueGump.OnResponse","Added NetState, Mobile, deleted, stale user, and deleted stone guards before accepting body-value button responses.","Passed: targeted DragonShapeChangeStone-body guard rg confirmed speech/gump/context-menu null and stale-state guards; Visual Studio MSBuild Data/System/Source/Server.csproj Debug/x86 passed; .\ConficturaServer.exe -compileonly -nocache exited 0 and printed no Listening output; generated root executable artifacts restored.","POST-BATCH-E-02A","2026-06-09T08:38:52.6232757-05:00","No behavior change for valid current gump users."
"POST-BATCH-E-02A","PHE-022","RB-02544","P10-F02544","P1","Runtime hooks","Bulk Orders","Data/Scripts/Custom/AnimalSystem/ShapeShiftStones/DragonShapeChangeStone-body.cs","222","Gump","Gump:L222:m_From.SendGump(new BodyValueGump(WSS, m_From));; guards=AccessGuard;BoundsGuard;PacketReadGuard;StateGuard","Fixed","Data/Scripts/Custom/AnimalSystem/ShapeShiftStones/DragonShapeChangeStone-body.cs:240-245","ChangeBodyValue.OnClick","Added stored Mobile and stone null/deleted guards before sending BodyValueGump from the context-menu action.","Passed: targeted DragonShapeChangeStone-body guard rg confirmed speech/gump/context-menu null and stale-state guards; Visual Studio MSBuild Data/System/Source/Server.csproj Debug/x86 passed; .\ConficturaServer.exe -compileonly -nocache exited 0 and printed no Listening output; generated root executable artifacts restored.","POST-BATCH-E-02A","2026-06-09T08:38:52.6232757-05:00","No behavior change for valid context-menu users."
"POST-BATCH-E-02A","PHE-023","RB-03252","P10-F03252","P1","Gump guards","Bulk Orders","Data/Scripts/Custom/AnimalSystem/ShapeShiftStones/DragonShapeChangeStone-body.cs","182","L182","L182:public override void OnResponse(NetState sender, RelayInfo info); guards=AccessGuard;BoundsGuard;PacketReadGuard;StateGuard; review=high-risk gump response path","Fixed","Data/Scripts/Custom/AnimalSystem/ShapeShiftStones/DragonShapeChangeStone-body.cs:196-211","BodyValueGump.OnResponse","Added NetState, Mobile, deleted, stale user, and deleted stone guards before accepting body-value button responses.","Passed: targeted DragonShapeChangeStone-body guard rg confirmed speech/gump/context-menu null and stale-state guards; Visual Studio MSBuild Data/System/Source/Server.csproj Debug/x86 passed; .\ConficturaServer.exe -compileonly -nocache exited 0 and printed no Listening output; generated root executable artifacts restored.","POST-BATCH-E-02A","2026-06-09T08:38:52.6232757-05:00","Duplicate gump-guard row for RB-02208 response path."
"POST-BATCH-E-02A","PHE-024","RB-03499","P10-F03499","P1","Gump guards","Bulk Orders","Data/Scripts/Custom/AnimalSystem/ShapeShiftStones/DragonShapeChangeStone-body.cs","222","L222","L222:m_From.SendGump(new BodyValueGump(WSS, m_From));; guards=AccessGuard;BoundsGuard;PacketReadGuard;StateGuard; review=high-risk gump response path","Fixed","Data/Scripts/Custom/AnimalSystem/ShapeShiftStones/DragonShapeChangeStone-body.cs:240-245","ChangeBodyValue.OnClick","Added stored Mobile and stone null/deleted guards before sending BodyValueGump from the context-menu action.","Passed: targeted DragonShapeChangeStone-body guard rg confirmed speech/gump/context-menu null and stale-state guards; Visual Studio MSBuild Data/System/Source/Server.csproj Debug/x86 passed; .\ConficturaServer.exe -compileonly -nocache exited 0 and printed no Listening output; generated root executable artifacts restored.","POST-BATCH-E-02A","2026-06-09T08:38:52.6232757-05:00","Duplicate gump-send guard row for RB-02544 context-menu path."
"POST-BATCH-E-02B","PHE-025","RB-02441","P10-F02441","P1","Runtime hooks","Bulk Orders","Data/Scripts/Trades/Bulk Orders/Books/Gumps/BOBFilterGump.cs","122","Gump","Gump:L122:public override void OnResponse(Server.Network.NetState sender, RelayInfo info); guards=BoundsGuard;StateGuard","Fixed","Data/Scripts/Trades/Bulk Orders/Books/Gumps/BOBFilterGump.cs:122-200","BOBFilterGump.OnResponse","Added NetState, PlayerMobile, stale responder, deleted book, and null filter guards before processing filter buttons.","Passed: targeted BOBFilterGump guard rg confirmed NetState/Mobile/book/filter guards before filter mutation and SendGump branches; Visual Studio MSBuild Data/System/Source/Server.csproj Debug/x86 passed; .\ConficturaServer.exe -compileonly -nocache exited 0 and printed no Listening output; generated root executable artifacts restored.","POST-BATCH-E-02B","2026-06-09T08:42:56.6789808-05:00","Covers the high-risk response entry point before any filter mutation or gump resend."
"POST-BATCH-E-02B","PHE-026","RB-03214","P10-F03214","P1","Runtime hooks","Bulk Orders","Data/Scripts/Trades/Bulk Orders/Books/Gumps/BOBFilterGump.cs","132","Gump","Gump:L132:m_From.SendGump(new BOBGump(m_From, m_Book));; guards=BoundsGuard;StateGuard","Fixed","Data/Scripts/Trades/Bulk Orders/Books/Gumps/BOBFilterGump.cs:122-200","BOBFilterGump.OnResponse Apply branch","Guarded stale responder/book/filter state before returning to BOBGump from the Apply branch.","Passed: targeted BOBFilterGump guard rg confirmed NetState/Mobile/book/filter guards before filter mutation and SendGump branches; Visual Studio MSBuild Data/System/Source/Server.csproj Debug/x86 passed; .\ConficturaServer.exe -compileonly -nocache exited 0 and printed no Listening output; generated root executable artifacts restored.","POST-BATCH-E-02B","2026-06-09T08:42:56.6789808-05:00","Companion SendGump marker covered by the response-entry guard."
"POST-BATCH-E-02B","PHE-027","RB-03215","P10-F03215","P1","Runtime hooks","Bulk Orders","Data/Scripts/Trades/Bulk Orders/Books/Gumps/BOBFilterGump.cs","139","Gump","Gump:L139:m_From.SendGump(new BOBFilterGump(m_From, m_Book));; guards=BoundsGuard;StateGuard","Fixed","Data/Scripts/Trades/Bulk Orders/Books/Gumps/BOBFilterGump.cs:122-200","BOBFilterGump.OnResponse Set Book Filter branch","Guarded stale responder/book/filter state before toggling to the book filter and resending BOBFilterGump.","Passed: targeted BOBFilterGump guard rg confirmed NetState/Mobile/book/filter guards before filter mutation and SendGump branches; Visual Studio MSBuild Data/System/Source/Server.csproj Debug/x86 passed; .\ConficturaServer.exe -compileonly -nocache exited 0 and printed no Listening output; generated root executable artifacts restored.","POST-BATCH-E-02B","2026-06-09T08:42:56.6789808-05:00","Companion SendGump marker covered by the response-entry guard."
"POST-BATCH-E-02B","PHE-028","RB-03216","P10-F03216","P1","Runtime hooks","Bulk Orders","Data/Scripts/Trades/Bulk Orders/Books/Gumps/BOBFilterGump.cs","146","Gump","Gump:L146:m_From.SendGump(new BOBFilterGump(m_From, m_Book));; guards=BoundsGuard;StateGuard","Fixed","Data/Scripts/Trades/Bulk Orders/Books/Gumps/BOBFilterGump.cs:122-200","BOBFilterGump.OnResponse Set Your Filter branch","Guarded stale responder/book/filter state before toggling to the player filter and resending BOBFilterGump.","Passed: targeted BOBFilterGump guard rg confirmed NetState/Mobile/book/filter guards before filter mutation and SendGump branches; Visual Studio MSBuild Data/System/Source/Server.csproj Debug/x86 passed; .\ConficturaServer.exe -compileonly -nocache exited 0 and printed no Listening output; generated root executable artifacts restored.","POST-BATCH-E-02B","2026-06-09T08:42:56.6789808-05:00","Companion SendGump marker covered by the response-entry guard."
"POST-BATCH-E-02B","PHE-029","RB-03217","P10-F03217","P1","Runtime hooks","Bulk Orders","Data/Scripts/Trades/Bulk Orders/Books/Gumps/BOBFilterGump.cs","153","Gump","Gump:L153:m_From.SendGump(new BOBFilterGump(m_From, m_Book));; guards=BoundsGuard;StateGuard","Fixed","Data/Scripts/Trades/Bulk Orders/Books/Gumps/BOBFilterGump.cs:122-200","BOBFilterGump.OnResponse Clear Filter branch","Guarded stale responder/book/filter state before clearing the active filter and resending BOBFilterGump.","Passed: targeted BOBFilterGump guard rg confirmed NetState/Mobile/book/filter guards before filter mutation and SendGump branches; Visual Studio MSBuild Data/System/Source/Server.csproj Debug/x86 passed; .\ConficturaServer.exe -compileonly -nocache exited 0 and printed no Listening output; generated root executable artifacts restored.","POST-BATCH-E-02B","2026-06-09T08:42:56.6789808-05:00","Companion SendGump marker covered by the response-entry guard."
"POST-BATCH-E-02B","PHE-030","RB-03218","P10-F03218","P1","Runtime hooks","Bulk Orders","Data/Scripts/Trades/Bulk Orders/Books/Gumps/BOBFilterGump.cs","189","Gump","Gump:L189:m_From.SendGump(new BOBFilterGump(m_From, m_Book));; guards=BoundsGuard;StateGuard","Fixed","Data/Scripts/Trades/Bulk Orders/Books/Gumps/BOBFilterGump.cs:122-200","BOBFilterGump.OnResponse filter selection branch","Guarded stale responder/book/filter state before applying indexed filter selections and resending BOBFilterGump.","Passed: targeted BOBFilterGump guard rg confirmed NetState/Mobile/book/filter guards before filter mutation and SendGump branches; Visual Studio MSBuild Data/System/Source/Server.csproj Debug/x86 passed; .\ConficturaServer.exe -compileonly -nocache exited 0 and printed no Listening output; generated root executable artifacts restored.","POST-BATCH-E-02B","2026-06-09T08:42:56.6789808-05:00","Companion SendGump marker covered by the response-entry guard."
"POST-BATCH-E-02B","PHE-031","RB-03485","P10-F03485","P1","Gump guards","Bulk Orders","Data/Scripts/Trades/Bulk Orders/Books/Gumps/BOBFilterGump.cs","122","L122","L122:public override void OnResponse(Server.Network.NetState sender, RelayInfo info); guards=BoundsGuard;StateGuard; review=high-risk gump response path","Fixed","Data/Scripts/Trades/Bulk Orders/Books/Gumps/BOBFilterGump.cs:122-200","BOBFilterGump.OnResponse","Added NetState, PlayerMobile, stale responder, deleted book, and null filter guards before processing filter buttons.","Passed: targeted BOBFilterGump guard rg confirmed NetState/Mobile/book/filter guards before filter mutation and SendGump branches; Visual Studio MSBuild Data/System/Source/Server.csproj Debug/x86 passed; .\ConficturaServer.exe -compileonly -nocache exited 0 and printed no Listening output; generated root executable artifacts restored.","POST-BATCH-E-02B","2026-06-09T08:42:56.6789808-05:00","Duplicate gump-guard row for RB-02441 response path."
"POST-BATCH-E-02B","PHE-032","RB-04169","P10-F04169","P1","Gump guards","Bulk Orders","Data/Scripts/Trades/Bulk Orders/Books/Gumps/BOBFilterGump.cs","132","L132","L132:m_From.SendGump(new BOBGump(m_From, m_Book));; guards=BoundsGuard;StateGuard; review=high-risk gump response path","Fixed","Data/Scripts/Trades/Bulk Orders/Books/Gumps/BOBFilterGump.cs:122-200","BOBFilterGump.OnResponse Apply branch","Guarded stale responder/book/filter state before returning to BOBGump from the Apply branch.","Passed: targeted BOBFilterGump guard rg confirmed NetState/Mobile/book/filter guards before filter mutation and SendGump branches; Visual Studio MSBuild Data/System/Source/Server.csproj Debug/x86 passed; .\ConficturaServer.exe -compileonly -nocache exited 0 and printed no Listening output; generated root executable artifacts restored.","POST-BATCH-E-02B","2026-06-09T08:42:56.6789808-05:00","Duplicate gump-send row for RB-03214."
"POST-BATCH-E-02B","PHE-033","RB-04170","P10-F04170","P1","Gump guards","Bulk Orders","Data/Scripts/Trades/Bulk Orders/Books/Gumps/BOBFilterGump.cs","139","L139","L139:m_From.SendGump(new BOBFilterGump(m_From, m_Book));; guards=BoundsGuard;StateGuard; review=high-risk gump response path","Fixed","Data/Scripts/Trades/Bulk Orders/Books/Gumps/BOBFilterGump.cs:122-200","BOBFilterGump.OnResponse Set Book Filter branch","Guarded stale responder/book/filter state before toggling to the book filter and resending BOBFilterGump.","Passed: targeted BOBFilterGump guard rg confirmed NetState/Mobile/book/filter guards before filter mutation and SendGump branches; Visual Studio MSBuild Data/System/Source/Server.csproj Debug/x86 passed; .\ConficturaServer.exe -compileonly -nocache exited 0 and printed no Listening output; generated root executable artifacts restored.","POST-BATCH-E-02B","2026-06-09T08:42:56.6789808-05:00","Duplicate gump-send row for RB-03215."
"POST-BATCH-E-02B","PHE-034","RB-04171","P10-F04171","P1","Gump guards","Bulk Orders","Data/Scripts/Trades/Bulk Orders/Books/Gumps/BOBFilterGump.cs","146","L146","L146:m_From.SendGump(new BOBFilterGump(m_From, m_Book));; guards=BoundsGuard;StateGuard; review=high-risk gump response path","Fixed","Data/Scripts/Trades/Bulk Orders/Books/Gumps/BOBFilterGump.cs:122-200","BOBFilterGump.OnResponse Set Your Filter branch","Guarded stale responder/book/filter state before toggling to the player filter and resending BOBFilterGump.","Passed: targeted BOBFilterGump guard rg confirmed NetState/Mobile/book/filter guards before filter mutation and SendGump branches; Visual Studio MSBuild Data/System/Source/Server.csproj Debug/x86 passed; .\ConficturaServer.exe -compileonly -nocache exited 0 and printed no Listening output; generated root executable artifacts restored.","POST-BATCH-E-02B","2026-06-09T08:42:56.6789808-05:00","Duplicate gump-send row for RB-03216."
"POST-BATCH-E-02B","PHE-035","RB-04172","P10-F04172","P1","Gump guards","Bulk Orders","Data/Scripts/Trades/Bulk Orders/Books/Gumps/BOBFilterGump.cs","153","L153","L153:m_From.SendGump(new BOBFilterGump(m_From, m_Book));; guards=BoundsGuard;StateGuard; review=high-risk gump response path","Fixed","Data/Scripts/Trades/Bulk Orders/Books/Gumps/BOBFilterGump.cs:122-200","BOBFilterGump.OnResponse Clear Filter branch","Guarded stale responder/book/filter state before clearing the active filter and resending BOBFilterGump.","Passed: targeted BOBFilterGump guard rg confirmed NetState/Mobile/book/filter guards before filter mutation and SendGump branches; Visual Studio MSBuild Data/System/Source/Server.csproj Debug/x86 passed; .\ConficturaServer.exe -compileonly -nocache exited 0 and printed no Listening output; generated root executable artifacts restored.","POST-BATCH-E-02B","2026-06-09T08:42:56.6789808-05:00","Duplicate gump-send row for RB-03217."
"POST-BATCH-E-02B","PHE-036","RB-04173","P10-F04173","P1","Gump guards","Bulk Orders","Data/Scripts/Trades/Bulk Orders/Books/Gumps/BOBFilterGump.cs","189","L189","L189:m_From.SendGump(new BOBFilterGump(m_From, m_Book));; guards=BoundsGuard;StateGuard; review=high-risk gump response path","Fixed","Data/Scripts/Trades/Bulk Orders/Books/Gumps/BOBFilterGump.cs:122-200","BOBFilterGump.OnResponse filter selection branch","Guarded stale responder/book/filter state before applying indexed filter selections and resending BOBFilterGump.","Passed: targeted BOBFilterGump guard rg confirmed NetState/Mobile/book/filter guards before filter mutation and SendGump branches; Visual Studio MSBuild Data/System/Source/Server.csproj Debug/x86 passed; .\ConficturaServer.exe -compileonly -nocache exited 0 and printed no Listening output; generated root executable artifacts restored.","POST-BATCH-E-02B","2026-06-09T08:42:56.6789808-05:00","Duplicate gump-send row for RB-03218."
"POST-BATCH-E-02C","PHE-037","RB-02442","P10-F02442","P1","Runtime hooks","Bulk Orders","Data/Scripts/Trades/Bulk Orders/Gumps/LargeBODAcceptGump.cs","113","Gump","Gump:L113:public override void OnResponse(NetState sender, RelayInfo info); guards=BoundsGuard;StateGuard","Fixed","Data/Scripts/Trades/Bulk Orders/Gumps/LargeBODAcceptGump.cs:113-160","LargeBODAcceptGump.OnResponse","Added NetState, Mobile, stale responder, and deleted large deed guards before accepting or deleting the offered large BOD.","Passed: targeted large/small BOD gump guard rg confirmed NetState/Mobile/stale responder/deed/backpack guards before accept, cancel, combine, and SendGump branches; Visual Studio MSBuild Data/System/Source/Server.csproj Debug/x86 passed; .\ConficturaServer.exe -compileonly -nocache exited 0 and printed no Listening output; generated root executable artifacts restored.","POST-BATCH-E-02C","2026-06-09T08:47:50.0228329-05:00","No behavior change for valid current gump users."
"POST-BATCH-E-02C","PHE-038","RB-03486","P10-F03486","P1","Gump guards","Bulk Orders","Data/Scripts/Trades/Bulk Orders/Gumps/LargeBODAcceptGump.cs","113","L113","L113:public override void OnResponse(NetState sender, RelayInfo info); guards=BoundsGuard;StateGuard; review=high-risk gump response path","Fixed","Data/Scripts/Trades/Bulk Orders/Gumps/LargeBODAcceptGump.cs:113-160","LargeBODAcceptGump.OnResponse","Added NetState, Mobile, stale responder, and deleted large deed guards before accepting or deleting the offered large BOD.","Passed: targeted large/small BOD gump guard rg confirmed NetState/Mobile/stale responder/deed/backpack guards before accept, cancel, combine, and SendGump branches; Visual Studio MSBuild Data/System/Source/Server.csproj Debug/x86 passed; .\ConficturaServer.exe -compileonly -nocache exited 0 and printed no Listening output; generated root executable artifacts restored.","POST-BATCH-E-02C","2026-06-09T08:47:50.0228329-05:00","Duplicate gump-guard row for RB-02442 response path."
"POST-BATCH-E-02C","PHE-039","RB-02443","P10-F02443","P1","Runtime hooks","Bulk Orders","Data/Scripts/Trades/Bulk Orders/Gumps/LargeBODGump.cs","106","Gump","Gump:L106:public override void OnResponse(NetState sender, RelayInfo info); guards=BoundsGuard;DeletedGuard;StateGuard","Fixed","Data/Scripts/Trades/Bulk Orders/Gumps/LargeBODGump.cs:106-128","LargeBODGump.OnResponse","Added NetState, Mobile, stale responder, deleted deed, backpack, and child-of-backpack guards before combine handling.","Passed: targeted large/small BOD gump guard rg confirmed NetState/Mobile/stale responder/deed/backpack guards before accept, cancel, combine, and SendGump branches; Visual Studio MSBuild Data/System/Source/Server.csproj Debug/x86 passed; .\ConficturaServer.exe -compileonly -nocache exited 0 and printed no Listening output; generated root executable artifacts restored.","POST-BATCH-E-02C","2026-06-09T08:47:50.0228329-05:00","No behavior change for valid current gump users."
"POST-BATCH-E-02C","PHE-040","RB-03219","P10-F03219","P1","Runtime hooks","Bulk Orders","Data/Scripts/Trades/Bulk Orders/Gumps/LargeBODGump.cs","113","Gump","Gump:L113:m_From.SendGump(new LargeBODGump(m_From, m_Deed));; guards=BoundsGuard;DeletedGuard;StateGuard","Fixed","Data/Scripts/Trades/Bulk Orders/Gumps/LargeBODGump.cs:106-128","LargeBODGump.OnResponse combine branch","Guarded stale responder/deed/backpack state before resending LargeBODGump and starting combine.","Passed: targeted large/small BOD gump guard rg confirmed NetState/Mobile/stale responder/deed/backpack guards before accept, cancel, combine, and SendGump branches; Visual Studio MSBuild Data/System/Source/Server.csproj Debug/x86 passed; .\ConficturaServer.exe -compileonly -nocache exited 0 and printed no Listening output; generated root executable artifacts restored.","POST-BATCH-E-02C","2026-06-09T08:47:50.0228329-05:00","Companion SendGump marker covered by the response-entry guard."
"POST-BATCH-E-02C","PHE-041","RB-03487","P10-F03487","P1","Gump guards","Bulk Orders","Data/Scripts/Trades/Bulk Orders/Gumps/LargeBODGump.cs","106","L106","L106:public override void OnResponse(NetState sender, RelayInfo info); guards=BoundsGuard;DeletedGuard;StateGuard; review=high-risk gump response path","Fixed","Data/Scripts/Trades/Bulk Orders/Gumps/LargeBODGump.cs:106-128","LargeBODGump.OnResponse","Added NetState, Mobile, stale responder, deleted deed, backpack, and child-of-backpack guards before combine handling.","Passed: targeted large/small BOD gump guard rg confirmed NetState/Mobile/stale responder/deed/backpack guards before accept, cancel, combine, and SendGump branches; Visual Studio MSBuild Data/System/Source/Server.csproj Debug/x86 passed; .\ConficturaServer.exe -compileonly -nocache exited 0 and printed no Listening output; generated root executable artifacts restored.","POST-BATCH-E-02C","2026-06-09T08:47:50.0228329-05:00","Duplicate gump-guard row for RB-02443 response path."
"POST-BATCH-E-02C","PHE-042","RB-04174","P10-F04174","P1","Gump guards","Bulk Orders","Data/Scripts/Trades/Bulk Orders/Gumps/LargeBODGump.cs","113","L113","L113:m_From.SendGump(new LargeBODGump(m_From, m_Deed));; guards=BoundsGuard;DeletedGuard;StateGuard; review=high-risk gump response path","Fixed","Data/Scripts/Trades/Bulk Orders/Gumps/LargeBODGump.cs:106-128","LargeBODGump.OnResponse combine branch","Guarded stale responder/deed/backpack state before resending LargeBODGump and starting combine.","Passed: targeted large/small BOD gump guard rg confirmed NetState/Mobile/stale responder/deed/backpack guards before accept, cancel, combine, and SendGump branches; Visual Studio MSBuild Data/System/Source/Server.csproj Debug/x86 passed; .\ConficturaServer.exe -compileonly -nocache exited 0 and printed no Listening output; generated root executable artifacts restored.","POST-BATCH-E-02C","2026-06-09T08:47:50.0228329-05:00","Duplicate gump-send row for RB-03219."
"POST-BATCH-E-02C","PHE-043","RB-02444","P10-F02444","P1","Runtime hooks","Bulk Orders","Data/Scripts/Trades/Bulk Orders/Gumps/SmallBODAcceptGump.cs","73","Gump","Gump:L73:public override void OnResponse(NetState sender, RelayInfo info); guards=BoundsGuard;StateGuard","Fixed","Data/Scripts/Trades/Bulk Orders/Gumps/SmallBODAcceptGump.cs:73-99","SmallBODAcceptGump.OnResponse","Added NetState, Mobile, stale responder, and deleted small deed guards before accepting or deleting the offered small BOD.","Passed: targeted large/small BOD gump guard rg confirmed NetState/Mobile/stale responder/deed/backpack guards before accept, cancel, combine, and SendGump branches; Visual Studio MSBuild Data/System/Source/Server.csproj Debug/x86 passed; .\ConficturaServer.exe -compileonly -nocache exited 0 and printed no Listening output; generated root executable artifacts restored.","POST-BATCH-E-02C","2026-06-09T08:47:50.0228329-05:00","No behavior change for valid current gump users."
"POST-BATCH-E-02C","PHE-044","RB-03488","P10-F03488","P1","Gump guards","Bulk Orders","Data/Scripts/Trades/Bulk Orders/Gumps/SmallBODAcceptGump.cs","73","L73","L73:public override void OnResponse(NetState sender, RelayInfo info); guards=BoundsGuard;StateGuard; review=high-risk gump response path","Fixed","Data/Scripts/Trades/Bulk Orders/Gumps/SmallBODAcceptGump.cs:73-99","SmallBODAcceptGump.OnResponse","Added NetState, Mobile, stale responder, and deleted small deed guards before accepting or deleting the offered small BOD.","Passed: targeted large/small BOD gump guard rg confirmed NetState/Mobile/stale responder/deed/backpack guards before accept, cancel, combine, and SendGump branches; Visual Studio MSBuild Data/System/Source/Server.csproj Debug/x86 passed; .\ConficturaServer.exe -compileonly -nocache exited 0 and printed no Listening output; generated root executable artifacts restored.","POST-BATCH-E-02C","2026-06-09T08:47:50.0228329-05:00","Duplicate gump-guard row for RB-02444 response path."
"POST-BATCH-E-02C","PHE-045","RB-02445","P10-F02445","P1","Runtime hooks","Bulk Orders","Data/Scripts/Trades/Bulk Orders/Gumps/SmallBODGump.cs","71","Gump","Gump:L71:public override void OnResponse(NetState sender, RelayInfo info); guards=BoundsGuard;DeletedGuard;StateGuard","Fixed","Data/Scripts/Trades/Bulk Orders/Gumps/SmallBODGump.cs:71-93","SmallBODGump.OnResponse","Added NetState, Mobile, stale responder, deleted deed, backpack, and child-of-backpack guards before combine handling.","Passed: targeted large/small BOD gump guard rg confirmed NetState/Mobile/stale responder/deed/backpack guards before accept, cancel, combine, and SendGump branches; Visual Studio MSBuild Data/System/Source/Server.csproj Debug/x86 passed; .\ConficturaServer.exe -compileonly -nocache exited 0 and printed no Listening output; generated root executable artifacts restored.","POST-BATCH-E-02C","2026-06-09T08:47:50.0228329-05:00","No behavior change for valid current gump users."
"POST-BATCH-E-02C","PHE-046","RB-03220","P10-F03220","P1","Runtime hooks","Bulk Orders","Data/Scripts/Trades/Bulk Orders/Gumps/SmallBODGump.cs","78","Gump","Gump:L78:m_From.SendGump(new SmallBODGump(m_From, m_Deed));; guards=BoundsGuard;DeletedGuard;StateGuard","Fixed","Data/Scripts/Trades/Bulk Orders/Gumps/SmallBODGump.cs:71-93","SmallBODGump.OnResponse combine branch","Guarded stale responder/deed/backpack state before resending SmallBODGump and starting combine.","Passed: targeted large/small BOD gump guard rg confirmed NetState/Mobile/stale responder/deed/backpack guards before accept, cancel, combine, and SendGump branches; Visual Studio MSBuild Data/System/Source/Server.csproj Debug/x86 passed; .\ConficturaServer.exe -compileonly -nocache exited 0 and printed no Listening output; generated root executable artifacts restored.","POST-BATCH-E-02C","2026-06-09T08:47:50.0228329-05:00","Companion SendGump marker covered by the response-entry guard."
"POST-BATCH-E-02C","PHE-047","RB-03489","P10-F03489","P1","Gump guards","Bulk Orders","Data/Scripts/Trades/Bulk Orders/Gumps/SmallBODGump.cs","71","L71","L71:public override void OnResponse(NetState sender, RelayInfo info); guards=BoundsGuard;DeletedGuard;StateGuard; review=high-risk gump response path","Fixed","Data/Scripts/Trades/Bulk Orders/Gumps/SmallBODGump.cs:71-93","SmallBODGump.OnResponse","Added NetState, Mobile, stale responder, deleted deed, backpack, and child-of-backpack guards before combine handling.","Passed: targeted large/small BOD gump guard rg confirmed NetState/Mobile/stale responder/deed/backpack guards before accept, cancel, combine, and SendGump branches; Visual Studio MSBuild Data/System/Source/Server.csproj Debug/x86 passed; .\ConficturaServer.exe -compileonly -nocache exited 0 and printed no Listening output; generated root executable artifacts restored.","POST-BATCH-E-02C","2026-06-09T08:47:50.0228329-05:00","Duplicate gump-guard row for RB-02445 response path."
"POST-BATCH-E-02C","PHE-048","RB-04175","P10-F04175","P1","Gump guards","Bulk Orders","Data/Scripts/Trades/Bulk Orders/Gumps/SmallBODGump.cs","78","L78","L78:m_From.SendGump(new SmallBODGump(m_From, m_Deed));; guards=BoundsGuard;DeletedGuard;StateGuard; review=high-risk gump response path","Fixed","Data/Scripts/Trades/Bulk Orders/Gumps/SmallBODGump.cs:71-93","SmallBODGump.OnResponse combine branch","Guarded stale responder/deed/backpack state before resending SmallBODGump and starting combine.","Passed: targeted large/small BOD gump guard rg confirmed NetState/Mobile/stale responder/deed/backpack guards before accept, cancel, combine, and SendGump branches; Visual Studio MSBuild Data/System/Source/Server.csproj Debug/x86 passed; .\ConficturaServer.exe -compileonly -nocache exited 0 and printed no Listening output; generated root executable artifacts restored.","POST-BATCH-E-02C","2026-06-09T08:47:50.0228329-05:00","Duplicate gump-send row for RB-03220."
"POST-BATCH-E-03A","PHE-049","RB-01997","P10-F01997","P1","Runtime hooks","Champions","Data/Scripts/Custom/Champions/Mobiles/Minions/PlagueBeastLord.cs","130","Movement","Movement:L130:public override void OnMovement(Mobile m, Point3D oldLocation); guards=AccessGuard;BoundsGuard;DeletedGuard;NullGuard;PacketReadGuard;RangeGuard;StateGuard","Fixed","Data/Scripts/Custom/Champions/Mobiles/Minions/PlagueBeastLord.cs:130-145","PlagueBeastLord.OnMovement","Added null/deleted mover and deleted backpack guards before IsAccessibleTo and SendRemovePacket.","Passed: targeted PlagueBeastLord movement-hook rg confirmed mover/backpack guards before SendRemovePacket; Visual Studio MSBuild Data/System/Source/Server.csproj Debug/x86 passed; .\ConficturaServer.exe -compileonly -nocache exited 0 and printed no Listening output; generated root executable artifacts restored.","POST-BATCH-E-03A","2026-06-09T08:53:45.8104115-05:00","Companion movement hook declaration row; no valid-mover behavior change."
"POST-BATCH-E-03A","PHE-050","RB-01998","P10-F01998","P1","Runtime hooks","Champions","Data/Scripts/Custom/Champions/Mobiles/Minions/PlagueBeastLord.cs","132","Movement","Movement:L132:base.OnMovement(m, oldLocation);; guards=AccessGuard;BoundsGuard;DeletedGuard;NullGuard;PacketReadGuard;RangeGuard;StateGuard","Fixed","Data/Scripts/Custom/Champions/Mobiles/Minions/PlagueBeastLord.cs:130-145","PlagueBeastLord.OnMovement after base call","Guarded post-base movement hook path before accessibility checks and backpack remove packet.","Passed: targeted PlagueBeastLord movement-hook rg confirmed mover/backpack guards before SendRemovePacket; Visual Studio MSBuild Data/System/Source/Server.csproj Debug/x86 passed; .\ConficturaServer.exe -compileonly -nocache exited 0 and printed no Listening output; generated root executable artifacts restored.","POST-BATCH-E-03A","2026-06-09T08:53:45.8104115-05:00","Companion base-call marker row for the same movement hook."
"POST-BATCH-E-04A","PHE-051","RB-01709","P10-F01709","P1","Runtime hooks","Clone Offline Player Characters","Data/Scripts/Custom/CloneOfflinePlayerCharacters/CloneOfflinePlayerCharacters.cs","21","Event","Event:L21:EventSink.Logout += OnLogout;; guards=AccessGuard;MapGuard;NullGuard","Fixed","Data/Scripts/Custom/CloneOfflinePlayerCharacters/CloneOfflinePlayerCharacters.cs:19-23;200-218","CloneOfflinePlayerCharacters.Initialize/OnLogout","Added LogoutEventArgs, Mobile, and deleted-mobile guards before clone creation and reused the guarded Mobile reference.","Passed: targeted CloneOfflinePlayerCharacters login/logout hook rg confirmed event registrations and OnLogout/OnLogin guards; Visual Studio MSBuild Data/System/Source/Server.csproj Debug/x86 passed; .\ConficturaServer.exe -compileonly -nocache exited 0 and printed no Listening output; generated root executable artifacts restored.","POST-BATCH-E-04A","2026-06-09T08:59:47.3063697-05:00","No behavior change for valid player logout events."
"POST-BATCH-E-04A","PHE-052","RB-01710","P10-F01710","P1","Runtime hooks","Clone Offline Player Characters","Data/Scripts/Custom/CloneOfflinePlayerCharacters/CloneOfflinePlayerCharacters.cs","22","Event","Event:L22:EventSink.Login += OnLogin;; guards=AccessGuard;MapGuard;NullGuard","Fixed","Data/Scripts/Custom/CloneOfflinePlayerCharacters/CloneOfflinePlayerCharacters.cs:19-23;224-229","CloneOfflinePlayerCharacters.Initialize/OnLogin","Added LoginEventArgs, Mobile, and deleted-mobile guards before clone deletion lookup.","Passed: targeted CloneOfflinePlayerCharacters login/logout hook rg confirmed event registrations and OnLogout/OnLogin guards; Visual Studio MSBuild Data/System/Source/Server.csproj Debug/x86 passed; .\ConficturaServer.exe -compileonly -nocache exited 0 and printed no Listening output; generated root executable artifacts restored.","POST-BATCH-E-04A","2026-06-09T08:59:47.3063697-05:00","Prevents invalid login events from deleting clones with null originals."
"POST-BATCH-E-05A","PHE-053","RB-03221","P10-F03221","P1","Runtime hooks","Crafting Core","Data/Scripts/Trades/Core/Repair.cs","535","Gump","Gump:L535:from.SendGump(new CraftGump(from, m_CraftSystem, m_Tool, number));; guards=NullGuard;RangeGuard;StateGuard","Fixed","Data/Scripts/Trades/Core/Repair.cs:205-541","Repair.InternalTarget.OnTarget","Added targeter, craft-system, target, and tool guards before repair processing and CraftGump resend.","Passed: targeted Repair.cs guard rg confirmed OnTarget entry guards and tool guards before CraftGump resend; Visual Studio MSBuild Data/System/Source/Server.csproj Debug/x86 passed; .\ConficturaServer.exe -compileonly -nocache exited 0 and printed no Listening output; generated root executable artifacts restored.","POST-BATCH-E-05A","2026-06-09T09:04:23.2376728-05:00","No behavior change for valid repair targets and live tools."
"POST-BATCH-E-05A","PHE-054","RB-04176","P10-F04176","P1","Gump guards","Crafting Core","Data/Scripts/Trades/Core/Repair.cs","535","L535","L535:from.SendGump(new CraftGump(from, m_CraftSystem, m_Tool, number));; guards=NullGuard;RangeGuard;StateGuard; review=bounds/button review","Fixed","Data/Scripts/Trades/Core/Repair.cs:205-541","Repair.InternalTarget.OnTarget CraftGump resend","Guarded null/deleted targeter state and stale/deleted tool state before sending the follow-up CraftGump.","Passed: targeted Repair.cs guard rg confirmed OnTarget entry guards and tool guards before CraftGump resend; Visual Studio MSBuild Data/System/Source/Server.csproj Debug/x86 passed; .\ConficturaServer.exe -compileonly -nocache exited 0 and printed no Listening output; generated root executable artifacts restored.","POST-BATCH-E-05A","2026-06-09T09:04:23.2376728-05:00","Companion gump-guard row for the same CraftGump resend path."
"POST-BATCH-E-06A","PHE-055","RB-01896","P10-F01896","P1","Runtime hooks","Custom:AnimalSystem","Data/Scripts/Custom/AnimalSystem/ShapeShiftStones/FaeryShapeChangeStone.cs","61","Speech","Speech:L61:public override void OnSpeech( SpeechEventArgs e ); guards=AccessGuard;BoundsGuard;PacketReadGuard;StateGuard","Fixed","Data/Scripts/Custom/AnimalSystem/ShapeShiftStones/FaeryShapeChangeStone.cs:61-92","FaerieShapeShiftStone.OnSpeech","Added SpeechEventArgs, Mobile, deleted-mobile, backpack, and deleted-backpack guards before keyword handling.","Passed: targeted Faery shape-stone speech guard rg confirmed speech-event/mobile/backpack guards before keyword handling and base.OnSpeech; Visual Studio MSBuild Data/System/Source/Server.csproj Debug/x86 passed; .\ConficturaServer.exe -compileonly -nocache exited 0 and printed no Listening output; generated root executable artifacts restored.","POST-BATCH-E-06A","2026-06-09T09:08:45.1217761-05:00","No behavior change for valid speech from the stone owner's backpack."
"POST-BATCH-E-06A","PHE-056","RB-01897","P10-F01897","P1","Runtime hooks","Custom:AnimalSystem","Data/Scripts/Custom/AnimalSystem/ShapeShiftStones/FaeryShapeChangeStone.cs","89","Speech","Speech:L89:base.OnSpeech( e );; guards=AccessGuard;BoundsGuard;PacketReadGuard;StateGuard","Fixed","Data/Scripts/Custom/AnimalSystem/ShapeShiftStones/FaeryShapeChangeStone.cs:61-92","FaerieShapeShiftStone.OnSpeech base call","Guarded invalid speech events before the base speech hook and backpack access.","Passed: targeted Faery shape-stone speech guard rg confirmed speech-event/mobile/backpack guards before keyword handling and base.OnSpeech; Visual Studio MSBuild Data/System/Source/Server.csproj Debug/x86 passed; .\ConficturaServer.exe -compileonly -nocache exited 0 and printed no Listening output; generated root executable artifacts restored.","POST-BATCH-E-06A","2026-06-09T09:08:45.1217761-05:00","Companion base-call marker row for the same speech hook."
"POST-BATCH-E-07A","PHE-057","RB-01898","P10-F01898","P1","Runtime hooks","Custom:AnimalSystem","Data/Scripts/Custom/AnimalSystem/ShapeShiftStones/FelinusShapeChangeStone.cs","73","Speech","Speech:L73:public override void OnSpeech(SpeechEventArgs e); guards=AccessGuard;BoundsGuard;PacketReadGuard;StateGuard","Fixed","Data/Scripts/Custom/AnimalSystem/ShapeShiftStones/FelinusShapeChangeStone.cs:73-104","FelinusShapeShiftStone.OnSpeech","Added SpeechEventArgs, Mobile, deleted-mobile, backpack, and deleted-backpack guards before keyword handling.","Passed: targeted Felinus shape-stone guard rg confirmed speech, gump response, and context-menu send guards; Visual Studio MSBuild Data/System/Source/Server.csproj Debug/x86 passed; .\ConficturaServer.exe -compileonly -nocache exited 0 and printed no Listening output; generated root executable artifacts restored.","POST-BATCH-E-07A","2026-06-09T09:13:27.3774610-05:00","No behavior change for valid speech from the stone owner's backpack."
"POST-BATCH-E-07A","PHE-058","RB-01899","P10-F01899","P1","Runtime hooks","Custom:AnimalSystem","Data/Scripts/Custom/AnimalSystem/ShapeShiftStones/FelinusShapeChangeStone.cs","101","Speech","Speech:L101:base.OnSpeech(e);; guards=AccessGuard;BoundsGuard;PacketReadGuard;StateGuard","Fixed","Data/Scripts/Custom/AnimalSystem/ShapeShiftStones/FelinusShapeChangeStone.cs:73-104","FelinusShapeShiftStone.OnSpeech base call","Guarded invalid speech events before the base speech hook and backpack access.","Passed: targeted Felinus shape-stone guard rg confirmed speech, gump response, and context-menu send guards; Visual Studio MSBuild Data/System/Source/Server.csproj Debug/x86 passed; .\ConficturaServer.exe -compileonly -nocache exited 0 and printed no Listening output; generated root executable artifacts restored.","POST-BATCH-E-07A","2026-06-09T09:13:27.3774610-05:00","Companion base-call marker row for the same speech hook."
"POST-BATCH-E-07A","PHE-059","RB-02209","P10-F02209","P1","Runtime hooks","Custom:AnimalSystem","Data/Scripts/Custom/AnimalSystem/ShapeShiftStones/FelinusShapeChangeStone.cs","185","Gump","Gump:L185:public override void OnResponse(NetState sender, RelayInfo info); guards=AccessGuard;BoundsGuard;PacketReadGuard;StateGuard","Fixed","Data/Scripts/Custom/AnimalSystem/ShapeShiftStones/FelinusShapeChangeStone.cs:188-213","FelinusShapeShiftStone.HueGump.OnResponse","Added NetState, Mobile, stale-user, and deleted-stone guards before hue button handling.","Passed: targeted Felinus shape-stone guard rg confirmed speech, gump response, and context-menu send guards; Visual Studio MSBuild Data/System/Source/Server.csproj Debug/x86 passed; .\ConficturaServer.exe -compileonly -nocache exited 0 and printed no Listening output; generated root executable artifacts restored.","POST-BATCH-E-07A","2026-06-09T09:13:27.3774610-05:00","No behavior change for valid current HueGump responders."
"POST-BATCH-E-07A","PHE-060","RB-02545","P10-F02545","P1","Runtime hooks","Custom:AnimalSystem","Data/Scripts/Custom/AnimalSystem/ShapeShiftStones/FelinusShapeChangeStone.cs","224","Gump","Gump:L224:m_From.SendGump(new HueGump(WSS, m_From));; guards=AccessGuard;BoundsGuard;PacketReadGuard;StateGuard","Fixed","Data/Scripts/Custom/AnimalSystem/ShapeShiftStones/FelinusShapeChangeStone.cs:218-245","FelinusShapeShiftStone.ChangeHue.OnClick","Added stored Mobile and stone null/deleted guards before opening HueGump.","Passed: targeted Felinus shape-stone guard rg confirmed speech, gump response, and context-menu send guards; Visual Studio MSBuild Data/System/Source/Server.csproj Debug/x86 passed; .\ConficturaServer.exe -compileonly -nocache exited 0 and printed no Listening output; generated root executable artifacts restored.","POST-BATCH-E-07A","2026-06-09T09:13:27.3774610-05:00","No behavior change for valid live context-menu users."
"POST-BATCH-E-07A","PHE-061","RB-03253","P10-F03253","P1","Gump guards","Custom:AnimalSystem","Data/Scripts/Custom/AnimalSystem/ShapeShiftStones/FelinusShapeChangeStone.cs","185","L185","L185:public override void OnResponse(NetState sender, RelayInfo info); guards=AccessGuard;BoundsGuard;PacketReadGuard;StateGuard; review=high-risk gump response path","Fixed","Data/Scripts/Custom/AnimalSystem/ShapeShiftStones/FelinusShapeChangeStone.cs:188-213","FelinusShapeShiftStone.HueGump.OnResponse","Guarded null/deleted responder state, stale stored user, and deleted stone state before hue changes.","Passed: targeted Felinus shape-stone guard rg confirmed speech, gump response, and context-menu send guards; Visual Studio MSBuild Data/System/Source/Server.csproj Debug/x86 passed; .\ConficturaServer.exe -compileonly -nocache exited 0 and printed no Listening output; generated root executable artifacts restored.","POST-BATCH-E-07A","2026-06-09T09:13:27.3774610-05:00","Companion gump-guard row for RB-02209."
"POST-BATCH-E-07A","PHE-062","RB-03500","P10-F03500","P1","Gump guards","Custom:AnimalSystem","Data/Scripts/Custom/AnimalSystem/ShapeShiftStones/FelinusShapeChangeStone.cs","224","L224","L224:m_From.SendGump(new HueGump(WSS, m_From));; guards=AccessGuard;BoundsGuard;PacketReadGuard;StateGuard; review=high-risk gump response path","Fixed","Data/Scripts/Custom/AnimalSystem/ShapeShiftStones/FelinusShapeChangeStone.cs:218-245","FelinusShapeShiftStone.ChangeHue.OnClick","Guarded stale stored Mobile and stone state before sending HueGump.","Passed: targeted Felinus shape-stone guard rg confirmed speech, gump response, and context-menu send guards; Visual Studio MSBuild Data/System/Source/Server.csproj Debug/x86 passed; .\ConficturaServer.exe -compileonly -nocache exited 0 and printed no Listening output; generated root executable artifacts restored.","POST-BATCH-E-07A","2026-06-09T09:13:27.3774610-05:00","Companion gump-send row for RB-02545."
